2026-08-18 14:35:13,529 - root - INFO - Logging configured successfully.
2026-08-18 14:35:13,529 - root - INFO - Log level: INFO, Log file: logs\last.log
2026-08-18 14:35:13,529 - corrector.core.run - INFO - Starting bounded random-walk hysteresis data collection
2026-08-18 14:35:13,531 - corrector.core.run - INFO - Dataset is appended durably to hysteresis_dataset_20260818_143513_530862.jsonl
2026-08-18 14:35:13,531 - flexsem.state.manager - INFO - Connecting to 192.168.1.1:3000
2026-08-18 14:35:13,532 - flexsem.state.manager - INFO - Connected to 192.168.1.1:3000
2026-08-18 14:35:13,533 - corrector.core.run - INFO - Connected to 0300
2026-08-18 14:35:13,554 - corrector.core.run - INFO - Random-walk base x=431650nm y=-1670950nm, radius=20000nm, seed=1787056513554066400
2026-08-18 14:35:14,059 - corrector.core.run - INFO - Moved to random-walk base motor command x=431650nm y=-1670950nm
2026-08-18 14:35:19,680 - corrector.core.run - INFO - Random-walk step 1/20000: motor target x=434357nm y=-1682060nm
2026-08-18 14:35:25,581 - corrector.core.run - INFO - Random-walk step 2/20000: motor target x=416470nm y=-1676374nm
2026-08-18 14:35:31,137 - corrector.core.run - INFO - Random-walk step 3/20000: motor target x=416394nm y=-1676348nm
2026-08-18 14:35:37,388 - corrector.core.run - INFO - Random-walk step 4/20000: motor target x=417732nm y=-1666088nm
2026-08-18 14:35:43,081 - corrector.core.run - INFO - Random-walk step 5/20000: motor target x=418632nm y=-1664822nm
2026-08-18 14:35:48,395 - corrector.core.run - INFO - Random-walk step 6/20000: motor target x=422768nm y=-1662725nm
2026-08-18 14:35:54,503 - corrector.core.run - INFO - Random-walk step 7/20000: motor target x=421863nm y=-1664740nm
2026-08-18 14:36:00,113 - corrector.core.run - INFO - Random-walk step 8/20000: motor target x=421761nm y=-1665570nm
2026-08-18 14:36:05,563 - corrector.core.run - INFO - Random-walk step 9/20000: motor target x=421763nm y=-1667674nm
2026-08-18 14:36:11,710 - corrector.core.run - INFO - Random-walk step 10/20000: motor target x=421004nm y=-1668135nm
2026-08-18 14:36:17,406 - corrector.core.run - INFO - Random-walk step 11/20000: motor target x=416560nm y=-1667536nm
2026-08-18 14:36:23,212 - corrector.core.run - INFO - Random-walk step 12/20000: motor target x=416731nm y=-1667135nm
2026-08-18 14:36:28,928 - corrector.core.run - INFO - Random-walk step 13/20000: motor target x=416431nm y=-1667145nm
2026-08-18 14:36:34,722 - corrector.core.run - INFO - Random-walk step 14/20000: motor target x=421932nm y=-1662290nm
2026-08-18 14:36:40,528 - corrector.core.run - INFO - Random-walk step 15/20000: motor target x=425400nm y=-1652034nm
2026-08-18 14:36:46,275 - corrector.core.run - INFO - Random-walk step 16/20000: motor target x=425471nm y=-1652124nm
2026-08-18 14:36:52,165 - corrector.core.run - INFO - Random-walk step 17/20000: motor target x=428773nm y=-1658388nm
2026-08-18 14:36:58,181 - corrector.core.run - INFO - Random-walk step 18/20000: motor target x=428195nm y=-1658539nm
2026-08-18 14:37:03,738 - corrector.core.run - INFO - Random-walk step 19/20000: motor target x=428213nm y=-1658296nm
2026-08-18 14:37:09,712 - corrector.core.run - INFO - Random-walk step 20/20000: motor target x=428435nm y=-1667347nm
2026-08-18 14:37:16,112 - corrector.core.run - INFO - Random-walk step 21/20000: motor target x=420956nm y=-1665792nm
2026-08-18 14:37:21,435 - corrector.core.run - INFO - Random-walk step 22/20000: motor target x=420977nm y=-1666744nm
2026-08-18 14:37:26,850 - corrector.core.run - INFO - Random-walk step 23/20000: motor target x=430254nm y=-1675372nm
2026-08-18 14:37:32,547 - corrector.core.run - INFO - Random-walk step 24/20000: motor target x=430349nm y=-1667869nm
2026-08-18 14:37:38,383 - corrector.core.run - INFO - Random-walk step 25/20000: motor target x=424447nm y=-1671362nm
2026-08-18 14:37:44,216 - corrector.core.run - INFO - Random-walk step 26/20000: motor target x=423915nm y=-1671152nm
2026-08-18 14:37:49,733 - corrector.core.run - INFO - Random-walk step 27/20000: motor target x=423978nm y=-1671281nm
2026-08-18 14:37:55,621 - corrector.core.run - INFO - Random-walk step 28/20000: motor target x=424565nm y=-1673380nm
2026-08-18 14:38:01,440 - corrector.core.run - INFO - Random-walk step 29/20000: motor target x=429321nm y=-1672629nm
2026-08-18 14:38:07,517 - corrector.core.run - INFO - Random-walk step 30/20000: motor target x=430489nm y=-1671161nm
2026-08-18 14:38:12,581 - corrector.core.run - INFO - Random-walk step 31/20000: motor target x=430519nm y=-1671233nm
2026-08-18 14:38:18,322 - corrector.core.run - INFO - Random-walk step 32/20000: motor target x=430366nm y=-1671311nm
2026-08-18 14:38:24,123 - corrector.core.run - INFO - Random-walk step 33/20000: motor target x=426048nm y=-1667950nm
2026-08-18 14:38:30,209 - corrector.core.run - INFO - Random-walk step 34/20000: motor target x=422063nm y=-1669167nm
2026-08-18 14:38:35,685 - corrector.core.run - INFO - Random-walk step 35/20000: motor target x=439316nm y=-1671719nm
2026-08-18 14:38:41,431 - corrector.core.run - INFO - Random-walk step 36/20000: motor target x=437499nm y=-1658841nm
2026-08-18 14:38:47,069 - corrector.core.run - INFO - Random-walk step 37/20000: motor target x=434157nm y=-1653176nm
2026-08-18 14:38:52,998 - corrector.core.run - INFO - Random-walk step 38/20000: motor target x=440652nm y=-1653995nm
2026-08-18 14:38:59,009 - corrector.core.run - INFO - Random-walk step 39/20000: motor target x=442097nm y=-1670396nm
2026-08-18 14:39:04,308 - corrector.core.run - INFO - Random-walk step 40/20000: motor target x=437709nm y=-1672105nm
2026-08-18 14:39:10,127 - corrector.core.run - INFO - Random-walk step 41/20000: motor target x=437194nm y=-1674239nm
2026-08-18 14:39:15,625 - corrector.core.run - INFO - Random-walk step 42/20000: motor target x=437155nm y=-1674150nm
2026-08-18 14:39:21,714 - corrector.core.run - INFO - Random-walk step 43/20000: motor target x=439157nm y=-1674933nm
2026-08-18 14:39:27,186 - corrector.core.run - INFO - Random-walk step 44/20000: motor target x=436827nm y=-1672340nm
2026-08-18 14:39:32,960 - corrector.core.run - INFO - Random-walk step 45/20000: motor target x=437122nm y=-1672234nm
2026-08-18 14:39:38,804 - corrector.core.run - INFO - Random-walk step 46/20000: motor target x=437581nm y=-1671875nm
2026-08-18 14:39:44,908 - corrector.core.run - INFO - Random-walk step 47/20000: motor target x=424137nm y=-1670380nm
2026-08-18 14:39:50,480 - corrector.core.run - INFO - Random-walk step 48/20000: motor target x=426252nm y=-1671567nm
2026-08-18 14:39:56,158 - corrector.core.run - INFO - Random-walk step 49/20000: motor target x=428887nm y=-1672445nm
2026-08-18 14:40:02,061 - corrector.core.run - INFO - Random-walk step 50/20000: motor target x=427898nm y=-1671087nm
2026-08-18 14:40:07,461 - corrector.core.run - INFO - Random-walk step 51/20000: motor target x=427206nm y=-1671403nm
2026-08-18 14:40:13,207 - corrector.core.run - INFO - Random-walk step 52/20000: motor target x=426428nm y=-1671416nm
2026-08-18 14:40:18,802 - corrector.core.run - INFO - Random-walk step 53/20000: motor target x=426267nm y=-1671729nm
2026-08-18 14:40:24,722 - corrector.core.run - INFO - Random-walk step 54/20000: motor target x=426979nm y=-1671748nm
2026-08-18 14:40:30,224 - corrector.core.run - INFO - Random-walk step 55/20000: motor target x=427170nm y=-1671556nm
2026-08-18 14:40:36,461 - corrector.core.run - INFO - Random-walk step 56/20000: motor target x=425056nm y=-1672603nm
2026-08-18 14:40:41,965 - corrector.core.run - INFO - Random-walk step 57/20000: motor target x=425423nm y=-1672536nm
2026-08-18 14:40:47,784 - corrector.core.run - INFO - Random-walk step 58/20000: motor target x=427662nm y=-1673194nm
2026-08-18 14:40:53,421 - corrector.core.run - INFO - Random-walk step 59/20000: motor target x=423387nm y=-1683594nm
2026-08-18 14:40:59,042 - corrector.core.run - INFO - Random-walk step 60/20000: motor target x=423642nm y=-1683374nm
2026-08-18 14:41:05,205 - corrector.core.run - INFO - Random-walk step 61/20000: motor target x=421467nm y=-1682292nm
2026-08-18 14:41:10,963 - corrector.core.run - INFO - Random-walk step 62/20000: motor target x=420202nm y=-1681749nm
2026-08-18 14:41:16,385 - corrector.core.run - INFO - Random-walk step 63/20000: motor target x=419461nm y=-1681754nm
2026-08-18 14:41:22,505 - corrector.core.run - INFO - Random-walk step 64/20000: motor target x=423213nm y=-1680211nm
2026-08-18 14:41:27,737 - corrector.core.run - INFO - Random-walk step 65/20000: motor target x=427324nm y=-1682536nm
2026-08-18 14:41:33,423 - corrector.core.run - INFO - Random-walk step 66/20000: motor target x=429058nm y=-1680513nm
2026-08-18 14:41:39,668 - corrector.core.run - INFO - Random-walk step 67/20000: motor target x=427548nm y=-1678826nm
2026-08-18 14:41:44,827 - corrector.core.run - INFO - Random-walk step 68/20000: motor target x=427612nm y=-1678800nm
2026-08-18 14:41:51,134 - corrector.core.run - INFO - Random-walk step 69/20000: motor target x=426090nm y=-1678440nm
2026-08-18 14:41:56,703 - corrector.core.run - INFO - Random-walk step 70/20000: motor target x=426833nm y=-1677481nm
2026-08-18 14:42:02,503 - corrector.core.run - INFO - Random-walk step 71/20000: motor target x=425564nm y=-1679683nm
2026-08-18 14:42:07,782 - corrector.core.run - INFO - Random-walk step 72/20000: motor target x=425423nm y=-1683578nm
2026-08-18 14:42:13,597 - corrector.core.run - INFO - Random-walk step 73/20000: motor target x=425870nm y=-1684093nm
2026-08-18 14:42:19,339 - corrector.core.run - INFO - Random-walk step 74/20000: motor target x=428981nm y=-1669977nm
2026-08-18 14:42:25,034 - corrector.core.run - INFO - Random-walk step 75/20000: motor target x=427323nm y=-1668390nm
2026-08-18 14:42:30,655 - corrector.core.run - INFO - Random-walk step 76/20000: motor target x=427281nm y=-1668347nm
2026-08-18 14:42:36,624 - corrector.core.run - INFO - Random-walk step 77/20000: motor target x=426998nm y=-1667971nm
2026-08-18 14:42:42,215 - corrector.core.run - INFO - Random-walk step 78/20000: motor target x=426708nm y=-1667926nm
2026-08-18 14:42:48,017 - corrector.core.run - INFO - Random-walk step 79/20000: motor target x=424478nm y=-1667642nm
2026-08-18 14:42:53,696 - corrector.core.run - INFO - Random-walk step 80/20000: motor target x=424792nm y=-1667438nm
2026-08-18 14:42:59,632 - corrector.core.run - INFO - Random-walk step 81/20000: motor target x=425492nm y=-1664585nm
2026-08-18 14:43:05,374 - corrector.core.run - INFO - Random-walk step 82/20000: motor target x=425583nm y=-1664192nm
2026-08-18 14:43:11,150 - corrector.core.run - INFO - Random-walk step 83/20000: motor target x=425095nm y=-1661561nm
2026-08-18 14:43:16,823 - corrector.core.run - INFO - Random-walk step 84/20000: motor target x=425123nm y=-1661888nm
2026-08-18 14:43:22,437 - corrector.core.run - INFO - Random-walk step 85/20000: motor target x=424900nm y=-1661812nm
2026-08-18 14:43:28,566 - corrector.core.run - INFO - Random-walk step 86/20000: motor target x=425888nm y=-1662666nm
2026-08-18 14:43:33,911 - corrector.core.run - INFO - Random-walk step 87/20000: motor target x=426017nm y=-1662351nm
2026-08-18 14:43:39,766 - corrector.core.run - INFO - Random-walk step 88/20000: motor target x=426469nm y=-1662411nm
2026-08-18 14:43:45,433 - corrector.core.run - INFO - Random-walk step 89/20000: motor target x=431229nm y=-1662549nm
2026-08-18 14:43:51,185 - corrector.core.run - INFO - Random-walk step 90/20000: motor target x=429113nm y=-1666619nm
2026-08-18 14:43:56,907 - corrector.core.run - INFO - Random-walk step 91/20000: motor target x=433778nm y=-1664836nm
2026-08-18 14:44:03,014 - corrector.core.run - INFO - Random-walk step 92/20000: motor target x=432494nm y=-1672865nm
2026-08-18 14:44:08,603 - corrector.core.run - INFO - Random-walk step 93/20000: motor target x=430868nm y=-1671985nm
2026-08-18 14:44:14,302 - corrector.core.run - INFO - Random-walk step 94/20000: motor target x=428944nm y=-1671187nm
2026-08-18 14:44:19,717 - corrector.core.run - INFO - Random-walk step 95/20000: motor target x=429001nm y=-1671103nm
2026-08-18 14:44:25,838 - corrector.core.run - INFO - Random-walk step 96/20000: motor target x=428046nm y=-1670737nm
2026-08-18 14:44:31,672 - corrector.core.run - INFO - Random-walk step 97/20000: motor target x=429417nm y=-1666801nm
2026-08-18 14:44:37,141 - corrector.core.run - INFO - Random-walk step 98/20000: motor target x=429395nm y=-1667466nm
2026-08-18 14:44:43,174 - corrector.core.run - INFO - Random-walk step 99/20000: motor target x=430085nm y=-1666122nm
2026-08-18 14:44:48,467 - corrector.core.run - INFO - Random-walk step 100/20000: motor target x=422303nm y=-1677011nm
2026-08-18 14:44:54,155 - corrector.core.run - INFO - Random-walk step 101/20000: motor target x=422514nm y=-1676716nm
2026-08-18 14:44:59,984 - corrector.core.run - INFO - Random-walk step 102/20000: motor target x=422554nm y=-1677091nm
2026-08-18 14:45:05,779 - corrector.core.run - INFO - Random-walk step 103/20000: motor target x=421844nm y=-1676611nm
2026-08-18 14:45:11,340 - corrector.core.run - INFO - Random-walk step 104/20000: motor target x=424053nm y=-1676494nm
2026-08-18 14:45:17,105 - corrector.core.run - INFO - Random-walk step 105/20000: motor target x=430506nm y=-1666080nm
2026-08-18 14:45:22,826 - corrector.core.run - INFO - Random-walk step 106/20000: motor target x=426950nm y=-1666345nm
2026-08-18 14:45:29,045 - corrector.core.run - INFO - Random-walk step 107/20000: motor target x=425249nm y=-1667747nm
2026-08-18 14:45:34,292 - corrector.core.run - INFO - Random-walk step 108/20000: motor target x=426849nm y=-1672446nm
2026-08-18 14:45:39,990 - corrector.core.run - INFO - Random-walk step 109/20000: motor target x=426494nm y=-1672567nm
2026-08-18 14:45:45,894 - corrector.core.run - INFO - Random-walk step 110/20000: motor target x=425936nm y=-1672338nm
2026-08-18 14:45:51,718 - corrector.core.run - INFO - Random-walk step 111/20000: motor target x=425255nm y=-1671655nm
2026-08-18 14:45:57,256 - corrector.core.run - INFO - Random-walk step 112/20000: motor target x=425772nm y=-1671622nm
2026-08-18 14:46:02,935 - corrector.core.run - INFO - Random-walk step 113/20000: motor target x=426009nm y=-1671721nm
2026-08-18 14:46:08,912 - corrector.core.run - INFO - Random-walk step 114/20000: motor target x=425304nm y=-1681051nm
2026-08-18 14:46:14,489 - corrector.core.run - INFO - Random-walk step 115/20000: motor target x=422377nm y=-1684587nm
2026-08-18 14:46:20,454 - corrector.core.run - INFO - Random-walk step 116/20000: motor target x=422976nm y=-1684153nm
2026-08-18 14:46:26,104 - corrector.core.run - INFO - Random-walk step 117/20000: motor target x=423165nm y=-1683464nm
2026-08-18 14:46:31,708 - corrector.core.run - INFO - Random-walk step 118/20000: motor target x=423580nm y=-1683948nm
2026-08-18 14:46:37,456 - corrector.core.run - INFO - Random-walk step 119/20000: motor target x=424034nm y=-1684370nm
2026-08-18 14:46:43,117 - corrector.core.run - INFO - Random-walk step 120/20000: motor target x=421893nm y=-1682153nm
2026-08-18 14:46:48,815 - corrector.core.run - INFO - Random-walk step 121/20000: motor target x=421686nm y=-1682245nm
2026-08-18 14:46:54,692 - corrector.core.run - INFO - Random-walk step 122/20000: motor target x=421381nm y=-1682584nm
2026-08-18 14:47:00,681 - corrector.core.run - INFO - Random-walk step 123/20000: motor target x=420402nm y=-1681482nm
2026-08-18 14:47:06,073 - corrector.core.run - INFO - Random-walk step 124/20000: motor target x=422648nm y=-1681888nm
2026-08-18 14:47:12,095 - corrector.core.run - INFO - Random-walk step 125/20000: motor target x=421818nm y=-1682699nm
2026-08-18 14:47:17,489 - corrector.core.run - INFO - Random-walk step 126/20000: motor target x=421834nm y=-1682473nm
2026-08-18 14:47:23,317 - corrector.core.run - INFO - Random-walk step 127/20000: motor target x=421383nm y=-1682247nm
2026-08-18 14:47:29,003 - corrector.core.run - INFO - Random-walk step 128/20000: motor target x=432689nm y=-1679876nm
2026-08-18 14:47:34,808 - corrector.core.run - INFO - Random-walk step 129/20000: motor target x=432666nm y=-1680083nm
2026-08-18 14:47:40,604 - corrector.core.run - INFO - Random-walk step 130/20000: motor target x=437802nm y=-1664025nm
2026-08-18 14:47:46,111 - corrector.core.run - INFO - Random-walk step 131/20000: motor target x=437854nm y=-1664056nm
2026-08-18 14:47:51,989 - corrector.core.run - INFO - Random-walk step 132/20000: motor target x=434550nm y=-1662299nm
2026-08-18 14:47:57,739 - corrector.core.run - INFO - Random-walk step 133/20000: motor target x=434597nm y=-1662711nm
2026-08-18 14:48:03,675 - corrector.core.run - INFO - Random-walk step 134/20000: motor target x=440013nm y=-1661777nm
2026-08-18 14:48:09,176 - corrector.core.run - INFO - Random-walk step 135/20000: motor target x=439534nm y=-1661741nm
2026-08-18 14:48:14,900 - corrector.core.run - INFO - Random-walk step 136/20000: motor target x=436997nm y=-1655678nm
2026-08-18 14:48:21,047 - corrector.core.run - INFO - Random-walk step 137/20000: motor target x=436407nm y=-1656951nm
2026-08-18 14:48:26,320 - corrector.core.run - INFO - Random-walk step 138/20000: motor target x=436617nm y=-1657250nm
2026-08-18 14:48:32,246 - corrector.core.run - INFO - Random-walk step 139/20000: motor target x=436457nm y=-1657828nm
2026-08-18 14:48:37,814 - corrector.core.run - INFO - Random-walk step 140/20000: motor target x=436078nm y=-1657444nm
2026-08-18 14:48:43,516 - corrector.core.run - INFO - Random-walk step 141/20000: motor target x=434444nm y=-1655204nm
2026-08-18 14:48:49,305 - corrector.core.run - INFO - Random-walk step 142/20000: motor target x=437446nm y=-1656931nm
2026-08-18 14:48:55,291 - corrector.core.run - INFO - Random-walk step 143/20000: motor target x=438441nm y=-1660978nm
2026-08-18 14:49:00,831 - corrector.core.run - INFO - Random-walk step 144/20000: motor target x=438176nm y=-1661486nm
2026-08-18 14:49:06,820 - corrector.core.run - INFO - Random-walk step 145/20000: motor target x=437954nm y=-1662246nm
2026-08-18 14:49:12,512 - corrector.core.run - INFO - Random-walk step 146/20000: motor target x=436186nm y=-1661553nm
2026-08-18 14:49:17,946 - corrector.core.run - INFO - Random-walk step 147/20000: motor target x=436194nm y=-1661737nm
2026-08-18 14:49:23,971 - corrector.core.run - INFO - Random-walk step 148/20000: motor target x=435330nm y=-1661565nm
2026-08-18 14:49:29,477 - corrector.core.run - INFO - Random-walk step 149/20000: motor target x=445019nm y=-1664264nm
2026-08-18 14:49:35,558 - corrector.core.run - INFO - Random-walk step 150/20000: motor target x=444033nm y=-1665054nm
2026-08-18 14:49:41,247 - corrector.core.run - INFO - Random-walk step 151/20000: motor target x=443176nm y=-1664542nm
2026-08-18 14:49:46,666 - corrector.core.run - INFO - Random-walk step 152/20000: motor target x=446509nm y=-1664395nm
2026-08-18 14:49:52,343 - corrector.core.run - INFO - Random-walk step 153/20000: motor target x=446465nm y=-1664585nm
2026-08-18 14:49:58,595 - corrector.core.run - INFO - Random-walk step 154/20000: motor target x=445026nm y=-1664960nm
2026-08-18 14:50:04,150 - corrector.core.run - INFO - Random-walk step 155/20000: motor target x=445955nm y=-1664882nm
2026-08-18 14:50:09,607 - corrector.core.run - INFO - Random-walk step 156/20000: motor target x=441530nm y=-1669060nm
2026-08-18 14:50:15,336 - corrector.core.run - INFO - Random-walk step 157/20000: motor target x=444149nm y=-1665466nm
2026-08-18 14:50:20,978 - corrector.core.run - INFO - Random-walk step 158/20000: motor target x=444253nm y=-1665637nm
2026-08-18 14:50:27,198 - corrector.core.run - INFO - Random-walk step 159/20000: motor target x=442948nm y=-1655963nm
2026-08-18 14:50:32,975 - corrector.core.run - INFO - Random-walk step 160/20000: motor target x=442032nm y=-1654720nm
2026-08-18 14:50:38,238 - corrector.core.run - INFO - Random-walk step 161/20000: motor target x=440076nm y=-1656441nm
2026-08-18 14:50:44,307 - corrector.core.run - INFO - Random-walk step 162/20000: motor target x=439087nm y=-1657208nm
2026-08-18 14:50:49,644 - corrector.core.run - INFO - Random-walk step 163/20000: motor target x=439182nm y=-1657005nm
2026-08-18 14:50:55,814 - corrector.core.run - INFO - Random-walk step 164/20000: motor target x=438203nm y=-1658159nm
2026-08-18 14:51:01,500 - corrector.core.run - INFO - Random-walk step 165/20000: motor target x=438199nm y=-1659251nm
2026-08-18 14:51:07,303 - corrector.core.run - INFO - Random-walk step 166/20000: motor target x=436964nm y=-1658932nm
2026-08-18 14:51:12,586 - corrector.core.run - INFO - Random-walk step 167/20000: motor target x=437222nm y=-1658913nm
2026-08-18 14:51:18,388 - corrector.core.run - INFO - Random-walk step 168/20000: motor target x=439938nm y=-1673220nm
2026-08-18 14:51:24,009 - corrector.core.run - INFO - Random-walk step 169/20000: motor target x=439911nm y=-1673143nm
2026-08-18 14:51:29,952 - corrector.core.run - INFO - Random-walk step 170/20000: motor target x=439402nm y=-1672948nm
2026-08-18 14:51:35,962 - corrector.core.run - INFO - Random-walk step 171/20000: motor target x=438154nm y=-1673217nm
2026-08-18 14:51:41,565 - corrector.core.run - INFO - Random-walk step 172/20000: motor target x=438975nm y=-1673283nm
2026-08-18 14:51:47,106 - corrector.core.run - INFO - Random-walk step 173/20000: motor target x=445042nm y=-1671402nm
2026-08-18 14:51:52,871 - corrector.core.run - INFO - Random-walk step 174/20000: motor target x=433481nm y=-1666572nm
2026-08-18 14:51:58,367 - corrector.core.run - INFO - Random-walk step 175/20000: motor target x=433434nm y=-1666546nm
2026-08-18 14:52:04,290 - corrector.core.run - INFO - Random-walk step 176/20000: motor target x=430257nm y=-1663994nm
2026-08-18 14:52:10,024 - corrector.core.run - INFO - Random-walk step 177/20000: motor target x=418904nm y=-1672737nm
2026-08-18 14:52:15,659 - corrector.core.run - INFO - Random-walk step 178/20000: motor target x=421350nm y=-1676650nm
2026-08-18 14:52:21,369 - corrector.core.run - INFO - Random-walk step 179/20000: motor target x=421173nm y=-1676585nm
2026-08-18 14:52:27,265 - corrector.core.run - INFO - Random-walk step 180/20000: motor target x=423200nm y=-1677021nm
2026-08-18 14:52:32,955 - corrector.core.run - INFO - Random-walk step 181/20000: motor target x=422681nm y=-1677292nm
2026-08-18 14:52:38,533 - corrector.core.run - INFO - Random-walk step 182/20000: motor target x=422522nm y=-1677198nm
2026-08-18 14:52:44,331 - corrector.core.run - INFO - Random-walk step 183/20000: motor target x=422461nm y=-1676778nm
2026-08-18 14:52:50,083 - corrector.core.run - INFO - Random-walk step 184/20000: motor target x=416700nm y=-1683428nm
2026-08-18 14:52:55,723 - corrector.core.run - INFO - Random-walk step 185/20000: motor target x=416672nm y=-1683242nm
2026-08-18 14:53:01,637 - corrector.core.run - INFO - Random-walk step 186/20000: motor target x=416437nm y=-1682787nm
2026-08-18 14:53:07,308 - corrector.core.run - INFO - Random-walk step 187/20000: motor target x=416609nm y=-1681080nm
2026-08-18 14:53:13,411 - corrector.core.run - INFO - Random-walk step 188/20000: motor target x=417889nm y=-1682256nm
2026-08-18 14:53:18,800 - corrector.core.run - INFO - Random-walk step 189/20000: motor target x=418385nm y=-1680466nm
2026-08-18 14:53:24,416 - corrector.core.run - INFO - Random-walk step 190/20000: motor target x=422546nm y=-1688184nm
2026-08-18 14:53:30,140 - corrector.core.run - INFO - Random-walk step 191/20000: motor target x=417534nm y=-1681894nm
2026-08-18 14:53:35,974 - corrector.core.run - INFO - Random-walk step 192/20000: motor target x=417370nm y=-1681434nm
2026-08-18 14:53:41,566 - corrector.core.run - INFO - Random-walk step 193/20000: motor target x=417518nm y=-1681217nm
2026-08-18 14:53:47,421 - corrector.core.run - INFO - Random-walk step 194/20000: motor target x=417907nm y=-1681640nm
2026-08-18 14:53:52,936 - corrector.core.run - INFO - Random-walk step 195/20000: motor target x=417877nm y=-1681598nm
2026-08-18 14:53:58,930 - corrector.core.run - INFO - Random-walk step 196/20000: motor target x=424696nm y=-1685567nm
2026-08-18 14:54:04,806 - corrector.core.run - INFO - Random-walk step 197/20000: motor target x=425636nm y=-1685531nm
2026-08-18 14:54:10,492 - corrector.core.run - INFO - Random-walk step 198/20000: motor target x=426375nm y=-1688137nm
2026-08-18 14:54:15,984 - corrector.core.run - INFO - Random-walk step 199/20000: motor target x=430053nm y=-1690107nm
2026-08-18 14:54:22,042 - corrector.core.run - INFO - Random-walk step 200/20000: motor target x=430523nm y=-1689520nm
2026-08-18 14:54:28,004 - corrector.core.run - INFO - Random-walk step 201/20000: motor target x=431777nm y=-1677754nm
2026-08-18 14:54:33,727 - corrector.core.run - INFO - Random-walk step 202/20000: motor target x=433774nm y=-1676412nm
2026-08-18 14:54:39,038 - corrector.core.run - INFO - Random-walk step 203/20000: motor target x=433565nm y=-1676668nm
2026-08-18 14:54:44,993 - corrector.core.run - INFO - Random-walk step 204/20000: motor target x=440741nm y=-1677387nm
2026-08-18 14:54:50,691 - corrector.core.run - INFO - Random-walk step 205/20000: motor target x=441355nm y=-1676880nm
2026-08-18 14:54:56,138 - corrector.core.run - INFO - Random-walk step 206/20000: motor target x=441375nm y=-1676933nm
2026-08-18 14:55:01,952 - corrector.core.run - INFO - Random-walk step 207/20000: motor target x=439105nm y=-1680277nm
2026-08-18 14:55:07,787 - corrector.core.run - INFO - Random-walk step 208/20000: motor target x=438749nm y=-1678121nm
2026-08-18 14:55:13,409 - corrector.core.run - INFO - Random-walk step 209/20000: motor target x=444606nm y=-1678265nm
2026-08-18 14:55:19,145 - corrector.core.run - INFO - Random-walk step 210/20000: motor target x=444650nm y=-1678172nm
2026-08-18 14:55:25,176 - corrector.core.run - INFO - Random-walk step 211/20000: motor target x=449079nm y=-1677299nm
2026-08-18 14:55:30,725 - corrector.core.run - INFO - Random-walk step 212/20000: motor target x=449211nm y=-1679544nm
2026-08-18 14:55:36,452 - corrector.core.run - INFO - Random-walk step 213/20000: motor target x=444992nm y=-1670065nm
2026-08-18 14:55:42,166 - corrector.core.run - INFO - Random-walk step 214/20000: motor target x=447364nm y=-1665355nm
2026-08-18 14:55:48,105 - corrector.core.run - INFO - Random-walk step 215/20000: motor target x=446957nm y=-1666244nm
2026-08-18 14:55:53,748 - corrector.core.run - INFO - Random-walk step 216/20000: motor target x=446314nm y=-1668470nm
2026-08-18 14:55:59,548 - corrector.core.run - INFO - Random-walk step 217/20000: motor target x=446986nm y=-1668729nm
2026-08-18 14:56:04,927 - corrector.core.run - INFO - Random-walk step 218/20000: motor target x=447029nm y=-1668688nm
2026-08-18 14:56:10,771 - corrector.core.run - INFO - Random-walk step 219/20000: motor target x=437337nm y=-1682751nm
2026-08-18 14:56:16,477 - corrector.core.run - INFO - Random-walk step 220/20000: motor target x=435729nm y=-1686078nm
2026-08-18 14:56:22,312 - corrector.core.run - INFO - Random-walk step 221/20000: motor target x=430867nm y=-1673288nm
2026-08-18 14:56:28,184 - corrector.core.run - INFO - Random-walk step 222/20000: motor target x=430225nm y=-1673977nm
2026-08-18 14:56:34,188 - corrector.core.run - INFO - Random-walk step 223/20000: motor target x=428802nm y=-1675006nm
2026-08-18 14:56:39,400 - corrector.core.run - INFO - Random-walk step 224/20000: motor target x=431772nm y=-1676732nm
2026-08-18 14:56:45,151 - corrector.core.run - INFO - Random-walk step 225/20000: motor target x=431403nm y=-1679221nm
2026-08-18 14:56:51,242 - corrector.core.run - INFO - Random-walk step 226/20000: motor target x=423092nm y=-1680271nm
2026-08-18 14:56:56,763 - corrector.core.run - INFO - Random-walk step 227/20000: motor target x=423399nm y=-1680933nm
2026-08-18 14:57:02,578 - corrector.core.run - INFO - Random-walk step 228/20000: motor target x=428389nm y=-1681599nm
2026-08-18 14:57:08,209 - corrector.core.run - INFO - Random-walk step 229/20000: motor target x=427815nm y=-1681225nm
2026-08-18 14:57:13,722 - corrector.core.run - INFO - Random-walk step 230/20000: motor target x=427682nm y=-1681150nm
2026-08-18 14:57:19,593 - corrector.core.run - INFO - Random-walk step 231/20000: motor target x=430444nm y=-1685791nm
2026-08-18 14:57:25,576 - corrector.core.run - INFO - Random-walk step 232/20000: motor target x=429600nm y=-1685969nm
2026-08-18 14:57:31,062 - corrector.core.run - INFO - Random-walk step 233/20000: motor target x=432816nm y=-1683839nm
2026-08-18 14:57:36,982 - corrector.core.run - INFO - Random-walk step 234/20000: motor target x=433211nm y=-1683166nm
2026-08-18 14:57:42,829 - corrector.core.run - INFO - Random-walk step 235/20000: motor target x=434244nm y=-1684085nm
2026-08-18 14:57:48,312 - corrector.core.run - INFO - Random-walk step 236/20000: motor target x=433641nm y=-1683969nm
2026-08-18 14:57:53,885 - corrector.core.run - INFO - Random-walk step 237/20000: motor target x=433445nm y=-1683911nm
2026-08-18 14:57:59,649 - corrector.core.run - INFO - Random-walk step 238/20000: motor target x=435102nm y=-1685680nm
2026-08-18 14:58:05,467 - corrector.core.run - INFO - Random-walk step 239/20000: motor target x=434747nm y=-1686062nm
2026-08-18 14:58:11,411 - corrector.core.run - INFO - Random-walk step 240/20000: motor target x=435541nm y=-1685681nm
2026-08-18 14:58:16,873 - corrector.core.run - INFO - Random-walk step 241/20000: motor target x=435788nm y=-1682943nm
2026-08-18 14:58:22,520 - corrector.core.run - INFO - Random-walk step 242/20000: motor target x=435651nm y=-1682828nm
2026-08-18 14:58:28,294 - corrector.core.run - INFO - Random-walk step 243/20000: motor target x=435791nm y=-1682726nm
2026-08-18 14:58:34,151 - corrector.core.run - INFO - Random-walk step 244/20000: motor target x=435460nm y=-1683085nm
2026-08-18 14:58:39,756 - corrector.core.run - INFO - Random-walk step 245/20000: motor target x=435387nm y=-1682966nm
2026-08-18 14:58:45,666 - corrector.core.run - INFO - Random-walk step 246/20000: motor target x=435784nm y=-1689068nm
2026-08-18 14:58:51,311 - corrector.core.run - INFO - Random-walk step 247/20000: motor target x=442633nm y=-1679374nm
2026-08-18 14:58:57,153 - corrector.core.run - INFO - Random-walk step 248/20000: motor target x=442114nm y=-1679419nm
2026-08-18 14:59:02,726 - corrector.core.run - INFO - Random-walk step 249/20000: motor target x=446592nm y=-1673842nm
2026-08-18 14:59:08,650 - corrector.core.run - INFO - Random-walk step 250/20000: motor target x=446149nm y=-1673220nm
2026-08-18 14:59:14,281 - corrector.core.run - INFO - Random-walk step 251/20000: motor target x=445819nm y=-1666592nm
2026-08-18 14:59:19,888 - corrector.core.run - INFO - Random-walk step 252/20000: motor target x=446016nm y=-1666557nm
2026-08-18 14:59:25,778 - corrector.core.run - INFO - Random-walk step 253/20000: motor target x=443237nm y=-1659263nm
2026-08-18 14:59:31,582 - corrector.core.run - INFO - Random-walk step 254/20000: motor target x=442791nm y=-1659378nm
2026-08-18 14:59:37,608 - corrector.core.run - INFO - Random-walk step 255/20000: motor target x=441606nm y=-1659775nm
2026-08-18 14:59:43,398 - corrector.core.run - INFO - Random-walk step 256/20000: motor target x=440172nm y=-1672442nm
2026-08-18 14:59:48,784 - corrector.core.run - INFO - Random-walk step 257/20000: motor target x=441928nm y=-1672894nm
2026-08-18 14:59:54,404 - corrector.core.run - INFO - Random-walk step 258/20000: motor target x=443808nm y=-1686042nm
2026-08-18 15:00:00,231 - corrector.core.run - INFO - Random-walk step 259/20000: motor target x=444304nm y=-1686070nm
2026-08-18 15:00:06,373 - corrector.core.run - INFO - Random-walk step 260/20000: motor target x=446165nm y=-1684575nm
2026-08-18 15:00:11,821 - corrector.core.run - INFO - Random-walk step 261/20000: motor target x=446916nm y=-1682229nm
2026-08-18 15:00:17,502 - corrector.core.run - INFO - Random-walk step 262/20000: motor target x=446191nm y=-1681614nm
2026-08-18 15:00:23,130 - corrector.core.run - INFO - Random-walk step 263/20000: motor target x=446718nm y=-1681422nm
2026-08-18 15:00:28,757 - corrector.core.run - INFO - Random-walk step 264/20000: motor target x=446786nm y=-1681611nm
2026-08-18 15:00:35,051 - corrector.core.run - INFO - Random-walk step 265/20000: motor target x=445292nm y=-1683048nm
2026-08-18 15:00:40,769 - corrector.core.run - INFO - Random-walk step 266/20000: motor target x=443629nm y=-1684375nm
2026-08-18 15:00:45,898 - corrector.core.run - INFO - Random-walk step 267/20000: motor target x=443662nm y=-1684467nm
2026-08-18 15:00:51,631 - corrector.core.run - INFO - Random-walk step 268/20000: motor target x=443662nm y=-1684600nm
2026-08-18 15:00:57,465 - corrector.core.run - INFO - Random-walk step 269/20000: motor target x=443613nm y=-1684290nm
2026-08-18 15:01:03,329 - corrector.core.run - INFO - Random-walk step 270/20000: motor target x=443848nm y=-1684706nm
2026-08-18 15:01:09,231 - corrector.core.run - INFO - Random-walk step 271/20000: motor target x=444819nm y=-1684913nm
2026-08-18 15:01:14,645 - corrector.core.run - INFO - Random-walk step 272/20000: motor target x=442995nm y=-1685026nm
2026-08-18 15:01:20,364 - corrector.core.run - INFO - Random-walk step 273/20000: motor target x=439625nm y=-1688200nm
2026-08-18 15:01:26,243 - corrector.core.run - INFO - Random-walk step 274/20000: motor target x=439167nm y=-1688031nm
2026-08-18 15:01:31,880 - corrector.core.run - INFO - Random-walk step 275/20000: motor target x=439609nm y=-1687993nm
2026-08-18 15:01:37,684 - corrector.core.run - INFO - Random-walk step 276/20000: motor target x=439180nm y=-1687483nm
2026-08-18 15:01:43,350 - corrector.core.run - INFO - Random-walk step 277/20000: motor target x=439231nm y=-1687908nm
2026-08-18 15:01:49,240 - corrector.core.run - INFO - Random-walk step 278/20000: motor target x=438786nm y=-1688563nm
2026-08-18 15:01:55,020 - corrector.core.run - INFO - Random-walk step 279/20000: motor target x=438127nm y=-1689301nm
2026-08-18 15:02:00,924 - corrector.core.run - INFO - Random-walk step 280/20000: motor target x=436820nm y=-1684564nm
2026-08-18 15:02:06,532 - corrector.core.run - INFO - Random-walk step 281/20000: motor target x=439206nm y=-1685447nm
2026-08-18 15:02:11,983 - corrector.core.run - INFO - Random-walk step 282/20000: motor target x=437118nm y=-1689349nm
2026-08-18 15:02:18,189 - corrector.core.run - INFO - Random-walk step 283/20000: motor target x=438942nm y=-1687935nm
2026-08-18 15:02:23,762 - corrector.core.run - INFO - Random-walk step 284/20000: motor target x=443489nm y=-1686940nm
2026-08-18 15:02:29,484 - corrector.core.run - INFO - Random-walk step 285/20000: motor target x=436740nm y=-1686014nm
2026-08-18 15:02:34,787 - corrector.core.run - INFO - Random-walk step 286/20000: motor target x=436805nm y=-1686001nm
2026-08-18 15:02:40,661 - corrector.core.run - INFO - Random-walk step 287/20000: motor target x=442477nm y=-1678970nm
2026-08-18 15:02:46,851 - corrector.core.run - INFO - Random-walk step 288/20000: motor target x=442699nm y=-1680418nm
2026-08-18 15:02:52,093 - corrector.core.run - INFO - Random-walk step 289/20000: motor target x=438300nm y=-1683014nm
2026-08-18 15:02:58,090 - corrector.core.run - INFO - Random-walk step 290/20000: motor target x=437532nm y=-1683469nm
2026-08-18 15:03:03,866 - corrector.core.run - INFO - Random-walk step 291/20000: motor target x=438450nm y=-1681525nm
2026-08-18 15:03:09,605 - corrector.core.run - INFO - Random-walk step 292/20000: motor target x=438540nm y=-1682496nm
2026-08-18 15:03:15,061 - corrector.core.run - INFO - Random-walk step 293/20000: motor target x=438190nm y=-1682899nm
2026-08-18 15:03:20,831 - corrector.core.run - INFO - Random-walk step 294/20000: motor target x=423271nm y=-1675197nm
2026-08-18 15:03:26,435 - corrector.core.run - INFO - Random-walk step 295/20000: motor target x=423396nm y=-1675008nm
2026-08-18 15:03:32,317 - corrector.core.run - INFO - Random-walk step 296/20000: motor target x=428427nm y=-1684085nm
2026-08-18 15:03:38,535 - corrector.core.run - INFO - Random-walk step 297/20000: motor target x=427975nm y=-1682548nm
2026-08-18 15:03:43,883 - corrector.core.run - INFO - Random-walk step 298/20000: motor target x=427351nm y=-1682608nm
2026-08-18 15:03:49,451 - corrector.core.run - INFO - Random-walk step 299/20000: motor target x=432540nm y=-1688841nm
2026-08-18 15:03:55,239 - corrector.core.run - INFO - Random-walk step 300/20000: motor target x=432120nm y=-1689316nm
2026-08-18 15:04:00,908 - corrector.core.run - INFO - Random-walk step 301/20000: motor target x=436137nm y=-1687700nm
2026-08-18 15:04:06,691 - corrector.core.run - INFO - Random-walk step 302/20000: motor target x=436402nm y=-1685058nm
2026-08-18 15:04:12,549 - corrector.core.run - INFO - Random-walk step 303/20000: motor target x=436257nm y=-1684522nm
2026-08-18 15:04:18,344 - corrector.core.run - INFO - Random-walk step 304/20000: motor target x=436704nm y=-1685190nm
2026-08-18 15:04:23,884 - corrector.core.run - INFO - Random-walk step 305/20000: motor target x=429506nm y=-1683579nm
2026-08-18 15:04:29,690 - corrector.core.run - INFO - Random-walk step 306/20000: motor target x=429045nm y=-1685200nm
2026-08-18 15:04:35,520 - corrector.core.run - INFO - Random-walk step 307/20000: motor target x=429672nm y=-1684966nm
2026-08-18 15:04:41,088 - corrector.core.run - INFO - Random-walk step 308/20000: motor target x=432425nm y=-1672300nm
2026-08-18 15:04:46,957 - corrector.core.run - INFO - Random-walk step 309/20000: motor target x=431833nm y=-1672044nm
2026-08-18 15:04:52,467 - corrector.core.run - INFO - Random-walk step 310/20000: motor target x=431777nm y=-1668702nm
2026-08-18 15:04:58,293 - corrector.core.run - INFO - Random-walk step 311/20000: motor target x=435814nm y=-1666873nm
2026-08-18 15:05:04,132 - corrector.core.run - INFO - Random-walk step 312/20000: motor target x=436463nm y=-1667244nm
2026-08-18 15:05:09,807 - corrector.core.run - INFO - Random-walk step 313/20000: motor target x=449517nm y=-1676444nm
2026-08-18 15:05:15,342 - corrector.core.run - INFO - Random-walk step 314/20000: motor target x=449575nm y=-1676420nm
2026-08-18 15:05:21,386 - corrector.core.run - INFO - Random-walk step 315/20000: motor target x=450298nm y=-1676272nm
2026-08-18 15:05:27,308 - corrector.core.run - INFO - Random-walk step 316/20000: motor target x=449170nm y=-1677180nm
2026-08-18 15:05:33,044 - corrector.core.run - INFO - Random-walk step 317/20000: motor target x=448232nm y=-1676038nm
2026-08-18 15:05:38,300 - corrector.core.run - INFO - Random-walk step 318/20000: motor target x=448173nm y=-1675962nm
2026-08-18 15:05:44,113 - corrector.core.run - INFO - Random-walk step 319/20000: motor target x=444049nm y=-1671472nm
2026-08-18 15:05:49,825 - corrector.core.run - INFO - Random-walk step 320/20000: motor target x=438383nm y=-1669850nm
2026-08-18 15:05:55,727 - corrector.core.run - INFO - Random-walk step 321/20000: motor target x=437705nm y=-1669781nm
2026-08-18 15:06:01,753 - corrector.core.run - INFO - Random-walk step 322/20000: motor target x=437927nm y=-1668333nm
2026-08-18 15:06:06,986 - corrector.core.run - INFO - Random-walk step 323/20000: motor target x=428755nm y=-1660028nm
2026-08-18 15:06:12,850 - corrector.core.run - INFO - Random-walk step 324/20000: motor target x=429338nm y=-1659439nm
2026-08-18 15:06:18,730 - corrector.core.run - INFO - Random-walk step 325/20000: motor target x=430221nm y=-1659059nm
2026-08-18 15:06:24,220 - corrector.core.run - INFO - Random-walk step 326/20000: motor target x=433851nm y=-1670222nm
2026-08-18 15:06:30,136 - corrector.core.run - INFO - Random-walk step 327/20000: motor target x=433156nm y=-1672891nm
2026-08-18 15:06:35,689 - corrector.core.run - INFO - Random-walk step 328/20000: motor target x=435509nm y=-1678904nm
2026-08-18 15:06:41,342 - corrector.core.run - INFO - Random-walk step 329/20000: motor target x=435397nm y=-1678859nm
2026-08-18 15:06:47,273 - corrector.core.run - INFO - Random-walk step 330/20000: motor target x=421402nm y=-1669638nm
2026-08-18 15:06:53,117 - corrector.core.run - INFO - Random-walk step 331/20000: motor target x=422252nm y=-1669779nm
2026-08-18 15:06:58,584 - corrector.core.run - INFO - Random-walk step 332/20000: motor target x=421912nm y=-1669841nm
2026-08-18 15:07:04,297 - corrector.core.run - INFO - Random-walk step 333/20000: motor target x=423437nm y=-1666885nm
2026-08-18 15:07:10,186 - corrector.core.run - INFO - Random-walk step 334/20000: motor target x=423610nm y=-1666430nm
2026-08-18 15:07:15,777 - corrector.core.run - INFO - Random-walk step 335/20000: motor target x=420428nm y=-1663449nm
2026-08-18 15:07:21,855 - corrector.core.run - INFO - Random-walk step 336/20000: motor target x=420480nm y=-1662452nm
2026-08-18 15:07:27,248 - corrector.core.run - INFO - Random-walk step 337/20000: motor target x=427532nm y=-1675538nm
2026-08-18 15:07:32,946 - corrector.core.run - INFO - Random-walk step 338/20000: motor target x=427614nm y=-1675807nm
2026-08-18 15:07:38,688 - corrector.core.run - INFO - Random-walk step 339/20000: motor target x=427901nm y=-1675972nm
2026-08-18 15:07:44,535 - corrector.core.run - INFO - Random-walk step 340/20000: motor target x=428319nm y=-1675768nm
2026-08-18 15:07:50,154 - corrector.core.run - INFO - Random-walk step 341/20000: motor target x=424437nm y=-1672519nm
2026-08-18 15:07:56,093 - corrector.core.run - INFO - Random-walk step 342/20000: motor target x=424516nm y=-1671734nm
2026-08-18 15:08:01,976 - corrector.core.run - INFO - Random-walk step 343/20000: motor target x=424186nm y=-1672729nm
2026-08-18 15:08:07,808 - corrector.core.run - INFO - Random-walk step 344/20000: motor target x=422147nm y=-1671414nm
2026-08-18 15:08:13,173 - corrector.core.run - INFO - Random-walk step 345/20000: motor target x=421864nm y=-1670972nm
2026-08-18 15:08:18,804 - corrector.core.run - INFO - Random-walk step 346/20000: motor target x=422122nm y=-1668952nm
2026-08-18 15:08:24,826 - corrector.core.run - INFO - Random-walk step 347/20000: motor target x=421296nm y=-1668523nm
2026-08-18 15:08:30,252 - corrector.core.run - INFO - Random-walk step 348/20000: motor target x=424620nm y=-1665553nm
2026-08-18 15:08:36,016 - corrector.core.run - INFO - Random-walk step 349/20000: motor target x=424293nm y=-1665801nm
2026-08-18 15:08:41,710 - corrector.core.run - INFO - Random-walk step 350/20000: motor target x=424295nm y=-1665535nm
2026-08-18 15:08:47,573 - corrector.core.run - INFO - Random-walk step 351/20000: motor target x=428196nm y=-1674566nm
2026-08-18 15:08:53,539 - corrector.core.run - INFO - Random-walk step 352/20000: motor target x=429154nm y=-1678343nm
2026-08-18 15:08:59,372 - corrector.core.run - INFO - Random-walk step 353/20000: motor target x=430370nm y=-1677379nm
2026-08-18 15:09:04,667 - corrector.core.run - INFO - Random-walk step 354/20000: motor target x=430420nm y=-1677715nm
2026-08-18 15:09:10,399 - corrector.core.run - INFO - Random-walk step 355/20000: motor target x=435655nm y=-1671927nm
2026-08-18 15:09:16,242 - corrector.core.run - INFO - Random-walk step 356/20000: motor target x=433913nm y=-1679927nm
2026-08-18 15:09:21,963 - corrector.core.run - INFO - Random-walk step 357/20000: motor target x=436138nm y=-1684313nm
2026-08-18 15:09:27,762 - corrector.core.run - INFO - Random-walk step 358/20000: motor target x=438035nm y=-1684823nm
2026-08-18 15:09:33,764 - corrector.core.run - INFO - Random-walk step 359/20000: motor target x=435799nm y=-1683764nm
2026-08-18 15:09:39,091 - corrector.core.run - INFO - Random-walk step 360/20000: motor target x=447632nm y=-1681350nm
2026-08-18 15:09:45,070 - corrector.core.run - INFO - Random-walk step 361/20000: motor target x=446806nm y=-1680872nm
2026-08-18 15:09:51,003 - corrector.core.run - INFO - Random-walk step 362/20000: motor target x=445753nm y=-1679485nm
2026-08-18 15:09:56,680 - corrector.core.run - INFO - Random-walk step 363/20000: motor target x=446946nm y=-1679089nm
2026-08-18 15:10:02,007 - corrector.core.run - INFO - Random-walk step 364/20000: motor target x=446835nm y=-1679467nm
2026-08-18 15:10:07,790 - corrector.core.run - INFO - Random-walk step 365/20000: motor target x=447147nm y=-1669143nm
2026-08-18 15:10:13,946 - corrector.core.run - INFO - Random-walk step 366/20000: motor target x=448447nm y=-1672176nm
2026-08-18 15:10:19,219 - corrector.core.run - INFO - Random-walk step 367/20000: motor target x=448596nm y=-1664983nm
2026-08-18 15:10:25,150 - corrector.core.run - INFO - Random-walk step 368/20000: motor target x=445546nm y=-1664319nm
2026-08-18 15:10:30,652 - corrector.core.run - INFO - Random-walk step 369/20000: motor target x=445767nm y=-1662404nm
2026-08-18 15:10:36,390 - corrector.core.run - INFO - Random-walk step 370/20000: motor target x=446022nm y=-1662475nm
2026-08-18 15:10:42,326 - corrector.core.run - INFO - Random-walk step 371/20000: motor target x=444303nm y=-1661830nm
2026-08-18 15:10:48,040 - corrector.core.run - INFO - Random-walk step 372/20000: motor target x=444524nm y=-1662415nm
2026-08-18 15:10:53,657 - corrector.core.run - INFO - Random-walk step 373/20000: motor target x=437745nm y=-1666569nm
2026-08-18 15:10:59,267 - corrector.core.run - INFO - Random-walk step 374/20000: motor target x=437618nm y=-1666660nm
2026-08-18 15:11:05,036 - corrector.core.run - INFO - Random-walk step 375/20000: motor target x=437468nm y=-1666618nm
2026-08-18 15:11:10,894 - corrector.core.run - INFO - Random-walk step 376/20000: motor target x=430823nm y=-1672820nm
2026-08-18 15:11:16,535 - corrector.core.run - INFO - Random-walk step 377/20000: motor target x=430931nm y=-1673111nm
2026-08-18 15:11:22,286 - corrector.core.run - INFO - Random-walk step 378/20000: motor target x=436118nm y=-1666259nm
2026-08-18 15:11:27,973 - corrector.core.run - INFO - Random-walk step 379/20000: motor target x=437688nm y=-1664448nm
2026-08-18 15:11:33,631 - corrector.core.run - INFO - Random-walk step 380/20000: motor target x=437760nm y=-1664411nm
2026-08-18 15:11:39,733 - corrector.core.run - INFO - Random-walk step 381/20000: motor target x=436926nm y=-1665139nm
2026-08-18 15:11:45,499 - corrector.core.run - INFO - Random-walk step 382/20000: motor target x=437688nm y=-1664226nm
2026-08-18 15:11:51,438 - corrector.core.run - INFO - Random-walk step 383/20000: motor target x=436198nm y=-1656204nm
2026-08-18 15:11:56,771 - corrector.core.run - INFO - Random-walk step 384/20000: motor target x=436749nm y=-1659075nm
2026-08-18 15:12:02,393 - corrector.core.run - INFO - Random-walk step 385/20000: motor target x=434868nm y=-1661931nm
2026-08-18 15:12:08,183 - corrector.core.run - INFO - Random-walk step 386/20000: motor target x=420246nm y=-1658946nm
2026-08-18 15:12:13,855 - corrector.core.run - INFO - Random-walk step 387/20000: motor target x=417008nm y=-1664545nm
2026-08-18 15:12:19,886 - corrector.core.run - INFO - Random-walk step 388/20000: motor target x=416094nm y=-1664710nm
2026-08-18 15:12:25,403 - corrector.core.run - INFO - Random-walk step 389/20000: motor target x=419888nm y=-1664604nm
2026-08-18 15:12:31,266 - corrector.core.run - INFO - Random-walk step 390/20000: motor target x=419189nm y=-1664760nm
2026-08-18 15:12:37,027 - corrector.core.run - INFO - Random-walk step 391/20000: motor target x=419255nm y=-1665619nm
2026-08-18 15:12:42,473 - corrector.core.run - INFO - Random-walk step 392/20000: motor target x=421428nm y=-1665395nm
2026-08-18 15:12:48,285 - corrector.core.run - INFO - Random-walk step 393/20000: motor target x=419253nm y=-1662896nm
2026-08-18 15:12:54,242 - corrector.core.run - INFO - Random-walk step 394/20000: motor target x=415288nm y=-1663520nm
2026-08-18 15:12:59,933 - corrector.core.run - INFO - Random-walk step 395/20000: motor target x=413631nm y=-1662780nm
2026-08-18 15:13:05,362 - corrector.core.run - INFO - Random-walk step 396/20000: motor target x=413548nm y=-1662790nm
2026-08-18 15:13:11,088 - corrector.core.run - INFO - Random-walk step 397/20000: motor target x=413501nm y=-1662832nm
2026-08-18 15:13:17,065 - corrector.core.run - INFO - Random-walk step 398/20000: motor target x=413949nm y=-1662400nm
2026-08-18 15:13:23,049 - corrector.core.run - INFO - Random-walk step 399/20000: motor target x=415252nm y=-1662909nm
2026-08-18 15:13:28,363 - corrector.core.run - INFO - Random-walk step 400/20000: motor target x=414928nm y=-1662667nm
2026-08-18 15:13:34,068 - corrector.core.run - INFO - Random-walk step 401/20000: motor target x=421850nm y=-1653852nm
2026-08-18 15:13:40,253 - corrector.core.run - INFO - Random-walk step 402/20000: motor target x=421294nm y=-1655198nm
2026-08-18 15:13:45,563 - corrector.core.run - INFO - Random-walk step 403/20000: motor target x=425134nm y=-1661479nm
2026-08-18 15:13:51,273 - corrector.core.run - INFO - Random-walk step 404/20000: motor target x=422964nm y=-1666740nm
2026-08-18 15:13:56,880 - corrector.core.run - INFO - Random-walk step 405/20000: motor target x=422862nm y=-1666741nm
2026-08-18 15:14:02,953 - corrector.core.run - INFO - Random-walk step 406/20000: motor target x=422220nm y=-1667346nm
2026-08-18 15:14:08,559 - corrector.core.run - INFO - Random-walk step 407/20000: motor target x=422526nm y=-1667206nm
2026-08-18 15:14:14,243 - corrector.core.run - INFO - Random-walk step 408/20000: motor target x=422636nm y=-1669665nm
2026-08-18 15:14:20,224 - corrector.core.run - INFO - Random-walk step 409/20000: motor target x=422659nm y=-1670630nm
2026-08-18 15:14:25,727 - corrector.core.run - INFO - Random-walk step 410/20000: motor target x=422989nm y=-1672253nm
2026-08-18 15:14:31,975 - corrector.core.run - INFO - Random-walk step 411/20000: motor target x=421431nm y=-1671731nm
2026-08-18 15:14:37,217 - corrector.core.run - INFO - Random-walk step 412/20000: motor target x=428260nm y=-1653266nm
2026-08-18 15:14:43,119 - corrector.core.run - INFO - Random-walk step 413/20000: motor target x=428569nm y=-1654198nm
2026-08-18 15:14:49,032 - corrector.core.run - INFO - Random-walk step 414/20000: motor target x=430251nm y=-1652757nm
2026-08-18 15:14:54,790 - corrector.core.run - INFO - Random-walk step 415/20000: motor target x=431552nm y=-1651727nm
2026-08-18 15:15:00,625 - corrector.core.run - INFO - Random-walk step 416/20000: motor target x=433007nm y=-1651019nm
2026-08-18 15:15:06,120 - corrector.core.run - INFO - Random-walk step 417/20000: motor target x=433052nm y=-1651986nm
2026-08-18 15:15:11,538 - corrector.core.run - INFO - Random-walk step 418/20000: motor target x=419483nm y=-1662129nm
2026-08-18 15:15:17,212 - corrector.core.run - INFO - Random-walk step 419/20000: motor target x=427608nm y=-1665928nm
2026-08-18 15:15:22,992 - corrector.core.run - INFO - Random-walk step 420/20000: motor target x=427180nm y=-1665826nm
2026-08-18 15:15:28,569 - corrector.core.run - INFO - Random-walk step 421/20000: motor target x=427234nm y=-1665879nm
2026-08-18 15:15:34,406 - corrector.core.run - INFO - Random-walk step 422/20000: motor target x=427573nm y=-1665887nm
2026-08-18 15:15:40,288 - corrector.core.run - INFO - Random-walk step 423/20000: motor target x=427821nm y=-1665467nm
2026-08-18 15:15:45,881 - corrector.core.run - INFO - Random-walk step 424/20000: motor target x=427805nm y=-1665703nm
2026-08-18 15:15:51,602 - corrector.core.run - INFO - Random-walk step 425/20000: motor target x=427736nm y=-1665570nm
2026-08-18 15:15:57,426 - corrector.core.run - INFO - Random-walk step 426/20000: motor target x=427812nm y=-1665783nm
2026-08-18 15:16:03,138 - corrector.core.run - INFO - Random-walk step 427/20000: motor target x=427658nm y=-1668268nm
2026-08-18 15:16:09,016 - corrector.core.run - INFO - Random-walk step 428/20000: motor target x=427011nm y=-1668168nm
2026-08-18 15:16:14,633 - corrector.core.run - INFO - Random-walk step 429/20000: motor target x=421091nm y=-1659304nm
2026-08-18 15:16:20,515 - corrector.core.run - INFO - Random-walk step 430/20000: motor target x=420465nm y=-1661106nm
2026-08-18 15:16:25,954 - corrector.core.run - INFO - Random-walk step 431/20000: motor target x=420442nm y=-1660866nm
2026-08-18 15:16:31,976 - corrector.core.run - INFO - Random-walk step 432/20000: motor target x=420297nm y=-1661675nm
2026-08-18 15:16:37,541 - corrector.core.run - INFO - Random-walk step 433/20000: motor target x=419788nm y=-1661552nm
2026-08-18 15:16:43,189 - corrector.core.run - INFO - Random-walk step 434/20000: motor target x=417746nm y=-1659487nm
2026-08-18 15:16:48,908 - corrector.core.run - INFO - Random-walk step 435/20000: motor target x=417503nm y=-1659385nm
2026-08-18 15:16:54,696 - corrector.core.run - INFO - Random-walk step 436/20000: motor target x=417920nm y=-1659754nm
2026-08-18 15:17:00,598 - corrector.core.run - INFO - Random-walk step 437/20000: motor target x=418288nm y=-1659073nm
2026-08-18 15:17:06,347 - corrector.core.run - INFO - Random-walk step 438/20000: motor target x=419050nm y=-1659565nm
2026-08-18 15:17:12,008 - corrector.core.run - INFO - Random-walk step 439/20000: motor target x=419745nm y=-1658867nm
2026-08-18 15:17:17,606 - corrector.core.run - INFO - Random-walk step 440/20000: motor target x=415597nm y=-1659180nm
2026-08-18 15:17:23,317 - corrector.core.run - INFO - Random-walk step 441/20000: motor target x=415997nm y=-1659098nm
2026-08-18 15:17:28,955 - corrector.core.run - INFO - Random-walk step 442/20000: motor target x=416184nm y=-1659028nm
2026-08-18 15:17:35,045 - corrector.core.run - INFO - Random-walk step 443/20000: motor target x=417126nm y=-1658944nm
2026-08-18 15:17:40,747 - corrector.core.run - INFO - Random-walk step 444/20000: motor target x=418074nm y=-1659100nm
2026-08-18 15:17:46,220 - corrector.core.run - INFO - Random-walk step 445/20000: motor target x=418079nm y=-1659405nm
2026-08-18 15:17:52,224 - corrector.core.run - INFO - Random-walk step 446/20000: motor target x=418979nm y=-1659752nm
2026-08-18 15:17:57,663 - corrector.core.run - INFO - Random-walk step 447/20000: motor target x=421973nm y=-1659531nm
2026-08-18 15:18:03,557 - corrector.core.run - INFO - Random-walk step 448/20000: motor target x=422382nm y=-1659613nm
2026-08-18 15:18:09,432 - corrector.core.run - INFO - Random-walk step 449/20000: motor target x=422514nm y=-1658697nm
2026-08-18 15:18:14,904 - corrector.core.run - INFO - Random-walk step 450/20000: motor target x=422131nm y=-1653702nm
2026-08-18 15:18:20,683 - corrector.core.run - INFO - Random-walk step 451/20000: motor target x=436541nm y=-1658649nm
2026-08-18 15:18:26,615 - corrector.core.run - INFO - Random-walk step 452/20000: motor target x=440319nm y=-1659502nm
2026-08-18 15:18:32,267 - corrector.core.run - INFO - Random-walk step 453/20000: motor target x=440944nm y=-1659461nm
2026-08-18 15:18:38,241 - corrector.core.run - INFO - Random-walk step 454/20000: motor target x=441515nm y=-1660703nm
2026-08-18 15:18:43,456 - corrector.core.run - INFO - Random-walk step 455/20000: motor target x=441503nm y=-1660909nm
2026-08-18 15:18:49,215 - corrector.core.run - INFO - Random-walk step 456/20000: motor target x=441592nm y=-1661053nm
2026-08-18 15:18:55,422 - corrector.core.run - INFO - Random-walk step 457/20000: motor target x=431608nm y=-1662226nm
2026-08-18 15:19:00,710 - corrector.core.run - INFO - Random-walk step 458/20000: motor target x=429926nm y=-1662177nm
2026-08-18 15:19:06,450 - corrector.core.run - INFO - Random-walk step 459/20000: motor target x=432915nm y=-1664651nm
2026-08-18 15:19:12,338 - corrector.core.run - INFO - Random-walk step 460/20000: motor target x=432836nm y=-1664144nm
2026-08-18 15:19:17,909 - corrector.core.run - INFO - Random-walk step 461/20000: motor target x=432608nm y=-1664158nm
2026-08-18 15:19:23,604 - corrector.core.run - INFO - Random-walk step 462/20000: motor target x=432478nm y=-1664103nm
2026-08-18 15:19:29,797 - corrector.core.run - INFO - Random-walk step 463/20000: motor target x=427390nm y=-1665271nm
2026-08-18 15:19:35,526 - corrector.core.run - INFO - Random-walk step 464/20000: motor target x=428217nm y=-1666293nm
2026-08-18 15:19:42,701 - corrector.core.run - INFO - Random-walk step 465/20000: motor target x=429314nm y=-1666434nm
2026-08-18 15:19:48,813 - corrector.core.run - INFO - Random-walk step 466/20000: motor target x=438549nm y=-1668680nm
2026-08-18 15:19:54,426 - corrector.core.run - INFO - Random-walk step 467/20000: motor target x=434527nm y=-1665271nm
2026-08-18 15:20:00,083 - corrector.core.run - INFO - Random-walk step 468/20000: motor target x=434609nm y=-1665240nm
2026-08-18 15:20:06,373 - corrector.core.run - INFO - Random-walk step 469/20000: motor target x=435653nm y=-1663377nm
2026-08-18 15:20:13,485 - corrector.core.run - INFO - Random-walk step 470/20000: motor target x=435441nm y=-1662368nm
2026-08-18 15:20:18,933 - corrector.core.run - INFO - Random-walk step 471/20000: motor target x=435779nm y=-1662570nm
2026-08-18 15:20:24,531 - corrector.core.run - INFO - Random-walk step 472/20000: motor target x=435830nm y=-1662622nm
2026-08-18 15:20:30,785 - corrector.core.run - INFO - Random-walk step 473/20000: motor target x=437047nm y=-1662210nm
2026-08-18 15:20:36,435 - corrector.core.run - INFO - Random-walk step 474/20000: motor target x=439040nm y=-1663061nm
2026-08-18 15:20:41,954 - corrector.core.run - INFO - Random-walk step 475/20000: motor target x=422084nm y=-1668671nm
2026-08-18 15:20:47,732 - corrector.core.run - INFO - Random-walk step 476/20000: motor target x=426774nm y=-1668140nm
2026-08-18 15:20:53,315 - corrector.core.run - INFO - Random-walk step 477/20000: motor target x=421514nm y=-1662192nm
2026-08-18 15:20:59,093 - corrector.core.run - INFO - Random-walk step 478/20000: motor target x=420992nm y=-1661918nm
2026-08-18 15:21:05,196 - corrector.core.run - INFO - Random-walk step 479/20000: motor target x=422351nm y=-1661245nm
2026-08-18 15:21:11,962 - corrector.core.run - INFO - Random-walk step 480/20000: motor target x=422386nm y=-1661112nm
2026-08-18 15:21:18,256 - corrector.core.run - INFO - Random-walk step 481/20000: motor target x=420944nm y=-1660312nm
2026-08-18 15:21:23,919 - corrector.core.run - INFO - Random-walk step 482/20000: motor target x=421462nm y=-1658914nm
2026-08-18 15:21:29,270 - corrector.core.run - INFO - Random-walk step 483/20000: motor target x=421115nm y=-1659396nm
2026-08-18 15:21:37,045 - corrector.core.run - INFO - Random-walk step 484/20000: motor target x=423243nm y=-1660922nm
2026-08-18 15:21:42,458 - corrector.core.run - INFO - Random-walk step 485/20000: motor target x=427957nm y=-1660023nm
2026-08-18 15:21:47,898 - corrector.core.run - INFO - Random-walk step 486/20000: motor target x=429587nm y=-1674457nm
2026-08-18 15:21:53,928 - corrector.core.run - INFO - Random-walk step 487/20000: motor target x=430527nm y=-1664625nm
2026-08-18 15:21:59,455 - corrector.core.run - INFO - Random-walk step 488/20000: motor target x=430305nm y=-1664112nm
2026-08-18 15:22:05,054 - corrector.core.run - INFO - Random-walk step 489/20000: motor target x=430345nm y=-1663916nm
2026-08-18 15:22:11,181 - corrector.core.run - INFO - Random-walk step 490/20000: motor target x=429399nm y=-1655040nm
2026-08-18 15:22:16,698 - corrector.core.run - INFO - Random-walk step 491/20000: motor target x=428965nm y=-1655104nm
2026-08-18 15:22:22,293 - corrector.core.run - INFO - Random-walk step 492/20000: motor target x=428801nm y=-1654799nm
2026-08-18 15:22:28,291 - corrector.core.run - INFO - Random-walk step 493/20000: motor target x=428531nm y=-1655586nm
2026-08-18 15:22:33,842 - corrector.core.run - INFO - Random-walk step 494/20000: motor target x=428083nm y=-1656066nm
2026-08-18 15:22:39,871 - corrector.core.run - INFO - Random-walk step 495/20000: motor target x=428015nm y=-1657239nm
2026-08-18 15:22:45,175 - corrector.core.run - INFO - Random-walk step 496/20000: motor target x=431399nm y=-1660384nm
2026-08-18 15:22:50,912 - corrector.core.run - INFO - Random-walk step 497/20000: motor target x=431158nm y=-1660533nm
2026-08-18 15:22:57,164 - corrector.core.run - INFO - Random-walk step 498/20000: motor target x=429927nm y=-1659426nm
2026-08-18 15:23:02,805 - corrector.core.run - INFO - Random-walk step 499/20000: motor target x=430817nm y=-1658330nm
2026-08-18 15:23:08,492 - corrector.core.run - INFO - Random-walk step 500/20000: motor target x=431970nm y=-1658559nm
2026-08-18 15:23:13,853 - corrector.core.run - INFO - Random-walk step 501/20000: motor target x=432235nm y=-1658421nm
2026-08-18 15:23:19,475 - corrector.core.run - INFO - Random-walk step 502/20000: motor target x=432247nm y=-1658369nm
2026-08-18 15:23:25,251 - corrector.core.run - INFO - Random-walk step 503/20000: motor target x=432331nm y=-1658406nm
2026-08-18 15:23:31,160 - corrector.core.run - INFO - Random-walk step 504/20000: motor target x=435749nm y=-1660303nm
2026-08-18 15:23:36,710 - corrector.core.run - INFO - Random-walk step 505/20000: motor target x=435710nm y=-1660263nm
2026-08-18 15:23:42,707 - corrector.core.run - INFO - Random-walk step 506/20000: motor target x=437812nm y=-1660768nm
2026-08-18 15:23:48,756 - corrector.core.run - INFO - Random-walk step 507/20000: motor target x=439422nm y=-1662177nm
2026-08-18 15:23:54,193 - corrector.core.run - INFO - Random-walk step 508/20000: motor target x=438723nm y=-1662581nm
2026-08-18 15:23:59,716 - corrector.core.run - INFO - Random-walk step 509/20000: motor target x=430990nm y=-1672737nm
2026-08-18 15:24:05,366 - corrector.core.run - INFO - Random-walk step 510/20000: motor target x=430921nm y=-1672710nm
2026-08-18 15:24:11,319 - corrector.core.run - INFO - Random-walk step 511/20000: motor target x=431389nm y=-1673021nm
2026-08-18 15:24:17,176 - corrector.core.run - INFO - Random-walk step 512/20000: motor target x=430871nm y=-1673804nm
2026-08-18 15:24:22,560 - corrector.core.run - INFO - Random-walk step 513/20000: motor target x=430928nm y=-1673792nm
2026-08-18 15:24:28,496 - corrector.core.run - INFO - Random-walk step 514/20000: motor target x=430995nm y=-1674212nm
2026-08-18 15:24:34,224 - corrector.core.run - INFO - Random-walk step 515/20000: motor target x=421156nm y=-1678114nm
2026-08-18 15:24:39,952 - corrector.core.run - INFO - Random-walk step 516/20000: motor target x=417755nm y=-1666508nm
2026-08-18 15:24:46,030 - corrector.core.run - INFO - Random-walk step 517/20000: motor target x=416276nm y=-1672995nm
2026-08-18 15:24:51,382 - corrector.core.run - INFO - Random-walk step 518/20000: motor target x=432099nm y=-1665508nm
2026-08-18 15:24:56,988 - corrector.core.run - INFO - Random-walk step 519/20000: motor target x=432071nm y=-1665321nm
2026-08-18 15:25:02,830 - corrector.core.run - INFO - Random-walk step 520/20000: motor target x=417652nm y=-1661654nm
2026-08-18 15:25:08,562 - corrector.core.run - INFO - Random-walk step 521/20000: motor target x=420415nm y=-1661789nm
2026-08-18 15:25:14,307 - corrector.core.run - INFO - Random-walk step 522/20000: motor target x=420034nm y=-1661640nm
2026-08-18 15:25:19,906 - corrector.core.run - INFO - Random-walk step 523/20000: motor target x=420277nm y=-1661581nm
2026-08-18 15:25:25,900 - corrector.core.run - INFO - Random-walk step 524/20000: motor target x=421012nm y=-1661868nm
2026-08-18 15:25:31,941 - corrector.core.run - INFO - Random-walk step 525/20000: motor target x=419383nm y=-1663364nm
2026-08-18 15:25:37,257 - corrector.core.run - INFO - Random-walk step 526/20000: motor target x=419113nm y=-1663924nm
2026-08-18 15:25:43,311 - corrector.core.run - INFO - Random-walk step 527/20000: motor target x=418862nm y=-1662548nm
2026-08-18 15:25:48,639 - corrector.core.run - INFO - Random-walk step 528/20000: motor target x=420691nm y=-1680886nm
2026-08-18 15:25:54,259 - corrector.core.run - INFO - Random-walk step 529/20000: motor target x=420566nm y=-1680762nm
2026-08-18 15:26:00,377 - corrector.core.run - INFO - Random-walk step 530/20000: motor target x=419615nm y=-1681630nm
2026-08-18 15:26:05,866 - corrector.core.run - INFO - Random-walk step 531/20000: motor target x=431827nm y=-1683670nm
2026-08-18 15:26:11,433 - corrector.core.run - INFO - Random-walk step 532/20000: motor target x=431888nm y=-1683491nm
2026-08-18 15:26:17,339 - corrector.core.run - INFO - Random-walk step 533/20000: motor target x=430135nm y=-1678027nm
2026-08-18 15:26:23,013 - corrector.core.run - INFO - Random-walk step 534/20000: motor target x=430341nm y=-1677699nm
2026-08-18 15:26:28,749 - corrector.core.run - INFO - Random-walk step 535/20000: motor target x=430046nm y=-1677889nm
2026-08-18 15:26:34,592 - corrector.core.run - INFO - Random-walk step 536/20000: motor target x=429584nm y=-1677948nm
2026-08-18 15:26:40,307 - corrector.core.run - INFO - Random-walk step 537/20000: motor target x=426212nm y=-1671350nm
2026-08-18 15:26:45,978 - corrector.core.run - INFO - Random-walk step 538/20000: motor target x=441264nm y=-1658332nm
2026-08-18 15:26:52,450 - corrector.core.run - INFO - Random-walk step 539/20000: motor target x=440822nm y=-1660219nm
2026-08-18 15:26:59,058 - corrector.core.run - INFO - Random-walk step 540/20000: motor target x=435226nm y=-1679084nm
2026-08-18 15:27:04,571 - corrector.core.run - INFO - Random-walk step 541/20000: motor target x=435341nm y=-1679054nm
2026-08-18 15:27:10,560 - corrector.core.run - INFO - Random-walk step 542/20000: motor target x=436090nm y=-1679063nm
2026-08-18 15:27:16,190 - corrector.core.run - INFO - Random-walk step 543/20000: motor target x=427567nm y=-1688747nm
2026-08-18 15:27:22,033 - corrector.core.run - INFO - Random-walk step 544/20000: motor target x=429321nm y=-1688048nm
2026-08-18 15:27:27,800 - corrector.core.run - INFO - Random-walk step 545/20000: motor target x=425022nm y=-1687341nm
2026-08-18 15:27:33,477 - corrector.core.run - INFO - Random-walk step 546/20000: motor target x=425645nm y=-1687197nm
2026-08-18 15:27:39,038 - corrector.core.run - INFO - Random-walk step 547/20000: motor target x=417075nm y=-1683078nm
2026-08-18 15:27:44,708 - corrector.core.run - INFO - Random-walk step 548/20000: motor target x=416936nm y=-1683072nm
2026-08-18 15:27:50,386 - corrector.core.run - INFO - Random-walk step 549/20000: motor target x=416885nm y=-1683122nm
2026-08-18 15:27:56,663 - corrector.core.run - INFO - Random-walk step 550/20000: motor target x=416967nm y=-1684498nm
2026-08-18 15:28:02,176 - corrector.core.run - INFO - Random-walk step 551/20000: motor target x=417796nm y=-1684574nm
2026-08-18 15:28:07,981 - corrector.core.run - INFO - Random-walk step 552/20000: motor target x=416769nm y=-1681375nm
2026-08-18 15:28:14,881 - corrector.core.run - INFO - Random-walk step 553/20000: motor target x=419271nm y=-1686642nm
2026-08-18 15:28:20,935 - corrector.core.run - INFO - Random-walk step 554/20000: motor target x=418326nm y=-1685802nm
2026-08-18 15:28:26,401 - corrector.core.run - INFO - Random-walk step 555/20000: motor target x=418112nm y=-1685420nm
2026-08-18 15:28:32,001 - corrector.core.run - INFO - Random-walk step 556/20000: motor target x=418149nm y=-1685503nm
2026-08-18 15:28:39,389 - corrector.core.run - INFO - Random-walk step 557/20000: motor target x=421516nm y=-1685243nm
2026-08-18 15:28:45,100 - corrector.core.run - INFO - Random-walk step 558/20000: motor target x=424323nm y=-1689094nm
2026-08-18 15:28:50,773 - corrector.core.run - INFO - Random-walk step 559/20000: motor target x=426704nm y=-1688792nm
2026-08-18 15:28:56,505 - corrector.core.run - INFO - Random-walk step 560/20000: motor target x=431374nm y=-1683258nm
2026-08-18 15:29:03,981 - corrector.core.run - INFO - Random-walk step 561/20000: motor target x=432110nm y=-1671981nm
2026-08-18 15:29:11,039 - corrector.core.run - INFO - Random-walk step 562/20000: motor target x=431981nm y=-1672398nm
2026-08-18 15:29:17,323 - corrector.core.run - INFO - Random-walk step 563/20000: motor target x=433445nm y=-1673239nm
2026-08-18 15:29:22,471 - corrector.core.run - INFO - Random-walk step 564/20000: motor target x=436850nm y=-1673307nm
2026-08-18 15:29:29,746 - corrector.core.run - INFO - Random-walk step 565/20000: motor target x=433479nm y=-1679934nm
2026-08-18 15:29:35,518 - corrector.core.run - INFO - Random-walk step 566/20000: motor target x=421500nm y=-1668807nm
2026-08-18 15:29:41,418 - corrector.core.run - INFO - Random-walk step 567/20000: motor target x=422317nm y=-1668991nm
2026-08-18 15:29:46,952 - corrector.core.run - INFO - Random-walk step 568/20000: motor target x=422401nm y=-1669402nm
2026-08-18 15:29:52,625 - corrector.core.run - INFO - Random-walk step 569/20000: motor target x=422621nm y=-1669345nm
2026-08-18 15:29:58,309 - corrector.core.run - INFO - Random-walk step 570/20000: motor target x=422494nm y=-1669309nm
2026-08-18 15:30:04,314 - corrector.core.run - INFO - Random-walk step 571/20000: motor target x=421795nm y=-1669260nm
2026-08-18 15:30:10,122 - corrector.core.run - INFO - Random-walk step 572/20000: motor target x=421152nm y=-1670052nm
2026-08-18 15:30:15,586 - corrector.core.run - INFO - Random-walk step 573/20000: motor target x=431978nm y=-1668462nm
2026-08-18 15:30:21,567 - corrector.core.run - INFO - Random-walk step 574/20000: motor target x=431207nm y=-1668094nm
2026-08-18 15:30:27,620 - corrector.core.run - INFO - Random-walk step 575/20000: motor target x=424806nm y=-1666538nm
2026-08-18 15:30:32,951 - corrector.core.run - INFO - Random-walk step 576/20000: motor target x=424580nm y=-1667241nm
2026-08-18 15:30:38,805 - corrector.core.run - INFO - Random-walk step 577/20000: motor target x=423770nm y=-1666279nm
2026-08-18 15:30:44,202 - corrector.core.run - INFO - Random-walk step 578/20000: motor target x=427653nm y=-1671754nm
2026-08-18 15:30:49,949 - corrector.core.run - INFO - Random-walk step 579/20000: motor target x=415862nm y=-1681502nm
2026-08-18 15:30:55,599 - corrector.core.run - INFO - Random-walk step 580/20000: motor target x=416060nm y=-1681346nm
2026-08-18 15:31:01,446 - corrector.core.run - INFO - Random-walk step 581/20000: motor target x=416085nm y=-1680839nm
2026-08-18 15:31:07,125 - corrector.core.run - INFO - Random-walk step 582/20000: motor target x=420589nm y=-1682474nm
2026-08-18 15:31:12,931 - corrector.core.run - INFO - Random-walk step 583/20000: motor target x=426322nm y=-1688551nm
2026-08-18 15:31:18,994 - corrector.core.run - INFO - Random-walk step 584/20000: motor target x=426340nm y=-1689836nm
2026-08-18 15:31:24,330 - corrector.core.run - INFO - Random-walk step 585/20000: motor target x=426257nm y=-1689473nm
2026-08-18 15:31:30,136 - corrector.core.run - INFO - Random-walk step 586/20000: motor target x=426696nm y=-1689447nm
2026-08-18 15:31:36,144 - corrector.core.run - INFO - Random-walk step 587/20000: motor target x=425522nm y=-1689789nm
2026-08-18 15:31:41,515 - corrector.core.run - INFO - Random-walk step 588/20000: motor target x=425840nm y=-1688141nm
2026-08-18 15:31:47,221 - corrector.core.run - INFO - Random-walk step 589/20000: motor target x=426101nm y=-1688027nm
2026-08-18 15:31:52,904 - corrector.core.run - INFO - Random-walk step 590/20000: motor target x=425920nm y=-1688317nm
2026-08-18 15:31:59,288 - corrector.core.run - INFO - Random-walk step 591/20000: motor target x=424403nm y=-1687617nm
2026-08-18 15:32:04,399 - corrector.core.run - INFO - Random-walk step 592/20000: motor target x=416103nm y=-1680000nm
2026-08-18 15:32:10,208 - corrector.core.run - INFO - Random-walk step 593/20000: motor target x=419215nm y=-1683684nm
2026-08-18 15:32:15,846 - corrector.core.run - INFO - Random-walk step 594/20000: motor target x=419301nm y=-1686182nm
2026-08-18 15:32:21,825 - corrector.core.run - INFO - Random-walk step 595/20000: motor target x=420057nm y=-1686171nm
2026-08-18 15:32:27,431 - corrector.core.run - INFO - Random-walk step 596/20000: motor target x=431715nm y=-1675713nm
2026-08-18 15:32:33,212 - corrector.core.run - INFO - Random-walk step 597/20000: motor target x=431561nm y=-1676267nm
2026-08-18 15:32:38,716 - corrector.core.run - INFO - Random-walk step 598/20000: motor target x=431461nm y=-1676113nm
2026-08-18 15:32:44,694 - corrector.core.run - INFO - Random-walk step 599/20000: motor target x=429130nm y=-1676754nm
2026-08-18 15:32:50,542 - corrector.core.run - INFO - Random-walk step 600/20000: motor target x=433291nm y=-1675802nm
2026-08-18 15:32:55,857 - corrector.core.run - INFO - Random-walk step 601/20000: motor target x=433381nm y=-1675781nm
2026-08-18 15:33:01,755 - corrector.core.run - INFO - Random-walk step 602/20000: motor target x=429864nm y=-1674094nm
2026-08-18 15:33:07,578 - corrector.core.run - INFO - Random-walk step 603/20000: motor target x=429598nm y=-1674676nm
2026-08-18 15:33:13,354 - corrector.core.run - INFO - Random-walk step 604/20000: motor target x=428969nm y=-1674940nm
2026-08-18 15:33:19,300 - corrector.core.run - INFO - Random-walk step 605/20000: motor target x=428828nm y=-1675728nm
2026-08-18 15:33:24,864 - corrector.core.run - INFO - Random-walk step 606/20000: motor target x=429634nm y=-1675776nm
2026-08-18 15:33:30,331 - corrector.core.run - INFO - Random-walk step 607/20000: motor target x=429523nm y=-1675592nm
2026-08-18 15:33:36,159 - corrector.core.run - INFO - Random-walk step 608/20000: motor target x=445519nm y=-1679267nm
2026-08-18 15:33:41,835 - corrector.core.run - INFO - Random-walk step 609/20000: motor target x=440349nm y=-1688537nm
2026-08-18 15:33:47,778 - corrector.core.run - INFO - Random-walk step 610/20000: motor target x=437258nm y=-1687747nm
2026-08-18 15:33:53,202 - corrector.core.run - INFO - Random-walk step 611/20000: motor target x=437353nm y=-1687783nm
2026-08-18 15:33:59,249 - corrector.core.run - INFO - Random-walk step 612/20000: motor target x=436784nm y=-1687052nm
2026-08-18 15:34:04,855 - corrector.core.run - INFO - Random-walk step 613/20000: motor target x=429739nm y=-1676110nm
2026-08-18 15:34:10,975 - corrector.core.run - INFO - Random-walk step 614/20000: motor target x=430779nm y=-1674868nm
2026-08-18 15:34:16,719 - corrector.core.run - INFO - Random-walk step 615/20000: motor target x=429248nm y=-1675759nm
2026-08-18 15:34:21,887 - corrector.core.run - INFO - Random-walk step 616/20000: motor target x=429006nm y=-1675718nm
2026-08-18 15:34:27,624 - corrector.core.run - INFO - Random-walk step 617/20000: motor target x=427257nm y=-1677384nm
2026-08-18 15:34:33,483 - corrector.core.run - INFO - Random-walk step 618/20000: motor target x=427852nm y=-1680743nm
2026-08-18 15:34:39,381 - corrector.core.run - INFO - Random-walk step 619/20000: motor target x=428754nm y=-1678106nm
2026-08-18 15:34:44,775 - corrector.core.run - INFO - Random-walk step 620/20000: motor target x=428809nm y=-1677969nm
2026-08-18 15:34:50,597 - corrector.core.run - INFO - Random-walk step 621/20000: motor target x=430752nm y=-1678042nm
2026-08-18 15:34:56,769 - corrector.core.run - INFO - Random-walk step 622/20000: motor target x=429324nm y=-1678458nm
2026-08-18 15:35:01,999 - corrector.core.run - INFO - Random-walk step 623/20000: motor target x=429304nm y=-1678799nm
2026-08-18 15:35:07,674 - corrector.core.run - INFO - Random-walk step 624/20000: motor target x=429301nm y=-1678620nm
2026-08-18 15:35:13,461 - corrector.core.run - INFO - Random-walk step 625/20000: motor target x=429112nm y=-1678847nm
2026-08-18 15:35:19,242 - corrector.core.run - INFO - Random-walk step 626/20000: motor target x=429210nm y=-1679088nm
2026-08-18 15:35:25,338 - corrector.core.run - INFO - Random-walk step 627/20000: motor target x=431628nm y=-1678011nm
2026-08-18 15:35:31,204 - corrector.core.run - INFO - Random-walk step 628/20000: motor target x=430407nm y=-1678655nm
2026-08-18 15:35:36,415 - corrector.core.run - INFO - Random-walk step 629/20000: motor target x=430707nm y=-1680679nm
2026-08-18 15:35:42,190 - corrector.core.run - INFO - Random-walk step 630/20000: motor target x=430439nm y=-1681124nm
2026-08-18 15:35:47,861 - corrector.core.run - INFO - Random-walk step 631/20000: motor target x=432018nm y=-1680833nm
2026-08-18 15:35:53,854 - corrector.core.run - INFO - Random-walk step 632/20000: motor target x=431158nm y=-1678758nm
2026-08-18 15:35:59,246 - corrector.core.run - INFO - Random-walk step 633/20000: motor target x=431065nm y=-1678733nm
2026-08-18 15:36:05,039 - corrector.core.run - INFO - Random-walk step 634/20000: motor target x=431175nm y=-1678911nm
2026-08-18 15:36:11,422 - corrector.core.run - INFO - Random-walk step 635/20000: motor target x=429696nm y=-1678983nm
2026-08-18 15:36:16,769 - corrector.core.run - INFO - Random-walk step 636/20000: motor target x=428849nm y=-1678821nm
2026-08-18 15:36:22,266 - corrector.core.run - INFO - Random-walk step 637/20000: motor target x=429169nm y=-1678508nm
2026-08-18 15:36:27,922 - corrector.core.run - INFO - Random-walk step 638/20000: motor target x=429251nm y=-1678456nm
2026-08-18 15:36:33,897 - corrector.core.run - INFO - Random-walk step 639/20000: motor target x=425962nm y=-1678904nm
2026-08-18 15:36:39,417 - corrector.core.run - INFO - Random-walk step 640/20000: motor target x=426162nm y=-1678823nm
2026-08-18 15:36:45,297 - corrector.core.run - INFO - Random-walk step 641/20000: motor target x=429736nm y=-1675830nm
2026-08-18 15:36:51,031 - corrector.core.run - INFO - Random-walk step 642/20000: motor target x=431572nm y=-1672237nm
2026-08-18 15:36:57,123 - corrector.core.run - INFO - Random-walk step 643/20000: motor target x=435501nm y=-1673613nm
2026-08-18 15:37:02,412 - corrector.core.run - INFO - Random-walk step 644/20000: motor target x=444830nm y=-1666125nm
2026-08-18 15:37:08,102 - corrector.core.run - INFO - Random-walk step 645/20000: motor target x=444970nm y=-1666228nm
2026-08-18 15:37:14,142 - corrector.core.run - INFO - Random-walk step 646/20000: motor target x=445478nm y=-1667040nm
2026-08-18 15:37:19,695 - corrector.core.run - INFO - Random-walk step 647/20000: motor target x=445599nm y=-1666561nm
2026-08-18 15:37:25,702 - corrector.core.run - INFO - Random-walk step 648/20000: motor target x=446026nm y=-1667661nm
2026-08-18 15:37:31,509 - corrector.core.run - INFO - Random-walk step 649/20000: motor target x=444626nm y=-1669180nm
2026-08-18 15:37:36,818 - corrector.core.run - INFO - Random-walk step 650/20000: motor target x=440626nm y=-1670883nm
2026-08-18 15:37:42,607 - corrector.core.run - INFO - Random-walk step 651/20000: motor target x=440751nm y=-1670345nm
2026-08-18 15:37:48,256 - corrector.core.run - INFO - Random-walk step 652/20000: motor target x=440420nm y=-1670143nm
2026-08-18 15:37:54,244 - corrector.core.run - INFO - Random-walk step 653/20000: motor target x=440291nm y=-1671109nm
2026-08-18 15:37:59,823 - corrector.core.run - INFO - Random-walk step 654/20000: motor target x=423774nm y=-1677060nm
2026-08-18 15:38:05,678 - corrector.core.run - INFO - Random-walk step 655/20000: motor target x=422915nm y=-1677235nm
2026-08-18 15:38:11,089 - corrector.core.run - INFO - Random-walk step 656/20000: motor target x=422801nm y=-1677336nm
2026-08-18 15:38:17,114 - corrector.core.run - INFO - Random-walk step 657/20000: motor target x=423373nm y=-1676768nm
2026-08-18 15:38:22,626 - corrector.core.run - INFO - Random-walk step 658/20000: motor target x=425666nm y=-1680086nm
2026-08-18 15:38:28,406 - corrector.core.run - INFO - Random-walk step 659/20000: motor target x=430005nm y=-1681699nm
2026-08-18 15:38:34,243 - corrector.core.run - INFO - Random-walk step 660/20000: motor target x=430552nm y=-1681803nm
2026-08-18 15:38:40,502 - corrector.core.run - INFO - Random-walk step 661/20000: motor target x=430465nm y=-1681827nm
2026-08-18 15:38:46,709 - corrector.core.run - INFO - Random-walk step 662/20000: motor target x=431138nm y=-1683004nm
2026-08-18 15:38:52,329 - corrector.core.run - INFO - Random-walk step 663/20000: motor target x=431977nm y=-1680795nm
2026-08-18 15:38:57,974 - corrector.core.run - INFO - Random-walk step 664/20000: motor target x=431271nm y=-1680112nm
2026-08-18 15:39:06,647 - corrector.core.run - INFO - Random-walk step 665/20000: motor target x=431457nm y=-1679614nm
2026-08-18 15:39:12,693 - corrector.core.run - INFO - Random-walk step 666/20000: motor target x=432528nm y=-1681400nm
2026-08-18 15:39:18,189 - corrector.core.run - INFO - Random-walk step 667/20000: motor target x=433220nm y=-1680687nm
2026-08-18 15:39:23,762 - corrector.core.run - INFO - Random-walk step 668/20000: motor target x=434727nm y=-1671803nm
2026-08-18 15:39:31,065 - corrector.core.run - INFO - Random-walk step 669/20000: motor target x=434854nm y=-1671367nm
2026-08-18 15:39:36,669 - corrector.core.run - INFO - Random-walk step 670/20000: motor target x=434907nm y=-1671442nm
2026-08-18 15:39:42,933 - corrector.core.run - INFO - Random-walk step 671/20000: motor target x=433789nm y=-1670494nm
2026-08-18 15:39:48,305 - corrector.core.run - INFO - Random-walk step 672/20000: motor target x=433716nm y=-1669871nm
2026-08-18 15:39:56,990 - corrector.core.run - INFO - Random-walk step 673/20000: motor target x=439711nm y=-1682103nm
2026-08-18 15:40:02,960 - corrector.core.run - INFO - Random-walk step 674/20000: motor target x=439599nm y=-1681461nm
2026-08-18 15:40:08,415 - corrector.core.run - INFO - Random-walk step 675/20000: motor target x=439475nm y=-1681155nm
2026-08-18 15:40:14,129 - corrector.core.run - INFO - Random-walk step 676/20000: motor target x=439750nm y=-1681225nm
2026-08-18 15:40:20,030 - corrector.core.run - INFO - Random-walk step 677/20000: motor target x=439491nm y=-1681740nm
2026-08-18 15:40:25,607 - corrector.core.run - INFO - Random-walk step 678/20000: motor target x=429035nm y=-1677819nm
2026-08-18 15:40:31,341 - corrector.core.run - INFO - Random-walk step 679/20000: motor target x=427267nm y=-1682365nm
2026-08-18 15:40:37,197 - corrector.core.run - INFO - Random-walk step 680/20000: motor target x=416748nm y=-1676783nm
2026-08-18 15:40:42,802 - corrector.core.run - INFO - Random-walk step 681/20000: motor target x=419955nm y=-1672298nm
2026-08-18 15:40:48,616 - corrector.core.run - INFO - Random-walk step 682/20000: motor target x=419923nm y=-1686622nm
2026-08-18 15:40:54,458 - corrector.core.run - INFO - Random-walk step 683/20000: motor target x=420532nm y=-1684082nm
2026-08-18 15:41:00,024 - corrector.core.run - INFO - Random-walk step 684/20000: motor target x=420406nm y=-1687368nm
2026-08-18 15:41:05,708 - corrector.core.run - INFO - Random-walk step 685/20000: motor target x=426350nm y=-1685224nm
2026-08-18 15:41:11,380 - corrector.core.run - INFO - Random-walk step 686/20000: motor target x=426177nm y=-1685150nm
2026-08-18 15:41:17,244 - corrector.core.run - INFO - Random-walk step 687/20000: motor target x=426106nm y=-1684859nm
2026-08-18 15:41:23,046 - corrector.core.run - INFO - Random-walk step 688/20000: motor target x=437031nm y=-1687302nm
2026-08-18 15:41:30,120 - corrector.core.run - INFO - Random-walk step 689/20000: motor target x=434292nm y=-1684885nm
2026-08-18 15:41:36,068 - corrector.core.run - INFO - Random-walk step 690/20000: motor target x=433591nm y=-1685067nm
2026-08-18 15:41:41,601 - corrector.core.run - INFO - Random-walk step 691/20000: motor target x=436179nm y=-1681819nm
2026-08-18 15:41:47,413 - corrector.core.run - INFO - Random-walk step 692/20000: motor target x=438303nm y=-1679225nm
2026-08-18 15:41:54,788 - corrector.core.run - INFO - Random-walk step 693/20000: motor target x=437782nm y=-1678478nm
2026-08-18 15:42:00,284 - corrector.core.run - INFO - Random-walk step 694/20000: motor target x=437858nm y=-1678745nm
2026-08-18 15:42:06,091 - corrector.core.run - INFO - Random-walk step 695/20000: motor target x=437769nm y=-1675520nm
2026-08-18 15:42:11,765 - corrector.core.run - INFO - Random-walk step 696/20000: motor target x=437970nm y=-1675227nm
2026-08-18 15:42:17,605 - corrector.core.run - INFO - Random-walk step 697/20000: motor target x=437632nm y=-1674838nm
2026-08-18 15:42:25,099 - corrector.core.run - INFO - Random-walk step 698/20000: motor target x=436494nm y=-1674974nm
2026-08-18 15:42:30,481 - corrector.core.run - INFO - Random-walk step 699/20000: motor target x=430680nm y=-1672012nm
2026-08-18 15:42:36,358 - corrector.core.run - INFO - Random-walk step 700/20000: motor target x=430849nm y=-1672615nm
2026-08-18 15:42:41,878 - corrector.core.run - INFO - Random-walk step 701/20000: motor target x=430832nm y=-1668445nm
2026-08-18 15:42:47,708 - corrector.core.run - INFO - Random-walk step 702/20000: motor target x=430848nm y=-1665693nm
2026-08-18 15:42:53,347 - corrector.core.run - INFO - Random-walk step 703/20000: motor target x=431056nm y=-1665681nm
2026-08-18 15:42:59,185 - corrector.core.run - INFO - Random-walk step 704/20000: motor target x=429334nm y=-1657709nm
2026-08-18 15:43:04,756 - corrector.core.run - INFO - Random-walk step 705/20000: motor target x=429225nm y=-1657758nm
2026-08-18 15:43:10,738 - corrector.core.run - INFO - Random-walk step 706/20000: motor target x=435633nm y=-1673253nm
2026-08-18 15:43:16,425 - corrector.core.run - INFO - Random-walk step 707/20000: motor target x=437653nm y=-1679477nm
2026-08-18 15:43:22,044 - corrector.core.run - INFO - Random-walk step 708/20000: motor target x=435598nm y=-1681713nm
2026-08-18 15:43:27,903 - corrector.core.run - INFO - Random-walk step 709/20000: motor target x=430109nm y=-1679951nm
2026-08-18 15:43:33,767 - corrector.core.run - INFO - Random-walk step 710/20000: motor target x=429476nm y=-1679896nm
2026-08-18 15:43:39,527 - corrector.core.run - INFO - Random-walk step 711/20000: motor target x=429231nm y=-1679049nm
2026-08-18 15:43:45,016 - corrector.core.run - INFO - Random-walk step 712/20000: motor target x=429582nm y=-1679364nm
2026-08-18 15:43:50,810 - corrector.core.run - INFO - Random-walk step 713/20000: motor target x=424150nm y=-1675806nm
2026-08-18 15:43:56,741 - corrector.core.run - INFO - Random-walk step 714/20000: motor target x=425078nm y=-1669959nm
2026-08-18 15:44:02,263 - corrector.core.run - INFO - Random-walk step 715/20000: motor target x=426684nm y=-1678964nm
2026-08-18 15:44:07,919 - corrector.core.run - INFO - Random-walk step 716/20000: motor target x=426829nm y=-1679185nm
2026-08-18 15:44:13,761 - corrector.core.run - INFO - Random-walk step 717/20000: motor target x=435098nm y=-1684983nm
2026-08-18 15:44:19,379 - corrector.core.run - INFO - Random-walk step 718/20000: motor target x=434914nm y=-1684683nm
2026-08-18 15:44:25,305 - corrector.core.run - INFO - Random-walk step 719/20000: motor target x=435125nm y=-1684120nm
2026-08-18 15:44:31,042 - corrector.core.run - INFO - Random-walk step 720/20000: motor target x=435816nm y=-1684576nm
2026-08-18 15:44:36,809 - corrector.core.run - INFO - Random-walk step 721/20000: motor target x=430656nm y=-1683908nm
2026-08-18 15:44:42,549 - corrector.core.run - INFO - Random-walk step 722/20000: motor target x=427865nm y=-1684605nm
2026-08-18 15:44:48,046 - corrector.core.run - INFO - Random-walk step 723/20000: motor target x=434459nm y=-1665905nm
2026-08-18 15:44:53,786 - corrector.core.run - INFO - Random-walk step 724/20000: motor target x=431734nm y=-1676968nm
2026-08-18 15:44:59,539 - corrector.core.run - INFO - Random-walk step 725/20000: motor target x=431307nm y=-1676430nm
2026-08-18 15:45:05,259 - corrector.core.run - INFO - Random-walk step 726/20000: motor target x=434522nm y=-1676037nm
2026-08-18 15:45:11,267 - corrector.core.run - INFO - Random-walk step 727/20000: motor target x=435551nm y=-1676780nm
2026-08-18 15:45:16,626 - corrector.core.run - INFO - Random-walk step 728/20000: motor target x=435636nm y=-1676572nm
2026-08-18 15:45:22,230 - corrector.core.run - INFO - Random-walk step 729/20000: motor target x=435708nm y=-1676560nm
2026-08-18 15:45:28,122 - corrector.core.run - INFO - Random-walk step 730/20000: motor target x=435744nm y=-1676195nm
2026-08-18 15:45:33,967 - corrector.core.run - INFO - Random-walk step 731/20000: motor target x=424044nm y=-1667478nm
2026-08-18 15:45:39,637 - corrector.core.run - INFO - Random-walk step 732/20000: motor target x=424239nm y=-1667066nm
2026-08-18 15:45:45,379 - corrector.core.run - INFO - Random-walk step 733/20000: motor target x=423816nm y=-1667015nm
2026-08-18 15:45:51,113 - corrector.core.run - INFO - Random-walk step 734/20000: motor target x=431545nm y=-1663626nm
2026-08-18 15:45:56,805 - corrector.core.run - INFO - Random-walk step 735/20000: motor target x=443759nm y=-1674401nm
2026-08-18 15:46:02,507 - corrector.core.run - INFO - Random-walk step 736/20000: motor target x=436700nm y=-1681359nm
2026-08-18 15:46:08,369 - corrector.core.run - INFO - Random-walk step 737/20000: motor target x=437187nm y=-1681142nm
2026-08-18 15:46:13,941 - corrector.core.run - INFO - Random-walk step 738/20000: motor target x=437522nm y=-1681146nm
2026-08-18 15:46:19,680 - corrector.core.run - INFO - Random-walk step 739/20000: motor target x=437773nm y=-1681085nm
2026-08-18 15:46:25,876 - corrector.core.run - INFO - Random-walk step 740/20000: motor target x=439297nm y=-1679859nm
2026-08-18 15:46:31,264 - corrector.core.run - INFO - Random-walk step 741/20000: motor target x=445112nm y=-1670331nm
2026-08-18 15:46:36,902 - corrector.core.run - INFO - Random-walk step 742/20000: motor target x=437614nm y=-1667908nm
2026-08-18 15:46:42,926 - corrector.core.run - INFO - Random-walk step 743/20000: motor target x=438646nm y=-1668145nm
2026-08-18 15:46:48,546 - corrector.core.run - INFO - Random-walk step 744/20000: motor target x=439402nm y=-1667939nm
2026-08-18 15:46:54,088 - corrector.core.run - INFO - Random-walk step 745/20000: motor target x=439331nm y=-1667810nm
2026-08-18 15:46:59,884 - corrector.core.run - INFO - Random-walk step 746/20000: motor target x=426434nm y=-1653531nm
2026-08-18 15:47:05,509 - corrector.core.run - INFO - Random-walk step 747/20000: motor target x=426495nm y=-1653549nm
2026-08-18 15:47:11,392 - corrector.core.run - INFO - Random-walk step 748/20000: motor target x=417372nm y=-1662476nm
2026-08-18 15:47:16,973 - corrector.core.run - INFO - Random-walk step 749/20000: motor target x=417255nm y=-1662457nm
2026-08-18 15:47:23,049 - corrector.core.run - INFO - Random-walk step 750/20000: motor target x=417999nm y=-1661708nm
2026-08-18 15:47:28,405 - corrector.core.run - INFO - Random-walk step 751/20000: motor target x=417929nm y=-1661672nm
2026-08-18 15:47:34,297 - corrector.core.run - INFO - Random-walk step 752/20000: motor target x=418002nm y=-1661844nm
2026-08-18 15:47:40,157 - corrector.core.run - INFO - Random-walk step 753/20000: motor target x=417506nm y=-1661378nm
2026-08-18 15:47:46,017 - corrector.core.run - INFO - Random-walk step 754/20000: motor target x=416977nm y=-1660488nm
2026-08-18 15:47:51,387 - corrector.core.run - INFO - Random-walk step 755/20000: motor target x=416999nm y=-1660411nm
2026-08-18 15:47:57,268 - corrector.core.run - INFO - Random-walk step 756/20000: motor target x=417079nm y=-1660125nm
2026-08-18 15:48:02,986 - corrector.core.run - INFO - Random-walk step 757/20000: motor target x=421713nm y=-1658217nm
2026-08-18 15:48:08,831 - corrector.core.run - INFO - Random-walk step 758/20000: motor target x=422333nm y=-1654468nm
2026-08-18 15:48:14,550 - corrector.core.run - INFO - Random-walk step 759/20000: motor target x=420009nm y=-1654994nm
2026-08-18 15:48:20,079 - corrector.core.run - INFO - Random-walk step 760/20000: motor target x=419779nm y=-1654902nm
2026-08-18 15:48:25,902 - corrector.core.run - INFO - Random-walk step 761/20000: motor target x=422264nm y=-1658531nm
2026-08-18 15:48:31,637 - corrector.core.run - INFO - Random-walk step 762/20000: motor target x=420393nm y=-1658708nm
2026-08-18 15:48:37,244 - corrector.core.run - INFO - Random-walk step 763/20000: motor target x=420428nm y=-1658597nm
2026-08-18 15:48:43,228 - corrector.core.run - INFO - Random-walk step 764/20000: motor target x=421070nm y=-1670840nm
2026-08-18 15:48:48,692 - corrector.core.run - INFO - Random-walk step 765/20000: motor target x=421020nm y=-1670997nm
2026-08-18 15:48:54,568 - corrector.core.run - INFO - Random-walk step 766/20000: motor target x=427755nm y=-1667041nm
2026-08-18 15:49:00,324 - corrector.core.run - INFO - Random-walk step 767/20000: motor target x=423839nm y=-1659479nm
2026-08-18 15:49:05,934 - corrector.core.run - INFO - Random-walk step 768/20000: motor target x=423741nm y=-1657555nm
2026-08-18 15:49:11,709 - corrector.core.run - INFO - Random-walk step 769/20000: motor target x=424084nm y=-1657903nm
2026-08-18 15:49:17,404 - corrector.core.run - INFO - Random-walk step 770/20000: motor target x=424000nm y=-1658124nm
2026-08-18 15:49:23,394 - corrector.core.run - INFO - Random-walk step 771/20000: motor target x=423314nm y=-1658328nm
2026-08-18 15:49:28,989 - corrector.core.run - INFO - Random-walk step 772/20000: motor target x=422792nm y=-1658839nm
2026-08-18 15:49:34,599 - corrector.core.run - INFO - Random-walk step 773/20000: motor target x=427003nm y=-1661243nm
2026-08-18 15:49:40,846 - corrector.core.run - INFO - Random-walk step 774/20000: motor target x=425478nm y=-1664365nm
2026-08-18 15:49:46,197 - corrector.core.run - INFO - Random-walk step 775/20000: motor target x=415007nm y=-1679045nm
2026-08-18 15:49:51,827 - corrector.core.run - INFO - Random-walk step 776/20000: motor target x=420499nm y=-1686483nm
2026-08-18 15:49:57,563 - corrector.core.run - INFO - Random-walk step 777/20000: motor target x=415581nm y=-1675040nm
2026-08-18 15:50:03,226 - corrector.core.run - INFO - Random-walk step 778/20000: motor target x=418340nm y=-1669369nm
2026-08-18 15:50:08,871 - corrector.core.run - INFO - Random-walk step 779/20000: motor target x=418355nm y=-1669310nm
2026-08-18 15:50:14,761 - corrector.core.run - INFO - Random-walk step 780/20000: motor target x=416424nm y=-1669345nm
2026-08-18 15:50:20,629 - corrector.core.run - INFO - Random-walk step 781/20000: motor target x=415848nm y=-1669949nm
2026-08-18 15:50:26,126 - corrector.core.run - INFO - Random-walk step 782/20000: motor target x=416026nm y=-1670059nm
2026-08-18 15:50:31,921 - corrector.core.run - INFO - Random-walk step 783/20000: motor target x=425685nm y=-1665523nm
2026-08-18 15:50:37,907 - corrector.core.run - INFO - Random-walk step 784/20000: motor target x=424888nm y=-1656562nm
2026-08-18 15:50:43,559 - corrector.core.run - INFO - Random-walk step 785/20000: motor target x=425542nm y=-1657128nm
2026-08-18 15:50:49,667 - corrector.core.run - INFO - Random-walk step 786/20000: motor target x=424429nm y=-1655669nm
2026-08-18 15:50:54,927 - corrector.core.run - INFO - Random-walk step 787/20000: motor target x=436235nm y=-1662226nm
2026-08-18 15:51:00,719 - corrector.core.run - INFO - Random-walk step 788/20000: motor target x=436726nm y=-1662717nm
2026-08-18 15:51:06,209 - corrector.core.run - INFO - Random-walk step 789/20000: motor target x=436760nm y=-1662851nm
2026-08-18 15:51:12,132 - corrector.core.run - INFO - Random-walk step 790/20000: motor target x=430775nm y=-1666137nm
2026-08-18 15:51:17,842 - corrector.core.run - INFO - Random-walk step 791/20000: motor target x=445141nm y=-1679791nm
2026-08-18 15:51:23,619 - corrector.core.run - INFO - Random-walk step 792/20000: motor target x=447063nm y=-1665352nm
2026-08-18 15:51:29,264 - corrector.core.run - INFO - Random-walk step 793/20000: motor target x=446914nm y=-1665806nm
2026-08-18 15:51:35,122 - corrector.core.run - INFO - Random-walk step 794/20000: motor target x=446863nm y=-1666394nm
2026-08-18 15:51:40,566 - corrector.core.run - INFO - Random-walk step 795/20000: motor target x=446870nm y=-1666322nm
2026-08-18 15:51:46,288 - corrector.core.run - INFO - Random-walk step 796/20000: motor target x=446798nm y=-1666343nm
2026-08-18 15:51:52,244 - corrector.core.run - INFO - Random-walk step 797/20000: motor target x=446500nm y=-1666624nm
2026-08-18 15:51:58,024 - corrector.core.run - INFO - Random-walk step 798/20000: motor target x=447041nm y=-1666837nm
2026-08-18 15:52:03,662 - corrector.core.run - INFO - Random-walk step 799/20000: motor target x=447292nm y=-1666413nm
2026-08-18 15:52:09,763 - corrector.core.run - INFO - Random-walk step 800/20000: motor target x=447010nm y=-1666283nm
2026-08-18 15:52:15,549 - corrector.core.run - INFO - Random-walk step 801/20000: motor target x=448253nm y=-1665505nm
2026-08-18 15:52:21,532 - corrector.core.run - INFO - Random-walk step 802/20000: motor target x=447697nm y=-1665262nm
2026-08-18 15:52:26,991 - corrector.core.run - INFO - Random-walk step 803/20000: motor target x=447614nm y=-1665203nm
2026-08-18 15:52:32,821 - corrector.core.run - INFO - Random-walk step 804/20000: motor target x=445311nm y=-1663321nm
2026-08-18 15:52:38,842 - corrector.core.run - INFO - Random-walk step 805/20000: motor target x=446224nm y=-1661261nm
2026-08-18 15:52:45,879 - corrector.core.run - INFO - Random-walk step 806/20000: motor target x=449651nm y=-1674227nm
2026-08-18 15:52:54,724 - corrector.core.run - INFO - Random-walk step 807/20000: motor target x=450279nm y=-1674216nm
2026-08-18 15:53:00,256 - corrector.core.run - INFO - Random-walk step 808/20000: motor target x=450325nm y=-1674071nm
2026-08-18 15:53:06,109 - corrector.core.run - INFO - Random-walk step 809/20000: motor target x=434401nm y=-1681260nm
2026-08-18 15:53:12,234 - corrector.core.run - INFO - Random-walk step 810/20000: motor target x=435006nm y=-1681799nm
2026-08-18 15:53:19,067 - corrector.core.run - INFO - Random-walk step 811/20000: motor target x=437247nm y=-1681359nm
2026-08-18 15:53:24,951 - corrector.core.run - INFO - Random-walk step 812/20000: motor target x=436429nm y=-1681473nm
2026-08-18 15:53:30,467 - corrector.core.run - INFO - Random-walk step 813/20000: motor target x=436537nm y=-1681852nm
2026-08-18 15:53:36,677 - corrector.core.run - INFO - Random-walk step 814/20000: motor target x=430900nm y=-1683276nm
2026-08-18 15:53:42,041 - corrector.core.run - INFO - Random-walk step 815/20000: motor target x=431462nm y=-1685530nm
2026-08-18 15:53:47,874 - corrector.core.run - INFO - Random-walk step 816/20000: motor target x=431615nm y=-1684630nm
2026-08-18 15:53:53,841 - corrector.core.run - INFO - Random-walk step 817/20000: motor target x=433008nm y=-1683905nm
2026-08-18 15:53:59,128 - corrector.core.run - INFO - Random-walk step 818/20000: motor target x=429688nm y=-1668734nm
2026-08-18 15:54:05,128 - corrector.core.run - INFO - Random-walk step 819/20000: motor target x=431453nm y=-1669699nm
2026-08-18 15:54:10,446 - corrector.core.run - INFO - Random-walk step 820/20000: motor target x=431425nm y=-1669507nm
2026-08-18 15:54:16,728 - corrector.core.run - INFO - Random-walk step 821/20000: motor target x=432264nm y=-1668266nm
2026-08-18 15:54:22,005 - corrector.core.run - INFO - Random-walk step 822/20000: motor target x=434894nm y=-1665994nm
2026-08-18 15:54:27,773 - corrector.core.run - INFO - Random-walk step 823/20000: motor target x=451262nm y=-1671240nm
2026-08-18 15:54:33,458 - corrector.core.run - INFO - Random-walk step 824/20000: motor target x=442877nm y=-1681076nm
2026-08-18 15:54:39,248 - corrector.core.run - INFO - Random-walk step 825/20000: motor target x=439393nm y=-1678019nm
2026-08-18 15:54:45,168 - corrector.core.run - INFO - Random-walk step 826/20000: motor target x=440211nm y=-1680427nm
2026-08-18 15:54:50,720 - corrector.core.run - INFO - Random-walk step 827/20000: motor target x=442315nm y=-1675342nm
2026-08-18 15:54:56,676 - corrector.core.run - INFO - Random-walk step 828/20000: motor target x=440053nm y=-1674348nm
2026-08-18 15:55:02,142 - corrector.core.run - INFO - Random-walk step 829/20000: motor target x=439619nm y=-1674262nm
2026-08-18 15:55:07,750 - corrector.core.run - INFO - Random-walk step 830/20000: motor target x=439603nm y=-1674164nm
2026-08-18 15:55:13,651 - corrector.core.run - INFO - Random-walk step 831/20000: motor target x=436424nm y=-1675967nm
2026-08-18 15:55:19,532 - corrector.core.run - INFO - Random-walk step 832/20000: motor target x=436206nm y=-1676775nm
2026-08-18 15:55:25,229 - corrector.core.run - INFO - Random-walk step 833/20000: motor target x=436357nm y=-1677419nm
2026-08-18 15:55:30,691 - corrector.core.run - INFO - Random-walk step 834/20000: motor target x=436472nm y=-1677378nm
2026-08-18 15:55:36,724 - corrector.core.run - INFO - Random-walk step 835/20000: motor target x=437303nm y=-1677537nm
2026-08-18 15:55:42,148 - corrector.core.run - INFO - Random-walk step 836/20000: motor target x=437247nm y=-1677472nm
2026-08-18 15:55:48,229 - corrector.core.run - INFO - Random-walk step 837/20000: motor target x=433731nm y=-1676525nm
2026-08-18 15:55:53,602 - corrector.core.run - INFO - Random-walk step 838/20000: motor target x=433656nm y=-1676535nm
2026-08-18 15:55:59,779 - corrector.core.run - INFO - Random-walk step 839/20000: motor target x=432414nm y=-1681076nm
2026-08-18 15:56:05,267 - corrector.core.run - INFO - Random-walk step 840/20000: motor target x=432302nm y=-1681590nm
2026-08-18 15:56:11,192 - corrector.core.run - INFO - Random-walk step 841/20000: motor target x=438665nm y=-1680543nm
2026-08-18 15:56:16,573 - corrector.core.run - INFO - Random-walk step 842/20000: motor target x=429878nm y=-1684659nm
2026-08-18 15:56:22,297 - corrector.core.run - INFO - Random-walk step 843/20000: motor target x=420522nm y=-1680353nm
2026-08-18 15:56:28,171 - corrector.core.run - INFO - Random-walk step 844/20000: motor target x=420941nm y=-1673455nm
2026-08-18 15:56:33,974 - corrector.core.run - INFO - Random-walk step 845/20000: motor target x=420356nm y=-1673881nm
2026-08-18 15:56:39,515 - corrector.core.run - INFO - Random-walk step 846/20000: motor target x=420525nm y=-1674246nm
2026-08-18 15:56:45,314 - corrector.core.run - INFO - Random-walk step 847/20000: motor target x=414253nm y=-1672657nm
2026-08-18 15:56:51,148 - corrector.core.run - INFO - Random-walk step 848/20000: motor target x=413659nm y=-1670239nm
2026-08-18 15:56:56,749 - corrector.core.run - INFO - Random-walk step 849/20000: motor target x=414124nm y=-1670229nm
2026-08-18 15:57:02,510 - corrector.core.run - INFO - Random-walk step 850/20000: motor target x=411937nm y=-1672112nm
2026-08-18 15:57:08,116 - corrector.core.run - INFO - Random-walk step 851/20000: motor target x=412019nm y=-1671840nm
2026-08-18 15:57:13,964 - corrector.core.run - INFO - Random-walk step 852/20000: motor target x=413755nm y=-1670165nm
2026-08-18 15:57:19,790 - corrector.core.run - INFO - Random-walk step 853/20000: motor target x=416934nm y=-1670681nm
2026-08-18 15:57:25,592 - corrector.core.run - INFO - Random-walk step 854/20000: motor target x=417060nm y=-1671404nm
2026-08-18 15:57:31,148 - corrector.core.run - INFO - Random-walk step 855/20000: motor target x=417178nm y=-1671744nm
2026-08-18 15:57:36,834 - corrector.core.run - INFO - Random-walk step 856/20000: motor target x=425575nm y=-1674553nm
2026-08-18 15:57:42,724 - corrector.core.run - INFO - Random-walk step 857/20000: motor target x=425788nm y=-1674025nm
2026-08-18 15:57:49,968 - corrector.core.run - INFO - Random-walk step 858/20000: motor target x=426005nm y=-1673473nm
2026-08-18 15:57:55,833 - corrector.core.run - INFO - Random-walk step 859/20000: motor target x=426849nm y=-1671812nm
2026-08-18 15:58:01,433 - corrector.core.run - INFO - Random-walk step 860/20000: motor target x=426353nm y=-1672364nm
2026-08-18 15:58:08,591 - corrector.core.run - INFO - Random-walk step 861/20000: motor target x=431616nm y=-1668967nm
2026-08-18 15:58:15,820 - corrector.core.run - INFO - Random-walk step 862/20000: motor target x=428862nm y=-1667319nm
2026-08-18 15:58:22,005 - corrector.core.run - INFO - Random-walk step 863/20000: motor target x=428209nm y=-1665841nm
2026-08-18 15:58:27,213 - corrector.core.run - INFO - Random-walk step 864/20000: motor target x=428116nm y=-1666040nm
2026-08-18 15:58:33,225 - corrector.core.run - INFO - Random-walk step 865/20000: motor target x=427991nm y=-1665282nm
2026-08-18 15:58:38,973 - corrector.core.run - INFO - Random-walk step 866/20000: motor target x=430386nm y=-1664434nm
2026-08-18 15:58:44,461 - corrector.core.run - INFO - Random-walk step 867/20000: motor target x=424044nm y=-1658621nm
2026-08-18 15:58:50,219 - corrector.core.run - INFO - Random-walk step 868/20000: motor target x=423655nm y=-1658267nm
2026-08-18 15:58:56,093 - corrector.core.run - INFO - Random-walk step 869/20000: motor target x=424383nm y=-1658075nm
2026-08-18 15:59:03,603 - corrector.core.run - INFO - Random-walk step 870/20000: motor target x=425701nm y=-1659333nm
2026-08-18 15:59:08,873 - corrector.core.run - INFO - Random-walk step 871/20000: motor target x=428693nm y=-1662244nm
2026-08-18 15:59:15,073 - corrector.core.run - INFO - Random-walk step 872/20000: motor target x=431037nm y=-1660813nm
2026-08-18 15:59:20,350 - corrector.core.run - INFO - Random-walk step 873/20000: motor target x=431426nm y=-1660796nm
2026-08-18 15:59:26,445 - corrector.core.run - INFO - Random-walk step 874/20000: motor target x=430470nm y=-1659793nm
2026-08-18 15:59:31,840 - corrector.core.run - INFO - Random-walk step 875/20000: motor target x=421699nm y=-1670603nm
2026-08-18 15:59:37,533 - corrector.core.run - INFO - Random-walk step 876/20000: motor target x=426159nm y=-1666301nm
2026-08-18 15:59:43,245 - corrector.core.run - INFO - Random-walk step 877/20000: motor target x=431087nm y=-1675893nm
2026-08-18 15:59:49,311 - corrector.core.run - INFO - Random-walk step 878/20000: motor target x=426282nm y=-1676986nm
2026-08-18 15:59:54,694 - corrector.core.run - INFO - Random-walk step 879/20000: motor target x=426000nm y=-1676749nm
2026-08-18 16:00:00,432 - corrector.core.run - INFO - Random-walk step 880/20000: motor target x=435253nm y=-1675113nm
2026-08-18 16:00:06,274 - corrector.core.run - INFO - Random-walk step 881/20000: motor target x=432087nm y=-1682656nm
2026-08-18 16:00:13,394 - corrector.core.run - INFO - Random-walk step 882/20000: motor target x=432106nm y=-1682916nm
2026-08-18 16:00:19,420 - corrector.core.run - INFO - Random-walk step 883/20000: motor target x=431145nm y=-1682901nm
2026-08-18 16:00:24,902 - corrector.core.run - INFO - Random-walk step 884/20000: motor target x=423199nm y=-1686287nm
2026-08-18 16:00:30,609 - corrector.core.run - INFO - Random-walk step 885/20000: motor target x=425668nm y=-1676064nm
2026-08-18 16:00:36,484 - corrector.core.run - INFO - Random-walk step 886/20000: motor target x=425339nm y=-1675566nm
2026-08-18 16:00:42,384 - corrector.core.run - INFO - Random-walk step 887/20000: motor target x=424290nm y=-1678814nm
2026-08-18 16:00:47,786 - corrector.core.run - INFO - Random-walk step 888/20000: motor target x=424555nm y=-1678938nm
2026-08-18 16:00:53,472 - corrector.core.run - INFO - Random-walk step 889/20000: motor target x=424451nm y=-1679006nm
2026-08-18 16:00:59,404 - corrector.core.run - INFO - Random-walk step 890/20000: motor target x=424003nm y=-1679174nm
2026-08-18 16:01:04,928 - corrector.core.run - INFO - Random-walk step 891/20000: motor target x=424080nm y=-1679199nm
2026-08-18 16:01:11,254 - corrector.core.run - INFO - Random-walk step 892/20000: motor target x=425621nm y=-1679792nm
2026-08-18 16:01:16,657 - corrector.core.run - INFO - Random-walk step 893/20000: motor target x=424850nm y=-1679863nm
2026-08-18 16:01:22,273 - corrector.core.run - INFO - Random-walk step 894/20000: motor target x=428534nm y=-1684200nm
2026-08-18 16:01:28,115 - corrector.core.run - INFO - Random-walk step 895/20000: motor target x=427824nm y=-1684202nm
2026-08-18 16:01:33,767 - corrector.core.run - INFO - Random-walk step 896/20000: motor target x=425874nm y=-1684455nm
2026-08-18 16:01:42,796 - corrector.core.run - INFO - Random-walk step 897/20000: motor target x=423964nm y=-1689063nm
2026-08-18 16:01:48,801 - corrector.core.run - INFO - Random-walk step 898/20000: motor target x=425382nm y=-1685511nm
2026-08-18 16:01:53,953 - corrector.core.run - INFO - Random-walk step 899/20000: motor target x=425900nm y=-1685481nm
2026-08-18 16:01:59,633 - corrector.core.run - INFO - Random-walk step 900/20000: motor target x=427671nm y=-1681956nm
2026-08-18 16:02:05,875 - corrector.core.run - INFO - Random-walk step 901/20000: motor target x=426091nm y=-1682566nm
2026-08-18 16:02:10,964 - corrector.core.run - INFO - Random-walk step 902/20000: motor target x=426098nm y=-1682625nm
2026-08-18 16:02:16,886 - corrector.core.run - INFO - Random-walk step 903/20000: motor target x=426430nm y=-1682084nm
2026-08-18 16:02:23,159 - corrector.core.run - INFO - Random-walk step 904/20000: motor target x=427808nm y=-1683512nm
2026-08-18 16:02:28,397 - corrector.core.run - INFO - Random-walk step 905/20000: motor target x=427417nm y=-1684067nm
2026-08-18 16:02:36,194 - flexsem.state.manager - INFO - Disconnecting from 192.168.1.1:3000
2026-08-18 16:02:36,194 - flexsem.state.manager - INFO - Connection aborted on listening socket.
2026-08-18 16:02:36,194 - flexsem.state.manager - INFO - Disconnected from 192.168.1.1:3000
2026-08-18 16:02:36,195 - corrector.core.run - INFO - Disconnected; dataset remains at hysteresis_dataset_20260818_143513_530862.jsonl
