2026-08-17 22:48:30,446 - root - INFO - Logging configured successfully.
2026-08-17 22:48:30,446 - root - INFO - Log level: INFO, Log file: logs\last.log
2026-08-17 22:48:30,446 - corrector.core.run - INFO - Starting bounded random-walk hysteresis data collection
2026-08-17 22:48:30,448 - corrector.core.run - INFO - Dataset is appended durably to hysteresis_dataset_20260817_224830_446197.jsonl
2026-08-17 22:48:30,448 - flexsem.state.manager - INFO - Connecting to 192.168.1.1:3000
2026-08-17 22:48:30,449 - flexsem.state.manager - INFO - Connected to 192.168.1.1:3000
2026-08-17 22:48:30,450 - corrector.core.run - INFO - Connected to 0300
2026-08-17 22:48:30,450 - corrector.core.run - INFO - Random-walk base x=292100nm y=-406650nm, radius=20000nm, seed=1786999710450210500
2026-08-17 22:48:30,478 - flexsem.state.manager - WARNING - Set command reported NG during initial Ack response
2026-08-17 22:48:30,478 - flexsem.state.manager - WARNING - Response <SET MAGNIFICATION EXECUTE (Response) EchoedData='8000' Ack=NG> was reported as not good
2026-08-17 22:48:30,478 - flexsem.state.manager - WARNING - Attempt 1/3 failed with SEM error: SEM returned NG for sub=MAGNIFICATION ext=EXECUTE
2026-08-17 22:48:42,428 - corrector.core.run - INFO - Moved to random-walk base motor command x=292100nm y=-406650nm
2026-08-17 22:48:49,536 - corrector.core.run - INFO - Random-walk step 1/7000: motor target x=291620nm y=-406467nm
2026-08-17 22:48:55,575 - corrector.core.run - INFO - Random-walk step 2/7000: motor target x=292987nm y=-406795nm
2026-08-17 22:49:00,760 - corrector.core.run - INFO - Random-walk step 3/7000: motor target x=293048nm y=-406709nm
2026-08-17 22:49:09,801 - corrector.core.run - INFO - Random-walk step 4/7000: motor target x=293704nm y=-406931nm
2026-08-17 22:49:15,535 - corrector.core.run - INFO - Random-walk step 5/7000: motor target x=292942nm y=-407073nm
2026-08-17 22:49:21,052 - corrector.core.run - INFO - Random-walk step 6/7000: motor target x=292644nm y=-403152nm
2026-08-17 22:49:26,742 - corrector.core.run - INFO - Random-walk step 7/7000: motor target x=292683nm y=-405031nm
2026-08-17 22:49:32,910 - corrector.core.run - INFO - Random-walk step 8/7000: motor target x=292745nm y=-404894nm
2026-08-17 22:49:38,212 - corrector.core.run - INFO - Random-walk step 9/7000: motor target x=292924nm y=-404750nm
2026-08-17 22:49:44,196 - corrector.core.run - INFO - Random-walk step 10/7000: motor target x=293106nm y=-405575nm
2026-08-17 22:49:49,836 - corrector.core.run - INFO - Random-walk step 11/7000: motor target x=292503nm y=-405468nm
2026-08-17 22:49:55,543 - corrector.core.run - INFO - Random-walk step 12/7000: motor target x=292902nm y=-410047nm
2026-08-17 22:50:01,206 - corrector.core.run - INFO - Random-walk step 13/7000: motor target x=286401nm y=-416273nm
2026-08-17 22:50:06,906 - corrector.core.run - INFO - Random-walk step 14/7000: motor target x=286322nm y=-415877nm
2026-08-17 22:50:12,835 - corrector.core.run - INFO - Random-walk step 15/7000: motor target x=286816nm y=-416036nm
2026-08-17 22:50:18,544 - corrector.core.run - INFO - Random-walk step 16/7000: motor target x=284829nm y=-415415nm
2026-08-17 22:50:24,153 - corrector.core.run - INFO - Random-walk step 17/7000: motor target x=284236nm y=-415040nm
2026-08-17 22:50:30,055 - corrector.core.run - INFO - Random-walk step 18/7000: motor target x=283614nm y=-415755nm
2026-08-17 22:50:35,667 - corrector.core.run - INFO - Random-walk step 19/7000: motor target x=283521nm y=-416551nm
2026-08-17 22:50:41,242 - corrector.core.run - INFO - Random-walk step 20/7000: motor target x=279396nm y=-416766nm
2026-08-17 22:50:47,229 - corrector.core.run - INFO - Random-walk step 21/7000: motor target x=279206nm y=-415838nm
2026-08-17 22:50:52,747 - corrector.core.run - INFO - Random-walk step 22/7000: motor target x=278843nm y=-415341nm
2026-08-17 22:50:58,352 - corrector.core.run - INFO - Random-walk step 23/7000: motor target x=277216nm y=-419421nm
2026-08-17 22:51:04,304 - corrector.core.run - INFO - Random-walk step 24/7000: motor target x=277237nm y=-418593nm
2026-08-17 22:51:10,044 - corrector.core.run - INFO - Random-walk step 25/7000: motor target x=279236nm y=-419274nm
2026-08-17 22:51:15,796 - corrector.core.run - INFO - Random-walk step 26/7000: motor target x=279448nm y=-420001nm
2026-08-17 22:51:21,208 - corrector.core.run - INFO - Random-walk step 27/7000: motor target x=279457nm y=-420075nm
2026-08-17 22:51:27,086 - corrector.core.run - INFO - Random-walk step 28/7000: motor target x=275940nm y=-416992nm
2026-08-17 22:51:32,912 - corrector.core.run - INFO - Random-walk step 29/7000: motor target x=275465nm y=-413888nm
2026-08-17 22:51:38,408 - corrector.core.run - INFO - Random-walk step 30/7000: motor target x=275642nm y=-413937nm
2026-08-17 22:51:45,962 - corrector.core.run - INFO - Random-walk step 31/7000: motor target x=276083nm y=-414442nm
2026-08-17 22:51:51,704 - corrector.core.run - INFO - Random-walk step 32/7000: motor target x=275392nm y=-414335nm
2026-08-17 22:51:57,591 - corrector.core.run - INFO - Random-walk step 33/7000: motor target x=274289nm y=-412645nm
2026-08-17 22:52:03,493 - corrector.core.run - INFO - Random-walk step 34/7000: motor target x=280358nm y=-414073nm
2026-08-17 22:52:09,107 - corrector.core.run - INFO - Random-walk step 35/7000: motor target x=282021nm y=-412899nm
2026-08-17 22:52:14,413 - corrector.core.run - INFO - Random-walk step 36/7000: motor target x=282101nm y=-412803nm
2026-08-17 22:52:20,408 - corrector.core.run - INFO - Random-walk step 37/7000: motor target x=281996nm y=-412031nm
2026-08-17 22:52:26,105 - corrector.core.run - INFO - Random-walk step 38/7000: motor target x=282471nm y=-412626nm
2026-08-17 22:52:32,063 - corrector.core.run - INFO - Random-walk step 39/7000: motor target x=283163nm y=-413869nm
2026-08-17 22:52:38,100 - corrector.core.run - INFO - Random-walk step 40/7000: motor target x=283103nm y=-413547nm
2026-08-17 22:52:43,049 - corrector.core.run - INFO - Random-walk step 41/7000: motor target x=283299nm y=-413302nm
2026-08-17 22:52:49,147 - corrector.core.run - INFO - Random-walk step 42/7000: motor target x=282298nm y=-413977nm
2026-08-17 22:52:54,506 - corrector.core.run - INFO - Random-walk step 43/7000: motor target x=282664nm y=-413901nm
2026-08-17 22:53:01,515 - corrector.core.run - INFO - Random-walk step 44/7000: motor target x=282463nm y=-413706nm
2026-08-17 22:53:08,081 - corrector.core.run - INFO - Random-walk step 45/7000: motor target x=283895nm y=-412359nm
2026-08-17 22:53:13,334 - corrector.core.run - INFO - Random-walk step 46/7000: motor target x=284225nm y=-412640nm
2026-08-17 22:53:19,117 - corrector.core.run - INFO - Random-walk step 47/7000: motor target x=284650nm y=-412080nm
2026-08-17 22:53:24,669 - corrector.core.run - INFO - Random-walk step 48/7000: motor target x=286450nm y=-413696nm
2026-08-17 22:53:31,882 - corrector.core.run - INFO - Random-walk step 49/7000: motor target x=289680nm y=-416353nm
2026-08-17 22:53:39,115 - corrector.core.run - INFO - Random-walk step 50/7000: motor target x=289703nm y=-416040nm
2026-08-17 22:53:45,386 - corrector.core.run - INFO - Random-walk step 51/7000: motor target x=288208nm y=-416884nm
2026-08-17 22:53:50,558 - corrector.core.run - INFO - Random-walk step 52/7000: motor target x=288359nm y=-417056nm
2026-08-17 22:53:56,399 - corrector.core.run - INFO - Random-walk step 53/7000: motor target x=285649nm y=-413667nm
2026-08-17 22:54:02,278 - corrector.core.run - INFO - Random-walk step 54/7000: motor target x=286340nm y=-413674nm
2026-08-17 22:54:07,925 - corrector.core.run - INFO - Random-walk step 55/7000: motor target x=286852nm y=-413077nm
2026-08-17 22:54:13,792 - corrector.core.run - INFO - Random-walk step 56/7000: motor target x=283937nm y=-413898nm
2026-08-17 22:54:19,685 - corrector.core.run - INFO - Random-walk step 57/7000: motor target x=280776nm y=-415296nm
2026-08-17 22:54:25,390 - corrector.core.run - INFO - Random-walk step 58/7000: motor target x=279524nm y=-417226nm
2026-08-17 22:54:30,669 - corrector.core.run - INFO - Random-walk step 59/7000: motor target x=279245nm y=-417269nm
2026-08-17 22:54:36,624 - corrector.core.run - INFO - Random-walk step 60/7000: motor target x=279947nm y=-417055nm
2026-08-17 22:54:42,591 - corrector.core.run - INFO - Random-walk step 61/7000: motor target x=278684nm y=-418155nm
2026-08-17 22:54:48,130 - corrector.core.run - INFO - Random-walk step 62/7000: motor target x=277908nm y=-419936nm
2026-08-17 22:54:53,744 - corrector.core.run - INFO - Random-walk step 63/7000: motor target x=278621nm y=-419788nm
2026-08-17 22:54:59,650 - corrector.core.run - INFO - Random-walk step 64/7000: motor target x=277614nm y=-417717nm
2026-08-17 22:55:05,038 - corrector.core.run - INFO - Random-walk step 65/7000: motor target x=277790nm y=-417444nm
2026-08-17 22:55:10,961 - corrector.core.run - INFO - Random-walk step 66/7000: motor target x=277508nm y=-418070nm
2026-08-17 22:55:16,495 - corrector.core.run - INFO - Random-walk step 67/7000: motor target x=280147nm y=-420555nm
2026-08-17 22:55:22,616 - corrector.core.run - INFO - Random-walk step 68/7000: motor target x=281371nm y=-423272nm
2026-08-17 22:55:28,247 - corrector.core.run - INFO - Random-walk step 69/7000: motor target x=280545nm y=-421119nm
2026-08-17 22:55:33,732 - corrector.core.run - INFO - Random-walk step 70/7000: motor target x=280944nm y=-420945nm
2026-08-17 22:55:39,769 - corrector.core.run - INFO - Random-walk step 71/7000: motor target x=281092nm y=-422106nm
2026-08-17 22:55:45,049 - corrector.core.run - INFO - Random-walk step 72/7000: motor target x=281061nm y=-422030nm
2026-08-17 22:55:50,768 - corrector.core.run - INFO - Random-walk step 73/7000: motor target x=281127nm y=-422064nm
2026-08-17 22:55:56,700 - corrector.core.run - INFO - Random-walk step 74/7000: motor target x=280669nm y=-422085nm
2026-08-17 22:56:02,250 - corrector.core.run - INFO - Random-walk step 75/7000: motor target x=280867nm y=-422053nm
2026-08-17 22:56:08,084 - corrector.core.run - INFO - Random-walk step 76/7000: motor target x=280597nm y=-419679nm
2026-08-17 22:56:13,694 - corrector.core.run - INFO - Random-walk step 77/7000: motor target x=280449nm y=-419906nm
2026-08-17 22:56:19,424 - corrector.core.run - INFO - Random-walk step 78/7000: motor target x=280670nm y=-420047nm
2026-08-17 22:56:25,192 - corrector.core.run - INFO - Random-walk step 79/7000: motor target x=280432nm y=-420310nm
2026-08-17 22:56:31,170 - corrector.core.run - INFO - Random-walk step 80/7000: motor target x=278831nm y=-421100nm
2026-08-17 22:56:36,948 - corrector.core.run - INFO - Random-walk step 81/7000: motor target x=279580nm y=-420153nm
2026-08-17 22:56:42,707 - corrector.core.run - INFO - Random-walk step 82/7000: motor target x=279789nm y=-421233nm
2026-08-17 22:56:48,124 - corrector.core.run - INFO - Random-walk step 83/7000: motor target x=281714nm y=-420899nm
2026-08-17 22:56:53,873 - corrector.core.run - INFO - Random-walk step 84/7000: motor target x=281625nm y=-420439nm
2026-08-17 22:56:59,702 - corrector.core.run - INFO - Random-walk step 85/7000: motor target x=282217nm y=-423036nm
2026-08-17 22:57:05,561 - corrector.core.run - INFO - Random-walk step 86/7000: motor target x=281688nm y=-422214nm
2026-08-17 22:57:10,950 - corrector.core.run - INFO - Random-walk step 87/7000: motor target x=281819nm y=-422061nm
2026-08-17 22:57:16,832 - corrector.core.run - INFO - Random-walk step 88/7000: motor target x=282178nm y=-421975nm
2026-08-17 22:57:22,955 - corrector.core.run - INFO - Random-walk step 89/7000: motor target x=283225nm y=-423308nm
2026-08-17 22:57:28,194 - corrector.core.run - INFO - Random-walk step 90/7000: motor target x=290370nm y=-421345nm
2026-08-17 22:57:35,770 - corrector.core.run - INFO - Random-walk step 91/7000: motor target x=294529nm y=-416670nm
2026-08-17 22:57:42,263 - corrector.core.run - INFO - Random-walk step 92/7000: motor target x=294962nm y=-416803nm
2026-08-17 22:57:47,934 - corrector.core.run - INFO - Random-walk step 93/7000: motor target x=294976nm y=-416332nm
2026-08-17 22:57:53,652 - corrector.core.run - INFO - Random-walk step 94/7000: motor target x=294547nm y=-416069nm
2026-08-17 22:57:59,327 - corrector.core.run - INFO - Random-walk step 95/7000: motor target x=294348nm y=-415714nm
2026-08-17 22:58:05,565 - corrector.core.run - INFO - Random-walk step 96/7000: motor target x=293695nm y=-416983nm
2026-08-17 22:58:10,775 - corrector.core.run - INFO - Random-walk step 97/7000: motor target x=292024nm y=-416757nm
2026-08-17 22:58:16,681 - corrector.core.run - INFO - Random-walk step 98/7000: motor target x=292586nm y=-417119nm
2026-08-17 22:58:22,210 - corrector.core.run - INFO - Random-walk step 99/7000: motor target x=292783nm y=-414028nm
2026-08-17 22:58:28,031 - corrector.core.run - INFO - Random-walk step 100/7000: motor target x=292973nm y=-413649nm
2026-08-17 22:58:34,345 - corrector.core.run - INFO - Random-walk step 101/7000: motor target x=292954nm y=-413956nm
2026-08-17 22:58:39,727 - corrector.core.run - INFO - Random-walk step 102/7000: motor target x=291973nm y=-413916nm
2026-08-17 22:58:45,065 - corrector.core.run - INFO - Random-walk step 103/7000: motor target x=292122nm y=-413838nm
2026-08-17 22:58:50,909 - corrector.core.run - INFO - Random-walk step 104/7000: motor target x=294765nm y=-410167nm
2026-08-17 22:58:56,816 - corrector.core.run - INFO - Random-walk step 105/7000: motor target x=295573nm y=-409934nm
2026-08-17 22:59:02,677 - corrector.core.run - INFO - Random-walk step 106/7000: motor target x=296807nm y=-412390nm
2026-08-17 22:59:08,000 - corrector.core.run - INFO - Random-walk step 107/7000: motor target x=299257nm y=-416351nm
2026-08-17 22:59:13,824 - corrector.core.run - INFO - Random-walk step 108/7000: motor target x=299717nm y=-416356nm
2026-08-17 22:59:20,231 - corrector.core.run - INFO - Random-walk step 109/7000: motor target x=297287nm y=-415927nm
2026-08-17 22:59:25,076 - corrector.core.run - INFO - Random-walk step 110/7000: motor target x=297196nm y=-415975nm
2026-08-17 22:59:31,112 - corrector.core.run - INFO - Random-walk step 111/7000: motor target x=296574nm y=-409916nm
2026-08-17 22:59:36,684 - corrector.core.run - INFO - Random-walk step 112/7000: motor target x=296869nm y=-410354nm
2026-08-17 22:59:42,592 - corrector.core.run - INFO - Random-walk step 113/7000: motor target x=296100nm y=-410876nm
2026-08-17 22:59:49,888 - corrector.core.run - INFO - Random-walk step 114/7000: motor target x=296935nm y=-410634nm
2026-08-17 22:59:55,261 - corrector.core.run - INFO - Random-walk step 115/7000: motor target x=297179nm y=-410779nm
2026-08-17 23:00:01,465 - corrector.core.run - INFO - Random-walk step 116/7000: motor target x=292990nm y=-412099nm
2026-08-17 23:00:06,905 - corrector.core.run - INFO - Random-walk step 117/7000: motor target x=292236nm y=-412129nm
2026-08-17 23:00:12,559 - corrector.core.run - INFO - Random-walk step 118/7000: motor target x=292691nm y=-412029nm
2026-08-17 23:00:18,222 - corrector.core.run - INFO - Random-walk step 119/7000: motor target x=292496nm y=-412345nm
2026-08-17 23:00:24,253 - corrector.core.run - INFO - Random-walk step 120/7000: motor target x=291523nm y=-414251nm
2026-08-17 23:00:30,136 - corrector.core.run - INFO - Random-walk step 121/7000: motor target x=292730nm y=-413041nm
2026-08-17 23:00:35,887 - corrector.core.run - INFO - Random-walk step 122/7000: motor target x=292747nm y=-412970nm
2026-08-17 23:00:41,251 - corrector.core.run - INFO - Random-walk step 123/7000: motor target x=292607nm y=-413542nm
2026-08-17 23:00:47,245 - corrector.core.run - INFO - Random-walk step 124/7000: motor target x=293651nm y=-412430nm
2026-08-17 23:00:52,689 - corrector.core.run - INFO - Random-walk step 125/7000: motor target x=293668nm y=-413055nm
2026-08-17 23:00:58,291 - corrector.core.run - INFO - Random-walk step 126/7000: motor target x=293782nm y=-413314nm
2026-08-17 23:01:04,011 - corrector.core.run - INFO - Random-walk step 127/7000: motor target x=293637nm y=-410908nm
2026-08-17 23:01:09,915 - corrector.core.run - INFO - Random-walk step 128/7000: motor target x=289369nm y=-411449nm
2026-08-17 23:01:15,462 - corrector.core.run - INFO - Random-walk step 129/7000: motor target x=289299nm y=-414804nm
2026-08-17 23:01:21,242 - corrector.core.run - INFO - Random-walk step 130/7000: motor target x=288924nm y=-415177nm
2026-08-17 23:01:27,400 - corrector.core.run - INFO - Random-walk step 131/7000: motor target x=287811nm y=-413943nm
2026-08-17 23:01:32,658 - corrector.core.run - INFO - Random-walk step 132/7000: motor target x=290034nm y=-415530nm
2026-08-17 23:01:38,366 - corrector.core.run - INFO - Random-walk step 133/7000: motor target x=290308nm y=-415487nm
2026-08-17 23:01:44,044 - corrector.core.run - INFO - Random-walk step 134/7000: motor target x=290143nm y=-415326nm
2026-08-17 23:01:49,908 - corrector.core.run - INFO - Random-walk step 135/7000: motor target x=292808nm y=-413109nm
2026-08-17 23:01:55,538 - corrector.core.run - INFO - Random-walk step 136/7000: motor target x=292750nm y=-412796nm
2026-08-17 23:02:01,454 - corrector.core.run - INFO - Random-walk step 137/7000: motor target x=293006nm y=-413348nm
2026-08-17 23:02:07,020 - corrector.core.run - INFO - Random-walk step 138/7000: motor target x=293058nm y=-413679nm
2026-08-17 23:02:12,843 - corrector.core.run - INFO - Random-walk step 139/7000: motor target x=292654nm y=-413211nm
2026-08-17 23:02:18,621 - corrector.core.run - INFO - Random-walk step 140/7000: motor target x=293190nm y=-420861nm
2026-08-17 23:02:24,412 - corrector.core.run - INFO - Random-walk step 141/7000: motor target x=292624nm y=-420500nm
2026-08-17 23:02:30,427 - corrector.core.run - INFO - Random-walk step 142/7000: motor target x=289102nm y=-419011nm
2026-08-17 23:02:35,634 - corrector.core.run - INFO - Random-walk step 143/7000: motor target x=289301nm y=-421769nm
2026-08-17 23:02:41,429 - corrector.core.run - INFO - Random-walk step 144/7000: motor target x=285005nm y=-415903nm
2026-08-17 23:02:47,099 - corrector.core.run - INFO - Random-walk step 145/7000: motor target x=284995nm y=-415722nm
2026-08-17 23:02:53,075 - corrector.core.run - INFO - Random-walk step 146/7000: motor target x=284602nm y=-414921nm
2026-08-17 23:02:58,525 - corrector.core.run - INFO - Random-walk step 147/7000: motor target x=282252nm y=-418471nm
2026-08-17 23:03:04,421 - corrector.core.run - INFO - Random-walk step 148/7000: motor target x=282572nm y=-418068nm
2026-08-17 23:03:10,276 - corrector.core.run - INFO - Random-walk step 149/7000: motor target x=282580nm y=-417258nm
2026-08-17 23:03:15,963 - corrector.core.run - INFO - Random-walk step 150/7000: motor target x=283210nm y=-417123nm
2026-08-17 23:03:21,676 - corrector.core.run - INFO - Random-walk step 151/7000: motor target x=283788nm y=-417083nm
2026-08-17 23:03:27,291 - corrector.core.run - INFO - Random-walk step 152/7000: motor target x=281730nm y=-419176nm
2026-08-17 23:03:33,272 - corrector.core.run - INFO - Random-walk step 153/7000: motor target x=282581nm y=-419801nm
2026-08-17 23:03:39,033 - corrector.core.run - INFO - Random-walk step 154/7000: motor target x=280989nm y=-418816nm
2026-08-17 23:03:44,673 - corrector.core.run - INFO - Random-walk step 155/7000: motor target x=282843nm y=-417994nm
2026-08-17 23:03:50,483 - corrector.core.run - INFO - Random-walk step 156/7000: motor target x=281830nm y=-417304nm
2026-08-17 23:03:56,039 - corrector.core.run - INFO - Random-walk step 157/7000: motor target x=281080nm y=-417292nm
2026-08-17 23:04:01,874 - corrector.core.run - INFO - Random-walk step 158/7000: motor target x=281097nm y=-416374nm
2026-08-17 23:04:07,632 - corrector.core.run - INFO - Random-walk step 159/7000: motor target x=280888nm y=-415443nm
2026-08-17 23:04:13,030 - corrector.core.run - INFO - Random-walk step 160/7000: motor target x=280592nm y=-415582nm
2026-08-17 23:04:19,266 - corrector.core.run - INFO - Random-walk step 161/7000: motor target x=279093nm y=-419127nm
2026-08-17 23:04:24,682 - corrector.core.run - INFO - Random-walk step 162/7000: motor target x=278371nm y=-418445nm
2026-08-17 23:04:30,404 - corrector.core.run - INFO - Random-walk step 163/7000: motor target x=278833nm y=-419212nm
2026-08-17 23:04:35,796 - corrector.core.run - INFO - Random-walk step 164/7000: motor target x=278844nm y=-419127nm
2026-08-17 23:04:41,645 - corrector.core.run - INFO - Random-walk step 165/7000: motor target x=281254nm y=-414543nm
2026-08-17 23:04:47,602 - corrector.core.run - INFO - Random-walk step 166/7000: motor target x=280692nm y=-414475nm
2026-08-17 23:04:53,299 - corrector.core.run - INFO - Random-walk step 167/7000: motor target x=281098nm y=-415038nm
2026-08-17 23:04:58,846 - corrector.core.run - INFO - Random-walk step 168/7000: motor target x=283428nm y=-411751nm
2026-08-17 23:05:05,050 - corrector.core.run - INFO - Random-walk step 169/7000: motor target x=284406nm y=-410400nm
2026-08-17 23:05:10,678 - corrector.core.run - INFO - Random-walk step 170/7000: motor target x=284617nm y=-409195nm
2026-08-17 23:05:16,497 - corrector.core.run - INFO - Random-walk step 171/7000: motor target x=286016nm y=-411133nm
2026-08-17 23:05:21,766 - corrector.core.run - INFO - Random-walk step 172/7000: motor target x=285981nm y=-410840nm
2026-08-17 23:05:27,398 - corrector.core.run - INFO - Random-walk step 173/7000: motor target x=286081nm y=-410714nm
2026-08-17 23:05:33,374 - corrector.core.run - INFO - Random-walk step 174/7000: motor target x=285429nm y=-410872nm
2026-08-17 23:05:39,195 - corrector.core.run - INFO - Random-walk step 175/7000: motor target x=286234nm y=-410351nm
2026-08-17 23:05:44,696 - corrector.core.run - INFO - Random-walk step 176/7000: motor target x=285822nm y=-410200nm
2026-08-17 23:05:50,331 - corrector.core.run - INFO - Random-walk step 177/7000: motor target x=285987nm y=-410129nm
2026-08-17 23:05:56,192 - corrector.core.run - INFO - Random-walk step 178/7000: motor target x=289035nm y=-401309nm
2026-08-17 23:06:01,915 - corrector.core.run - INFO - Random-walk step 179/7000: motor target x=286936nm y=-404259nm
2026-08-17 23:06:07,643 - corrector.core.run - INFO - Random-walk step 180/7000: motor target x=282673nm y=-413041nm
2026-08-17 23:06:13,624 - corrector.core.run - INFO - Random-walk step 181/7000: motor target x=282083nm y=-412125nm
2026-08-17 23:06:19,057 - corrector.core.run - INFO - Random-walk step 182/7000: motor target x=281667nm y=-412297nm
2026-08-17 23:06:24,887 - corrector.core.run - INFO - Random-walk step 183/7000: motor target x=282163nm y=-412059nm
2026-08-17 23:06:30,689 - corrector.core.run - INFO - Random-walk step 184/7000: motor target x=282820nm y=-412363nm
2026-08-17 23:06:36,536 - corrector.core.run - INFO - Random-walk step 185/7000: motor target x=284418nm y=-412641nm
2026-08-17 23:06:42,163 - corrector.core.run - INFO - Random-walk step 186/7000: motor target x=284669nm y=-413505nm
2026-08-17 23:06:47,857 - corrector.core.run - INFO - Random-walk step 187/7000: motor target x=284807nm y=-412700nm
2026-08-17 23:06:53,532 - corrector.core.run - INFO - Random-walk step 188/7000: motor target x=285329nm y=-412747nm
2026-08-17 23:06:59,192 - corrector.core.run - INFO - Random-walk step 189/7000: motor target x=285737nm y=-412665nm
2026-08-17 23:07:04,750 - corrector.core.run - INFO - Random-walk step 190/7000: motor target x=285900nm y=-412549nm
2026-08-17 23:07:10,754 - corrector.core.run - INFO - Random-walk step 191/7000: motor target x=286646nm y=-410746nm
2026-08-17 23:07:16,208 - corrector.core.run - INFO - Random-walk step 192/7000: motor target x=286461nm y=-410665nm
2026-08-17 23:07:22,018 - corrector.core.run - INFO - Random-walk step 193/7000: motor target x=286495nm y=-410854nm
2026-08-17 23:07:29,358 - corrector.core.run - INFO - Random-walk step 194/7000: motor target x=286104nm y=-410771nm
2026-08-17 23:07:36,400 - corrector.core.run - INFO - Random-walk step 195/7000: motor target x=285927nm y=-410923nm
2026-08-17 23:07:42,590 - corrector.core.run - INFO - Random-walk step 196/7000: motor target x=287245nm y=-410228nm
2026-08-17 23:07:47,855 - corrector.core.run - INFO - Random-walk step 197/7000: motor target x=287073nm y=-410216nm
2026-08-17 23:07:54,082 - corrector.core.run - INFO - Random-walk step 198/7000: motor target x=288239nm y=-408791nm
2026-08-17 23:07:59,309 - corrector.core.run - INFO - Random-walk step 199/7000: motor target x=288109nm y=-408671nm
2026-08-17 23:08:05,256 - corrector.core.run - INFO - Random-walk step 200/7000: motor target x=288599nm y=-408461nm
2026-08-17 23:08:10,768 - corrector.core.run - INFO - Random-walk step 201/7000: motor target x=288380nm y=-408435nm
2026-08-17 23:08:16,975 - corrector.core.run - INFO - Random-walk step 202/7000: motor target x=287347nm y=-407214nm
2026-08-17 23:08:23,735 - corrector.core.run - INFO - Random-walk step 203/7000: motor target x=287320nm y=-406962nm
2026-08-17 23:08:29,771 - corrector.core.run - INFO - Random-walk step 204/7000: motor target x=288223nm y=-406806nm
2026-08-17 23:08:35,196 - corrector.core.run - INFO - Random-walk step 205/7000: motor target x=288108nm y=-406569nm
2026-08-17 23:08:40,793 - corrector.core.run - INFO - Random-walk step 206/7000: motor target x=288156nm y=-406537nm
2026-08-17 23:08:47,176 - corrector.core.run - INFO - Random-walk step 207/7000: motor target x=288573nm y=-405022nm
2026-08-17 23:08:52,813 - corrector.core.run - INFO - Random-walk step 208/7000: motor target x=289857nm y=-405787nm
2026-08-17 23:08:58,213 - corrector.core.run - INFO - Random-walk step 209/7000: motor target x=290321nm y=-405190nm
2026-08-17 23:09:04,154 - corrector.core.run - INFO - Random-walk step 210/7000: motor target x=291354nm y=-408164nm
2026-08-17 23:09:09,594 - corrector.core.run - INFO - Random-walk step 211/7000: motor target x=290903nm y=-408170nm
2026-08-17 23:09:15,264 - corrector.core.run - INFO - Random-walk step 212/7000: motor target x=288804nm y=-408286nm
2026-08-17 23:09:21,350 - corrector.core.run - INFO - Random-walk step 213/7000: motor target x=290004nm y=-411043nm
2026-08-17 23:09:26,736 - corrector.core.run - INFO - Random-walk step 214/7000: motor target x=289686nm y=-410701nm
2026-08-17 23:09:32,594 - corrector.core.run - INFO - Random-walk step 215/7000: motor target x=293575nm y=-411222nm
2026-08-17 23:09:38,268 - corrector.core.run - INFO - Random-walk step 216/7000: motor target x=293514nm y=-410848nm
2026-08-17 23:09:43,864 - corrector.core.run - INFO - Random-walk step 217/7000: motor target x=293577nm y=-411041nm
2026-08-17 23:09:49,639 - corrector.core.run - INFO - Random-walk step 218/7000: motor target x=293338nm y=-411126nm
2026-08-17 23:09:55,506 - corrector.core.run - INFO - Random-walk step 219/7000: motor target x=293258nm y=-411611nm
2026-08-17 23:10:01,238 - corrector.core.run - INFO - Random-walk step 220/7000: motor target x=293818nm y=-411883nm
2026-08-17 23:10:06,800 - corrector.core.run - INFO - Random-walk step 221/7000: motor target x=293905nm y=-412145nm
2026-08-17 23:10:12,625 - corrector.core.run - INFO - Random-walk step 222/7000: motor target x=294203nm y=-411997nm
2026-08-17 23:10:18,282 - corrector.core.run - INFO - Random-walk step 223/7000: motor target x=291521nm y=-419220nm
2026-08-17 23:10:24,468 - corrector.core.run - INFO - Random-walk step 224/7000: motor target x=292005nm y=-417827nm
2026-08-17 23:10:30,078 - corrector.core.run - INFO - Random-walk step 225/7000: motor target x=290965nm y=-416026nm
2026-08-17 23:10:35,416 - corrector.core.run - INFO - Random-walk step 226/7000: motor target x=288874nm y=-416288nm
2026-08-17 23:10:41,178 - corrector.core.run - INFO - Random-walk step 227/7000: motor target x=281597nm y=-421380nm
2026-08-17 23:10:46,914 - corrector.core.run - INFO - Random-walk step 228/7000: motor target x=281857nm y=-421030nm
2026-08-17 23:10:53,037 - corrector.core.run - INFO - Random-walk step 229/7000: motor target x=281478nm y=-419678nm
2026-08-17 23:10:58,315 - corrector.core.run - INFO - Random-walk step 230/7000: motor target x=279655nm y=-415719nm
2026-08-17 23:11:04,087 - corrector.core.run - INFO - Random-walk step 231/7000: motor target x=279886nm y=-415331nm
2026-08-17 23:11:09,957 - corrector.core.run - INFO - Random-walk step 232/7000: motor target x=280500nm y=-415702nm
2026-08-17 23:11:15,525 - corrector.core.run - INFO - Random-walk step 233/7000: motor target x=280709nm y=-416066nm
2026-08-17 23:11:22,271 - corrector.core.run - INFO - Random-walk step 234/7000: motor target x=281518nm y=-416192nm
2026-08-17 23:11:28,735 - corrector.core.run - INFO - Random-walk step 235/7000: motor target x=280902nm y=-416933nm
2026-08-17 23:11:34,549 - corrector.core.run - INFO - Random-walk step 236/7000: motor target x=280526nm y=-415851nm
2026-08-17 23:11:40,414 - corrector.core.run - INFO - Random-walk step 237/7000: motor target x=279203nm y=-414481nm
2026-08-17 23:11:45,638 - corrector.core.run - INFO - Random-walk step 238/7000: motor target x=278963nm y=-414487nm
2026-08-17 23:11:51,412 - corrector.core.run - INFO - Random-walk step 239/7000: motor target x=285779nm y=-410444nm
2026-08-17 23:11:59,059 - corrector.core.run - INFO - Random-walk step 240/7000: motor target x=287114nm y=-408548nm
2026-08-17 23:12:04,511 - corrector.core.run - INFO - Random-walk step 241/7000: motor target x=286405nm y=-408033nm
2026-08-17 23:12:09,997 - corrector.core.run - INFO - Random-walk step 242/7000: motor target x=286280nm y=-408057nm
2026-08-17 23:12:17,020 - corrector.core.run - INFO - Random-walk step 243/7000: motor target x=285982nm y=-408965nm
2026-08-17 23:12:23,030 - corrector.core.run - INFO - Random-walk step 244/7000: motor target x=288176nm y=-404742nm
2026-08-17 23:12:28,750 - corrector.core.run - INFO - Random-walk step 245/7000: motor target x=285938nm y=-401956nm
2026-08-17 23:12:34,391 - corrector.core.run - INFO - Random-walk step 246/7000: motor target x=286010nm y=-401944nm
2026-08-17 23:12:40,444 - corrector.core.run - INFO - Random-walk step 247/7000: motor target x=286436nm y=-402598nm
2026-08-17 23:12:46,384 - corrector.core.run - INFO - Random-walk step 248/7000: motor target x=285591nm y=-401198nm
2026-08-17 23:12:51,682 - corrector.core.run - INFO - Random-walk step 249/7000: motor target x=286015nm y=-401123nm
2026-08-17 23:12:57,772 - corrector.core.run - INFO - Random-walk step 250/7000: motor target x=285522nm y=-402468nm
2026-08-17 23:13:03,282 - corrector.core.run - INFO - Random-walk step 251/7000: motor target x=284875nm y=-404610nm
2026-08-17 23:13:09,439 - corrector.core.run - INFO - Random-walk step 252/7000: motor target x=285877nm y=-403010nm
2026-08-17 23:13:14,989 - corrector.core.run - INFO - Random-walk step 253/7000: motor target x=285408nm y=-402504nm
2026-08-17 23:13:20,551 - corrector.core.run - INFO - Random-walk step 254/7000: motor target x=287073nm y=-404520nm
2026-08-17 23:13:26,237 - corrector.core.run - INFO - Random-walk step 255/7000: motor target x=286759nm y=-404487nm
2026-08-17 23:13:32,013 - corrector.core.run - INFO - Random-walk step 256/7000: motor target x=286611nm y=-404219nm
2026-08-17 23:13:37,818 - corrector.core.run - INFO - Random-walk step 257/7000: motor target x=284842nm y=-408472nm
2026-08-17 23:13:43,619 - corrector.core.run - INFO - Random-walk step 258/7000: motor target x=284775nm y=-407789nm
2026-08-17 23:13:49,397 - corrector.core.run - INFO - Random-walk step 259/7000: motor target x=286798nm y=-407107nm
2026-08-17 23:13:55,223 - corrector.core.run - INFO - Random-walk step 260/7000: motor target x=285742nm y=-405210nm
2026-08-17 23:14:00,777 - corrector.core.run - INFO - Random-walk step 261/7000: motor target x=286276nm y=-405006nm
2026-08-17 23:14:06,293 - corrector.core.run - INFO - Random-walk step 262/7000: motor target x=286514nm y=-405061nm
2026-08-17 23:14:11,993 - corrector.core.run - INFO - Random-walk step 263/7000: motor target x=286466nm y=-405010nm
2026-08-17 23:14:17,753 - corrector.core.run - INFO - Random-walk step 264/7000: motor target x=286624nm y=-405165nm
2026-08-17 23:14:23,735 - corrector.core.run - INFO - Random-walk step 265/7000: motor target x=286003nm y=-404692nm
2026-08-17 23:14:29,251 - corrector.core.run - INFO - Random-walk step 266/7000: motor target x=285720nm y=-404631nm
2026-08-17 23:14:35,088 - corrector.core.run - INFO - Random-walk step 267/7000: motor target x=279039nm y=-399268nm
2026-08-17 23:14:41,059 - corrector.core.run - INFO - Random-walk step 268/7000: motor target x=278674nm y=-400285nm
2026-08-17 23:14:46,440 - corrector.core.run - INFO - Random-walk step 269/7000: motor target x=282379nm y=-396044nm
2026-08-17 23:14:52,166 - corrector.core.run - INFO - Random-walk step 270/7000: motor target x=282762nm y=-396042nm
2026-08-17 23:14:57,856 - corrector.core.run - INFO - Random-walk step 271/7000: motor target x=282679nm y=-396330nm
2026-08-17 23:15:03,517 - corrector.core.run - INFO - Random-walk step 272/7000: motor target x=282607nm y=-396345nm
2026-08-17 23:15:09,410 - corrector.core.run - INFO - Random-walk step 273/7000: motor target x=279852nm y=-392561nm
2026-08-17 23:15:15,208 - corrector.core.run - INFO - Random-walk step 274/7000: motor target x=279234nm y=-392754nm
2026-08-17 23:15:20,976 - corrector.core.run - INFO - Random-walk step 275/7000: motor target x=279948nm y=-392898nm
2026-08-17 23:15:26,927 - corrector.core.run - INFO - Random-walk step 276/7000: motor target x=281274nm y=-390947nm
2026-08-17 23:15:32,187 - corrector.core.run - INFO - Random-walk step 277/7000: motor target x=281261nm y=-391169nm
2026-08-17 23:15:37,865 - corrector.core.run - INFO - Random-walk step 278/7000: motor target x=281126nm y=-391174nm
2026-08-17 23:15:43,780 - corrector.core.run - INFO - Random-walk step 279/7000: motor target x=280798nm y=-393939nm
2026-08-17 23:15:49,645 - corrector.core.run - INFO - Random-walk step 280/7000: motor target x=281587nm y=-397584nm
2026-08-17 23:15:55,182 - corrector.core.run - INFO - Random-walk step 281/7000: motor target x=281595nm y=-405070nm
2026-08-17 23:16:00,987 - corrector.core.run - INFO - Random-walk step 282/7000: motor target x=277186nm y=-400871nm
2026-08-17 23:16:06,519 - corrector.core.run - INFO - Random-walk step 283/7000: motor target x=277444nm y=-400849nm
2026-08-17 23:16:12,520 - corrector.core.run - INFO - Random-walk step 284/7000: motor target x=278073nm y=-401566nm
2026-08-17 23:16:18,101 - corrector.core.run - INFO - Random-walk step 285/7000: motor target x=276442nm y=-401991nm
2026-08-17 23:16:24,229 - corrector.core.run - INFO - Random-walk step 286/7000: motor target x=277901nm y=-401914nm
2026-08-17 23:16:29,981 - corrector.core.run - INFO - Random-walk step 287/7000: motor target x=277552nm y=-402061nm
2026-08-17 23:16:35,979 - corrector.core.run - INFO - Random-walk step 288/7000: motor target x=277154nm y=-402912nm
2026-08-17 23:16:41,647 - corrector.core.run - INFO - Random-walk step 289/7000: motor target x=276414nm y=-402911nm
2026-08-17 23:16:47,139 - corrector.core.run - INFO - Random-walk step 290/7000: motor target x=276422nm y=-403315nm
2026-08-17 23:16:53,249 - corrector.core.run - INFO - Random-walk step 291/7000: motor target x=276409nm y=-402991nm
2026-08-17 23:16:59,174 - corrector.core.run - INFO - Random-walk step 292/7000: motor target x=275847nm y=-401439nm
2026-08-17 23:17:04,272 - corrector.core.run - INFO - Random-walk step 293/7000: motor target x=276024nm y=-401716nm
2026-08-17 23:17:10,225 - corrector.core.run - INFO - Random-walk step 294/7000: motor target x=275362nm y=-399835nm
2026-08-17 23:17:16,273 - corrector.core.run - INFO - Random-walk step 295/7000: motor target x=273861nm y=-405328nm
2026-08-17 23:17:21,686 - corrector.core.run - INFO - Random-walk step 296/7000: motor target x=275485nm y=-404612nm
2026-08-17 23:17:27,207 - corrector.core.run - INFO - Random-walk step 297/7000: motor target x=275767nm y=-400364nm
2026-08-17 23:17:32,900 - corrector.core.run - INFO - Random-walk step 298/7000: motor target x=278887nm y=-403398nm
2026-08-17 23:17:39,030 - corrector.core.run - INFO - Random-walk step 299/7000: motor target x=279192nm y=-402311nm
2026-08-17 23:17:44,408 - corrector.core.run - INFO - Random-walk step 300/7000: motor target x=274835nm y=-400560nm
2026-08-17 23:17:51,612 - corrector.core.run - INFO - Random-walk step 301/7000: motor target x=274837nm y=-400829nm
2026-08-17 23:17:57,383 - corrector.core.run - INFO - Random-walk step 302/7000: motor target x=278019nm y=-397797nm
2026-08-17 23:18:03,056 - corrector.core.run - INFO - Random-walk step 303/7000: motor target x=278012nm y=-397447nm
2026-08-17 23:18:08,875 - corrector.core.run - INFO - Random-walk step 304/7000: motor target x=278258nm y=-397043nm
2026-08-17 23:18:14,872 - corrector.core.run - INFO - Random-walk step 305/7000: motor target x=277274nm y=-400359nm
2026-08-17 23:18:21,667 - corrector.core.run - INFO - Random-walk step 306/7000: motor target x=277335nm y=-400313nm
2026-08-17 23:18:27,522 - corrector.core.run - INFO - Random-walk step 307/7000: motor target x=277613nm y=-399974nm
2026-08-17 23:18:33,718 - corrector.core.run - INFO - Random-walk step 308/7000: motor target x=276121nm y=-396301nm
2026-08-17 23:18:39,754 - corrector.core.run - INFO - Random-walk step 309/7000: motor target x=275150nm y=-396196nm
2026-08-17 23:18:45,167 - corrector.core.run - INFO - Random-walk step 310/7000: motor target x=275185nm y=-396435nm
2026-08-17 23:18:51,206 - corrector.core.run - INFO - Random-walk step 311/7000: motor target x=275940nm y=-396762nm
2026-08-17 23:18:56,573 - corrector.core.run - INFO - Random-walk step 312/7000: motor target x=276021nm y=-396704nm
2026-08-17 23:19:02,999 - corrector.core.run - INFO - Random-walk step 313/7000: motor target x=277747nm y=-399368nm
2026-08-17 23:19:09,435 - corrector.core.run - INFO - Random-walk step 314/7000: motor target x=276097nm y=-400704nm
2026-08-17 23:19:15,779 - corrector.core.run - INFO - Random-walk step 315/7000: motor target x=274838nm y=-399944nm
2026-08-17 23:19:21,457 - corrector.core.run - INFO - Random-walk step 316/7000: motor target x=275871nm y=-401930nm
2026-08-17 23:19:26,789 - corrector.core.run - INFO - Random-walk step 317/7000: motor target x=276101nm y=-402227nm
2026-08-17 23:19:32,572 - corrector.core.run - INFO - Random-walk step 318/7000: motor target x=275646nm y=-402342nm
2026-08-17 23:19:38,691 - corrector.core.run - INFO - Random-walk step 319/7000: motor target x=277072nm y=-405386nm
2026-08-17 23:19:43,842 - corrector.core.run - INFO - Random-walk step 320/7000: motor target x=277083nm y=-405332nm
2026-08-17 23:19:49,832 - corrector.core.run - INFO - Random-walk step 321/7000: motor target x=272382nm y=-405810nm
2026-08-17 23:19:55,384 - corrector.core.run - INFO - Random-walk step 322/7000: motor target x=272702nm y=-405790nm
2026-08-17 23:20:01,090 - corrector.core.run - INFO - Random-walk step 323/7000: motor target x=272455nm y=-405909nm
2026-08-17 23:20:06,912 - corrector.core.run - INFO - Random-walk step 324/7000: motor target x=272659nm y=-406008nm
2026-08-17 23:20:12,490 - corrector.core.run - INFO - Random-walk step 325/7000: motor target x=272597nm y=-405960nm
2026-08-17 23:20:18,462 - corrector.core.run - INFO - Random-walk step 326/7000: motor target x=272104nm y=-406476nm
2026-08-17 23:20:23,974 - corrector.core.run - INFO - Random-walk step 327/7000: motor target x=272374nm y=-406476nm
2026-08-17 23:20:29,902 - corrector.core.run - INFO - Random-walk step 328/7000: motor target x=272685nm y=-405925nm
2026-08-17 23:20:35,836 - corrector.core.run - INFO - Random-walk step 329/7000: motor target x=273918nm y=-407730nm
2026-08-17 23:20:41,051 - corrector.core.run - INFO - Random-walk step 330/7000: motor target x=273903nm y=-407791nm
2026-08-17 23:20:47,411 - corrector.core.run - INFO - Random-walk step 331/7000: motor target x=274497nm y=-409180nm
2026-08-17 23:20:53,077 - corrector.core.run - INFO - Random-walk step 332/7000: motor target x=278814nm y=-407932nm
2026-08-17 23:20:58,386 - corrector.core.run - INFO - Random-walk step 333/7000: motor target x=278713nm y=-407633nm
2026-08-17 23:21:04,120 - corrector.core.run - INFO - Random-walk step 334/7000: motor target x=278352nm y=-407392nm
2026-08-17 23:21:10,137 - corrector.core.run - INFO - Random-walk step 335/7000: motor target x=281503nm y=-403298nm
2026-08-17 23:21:15,633 - corrector.core.run - INFO - Random-walk step 336/7000: motor target x=276868nm y=-403015nm
2026-08-17 23:21:21,721 - corrector.core.run - INFO - Random-walk step 337/7000: motor target x=278056nm y=-401930nm
2026-08-17 23:21:27,031 - corrector.core.run - INFO - Random-walk step 338/7000: motor target x=276043nm y=-401610nm
2026-08-17 23:21:32,979 - corrector.core.run - INFO - Random-walk step 339/7000: motor target x=276811nm y=-403755nm
2026-08-17 23:21:39,920 - corrector.core.run - INFO - Random-walk step 340/7000: motor target x=276573nm y=-399604nm
2026-08-17 23:21:45,597 - corrector.core.run - INFO - Random-walk step 341/7000: motor target x=276637nm y=-399697nm
2026-08-17 23:21:51,383 - corrector.core.run - INFO - Random-walk step 342/7000: motor target x=276405nm y=-400001nm
2026-08-17 23:21:57,079 - corrector.core.run - INFO - Random-walk step 343/7000: motor target x=280887nm y=-401533nm
2026-08-17 23:22:03,079 - corrector.core.run - INFO - Random-walk step 344/7000: motor target x=281400nm y=-400853nm
2026-08-17 23:22:09,088 - corrector.core.run - INFO - Random-walk step 345/7000: motor target x=280614nm y=-399373nm
2026-08-17 23:22:14,802 - corrector.core.run - INFO - Random-walk step 346/7000: motor target x=282080nm y=-399689nm
2026-08-17 23:22:19,968 - corrector.core.run - INFO - Random-walk step 347/7000: motor target x=281970nm y=-399880nm
2026-08-17 23:22:26,043 - corrector.core.run - INFO - Random-walk step 348/7000: motor target x=282573nm y=-400763nm
2026-08-17 23:22:31,711 - corrector.core.run - INFO - Random-walk step 349/7000: motor target x=283375nm y=-400484nm
2026-08-17 23:22:37,524 - corrector.core.run - INFO - Random-walk step 350/7000: motor target x=284362nm y=-400269nm
2026-08-17 23:22:43,335 - corrector.core.run - INFO - Random-walk step 351/7000: motor target x=284159nm y=-401395nm
2026-08-17 23:22:49,096 - corrector.core.run - INFO - Random-walk step 352/7000: motor target x=285384nm y=-401898nm
2026-08-17 23:22:54,286 - corrector.core.run - INFO - Random-walk step 353/7000: motor target x=285383nm y=-401979nm
2026-08-17 23:23:00,386 - corrector.core.run - INFO - Random-walk step 354/7000: motor target x=286327nm y=-401793nm
2026-08-17 23:23:05,708 - corrector.core.run - INFO - Random-walk step 355/7000: motor target x=286292nm y=-401740nm
2026-08-17 23:23:11,474 - corrector.core.run - INFO - Random-walk step 356/7000: motor target x=286180nm y=-401789nm
2026-08-17 23:23:17,396 - corrector.core.run - INFO - Random-walk step 357/7000: motor target x=286585nm y=-399691nm
2026-08-17 23:23:23,249 - corrector.core.run - INFO - Random-walk step 358/7000: motor target x=284787nm y=-398845nm
2026-08-17 23:23:28,748 - corrector.core.run - INFO - Random-walk step 359/7000: motor target x=285137nm y=-400789nm
2026-08-17 23:23:34,711 - corrector.core.run - INFO - Random-walk step 360/7000: motor target x=285175nm y=-399997nm
2026-08-17 23:23:40,187 - corrector.core.run - INFO - Random-walk step 361/7000: motor target x=288283nm y=-401587nm
2026-08-17 23:23:46,149 - corrector.core.run - INFO - Random-walk step 362/7000: motor target x=289075nm y=-401326nm
2026-08-17 23:23:51,987 - corrector.core.run - INFO - Random-walk step 363/7000: motor target x=290965nm y=-400225nm
2026-08-17 23:23:57,271 - corrector.core.run - INFO - Random-walk step 364/7000: motor target x=290963nm y=-400298nm
2026-08-17 23:24:03,359 - corrector.core.run - INFO - Random-walk step 365/7000: motor target x=291879nm y=-400608nm
2026-08-17 23:24:08,870 - corrector.core.run - INFO - Random-walk step 366/7000: motor target x=292373nm y=-402650nm
2026-08-17 23:24:14,454 - corrector.core.run - INFO - Random-walk step 367/7000: motor target x=292490nm y=-402664nm
2026-08-17 23:24:20,643 - corrector.core.run - INFO - Random-walk step 368/7000: motor target x=294480nm y=-403788nm
2026-08-17 23:24:25,909 - corrector.core.run - INFO - Random-walk step 369/7000: motor target x=294429nm y=-403710nm
2026-08-17 23:24:31,896 - corrector.core.run - INFO - Random-walk step 370/7000: motor target x=294214nm y=-403120nm
2026-08-17 23:24:37,695 - corrector.core.run - INFO - Random-walk step 371/7000: motor target x=294965nm y=-402398nm
2026-08-17 23:24:43,124 - corrector.core.run - INFO - Random-walk step 372/7000: motor target x=294914nm y=-402430nm
2026-08-17 23:24:48,990 - corrector.core.run - INFO - Random-walk step 373/7000: motor target x=294795nm y=-402115nm
2026-08-17 23:24:54,884 - corrector.core.run - INFO - Random-walk step 374/7000: motor target x=294139nm y=-401293nm
2026-08-17 23:25:00,435 - corrector.core.run - INFO - Random-walk step 375/7000: motor target x=294661nm y=-401153nm
2026-08-17 23:25:06,107 - corrector.core.run - INFO - Random-walk step 376/7000: motor target x=294565nm y=-400796nm
2026-08-17 23:25:12,104 - corrector.core.run - INFO - Random-walk step 377/7000: motor target x=295505nm y=-401370nm
2026-08-17 23:25:17,433 - corrector.core.run - INFO - Random-walk step 378/7000: motor target x=295542nm y=-401328nm
2026-08-17 23:25:23,594 - corrector.core.run - INFO - Random-walk step 379/7000: motor target x=293259nm y=-400541nm
2026-08-17 23:25:29,063 - corrector.core.run - INFO - Random-walk step 380/7000: motor target x=293412nm y=-400111nm
2026-08-17 23:25:34,794 - corrector.core.run - INFO - Random-walk step 381/7000: motor target x=293327nm y=-399608nm
2026-08-17 23:25:40,782 - corrector.core.run - INFO - Random-walk step 382/7000: motor target x=292431nm y=-398586nm
2026-08-17 23:25:46,234 - corrector.core.run - INFO - Random-walk step 383/7000: motor target x=292187nm y=-399125nm
2026-08-17 23:25:51,920 - corrector.core.run - INFO - Random-walk step 384/7000: motor target x=292023nm y=-398743nm
2026-08-17 23:25:57,864 - corrector.core.run - INFO - Random-walk step 385/7000: motor target x=291154nm y=-398666nm
2026-08-17 23:26:03,374 - corrector.core.run - INFO - Random-walk step 386/7000: motor target x=291084nm y=-398441nm
2026-08-17 23:26:09,078 - corrector.core.run - INFO - Random-walk step 387/7000: motor target x=287319nm y=-396829nm
2026-08-17 23:26:14,692 - corrector.core.run - INFO - Random-walk step 388/7000: motor target x=287238nm y=-396785nm
2026-08-17 23:26:22,547 - corrector.core.run - INFO - Random-walk step 389/7000: motor target x=288748nm y=-396075nm
2026-08-17 23:26:27,972 - corrector.core.run - INFO - Random-walk step 390/7000: motor target x=290386nm y=-395245nm
2026-08-17 23:26:33,699 - corrector.core.run - INFO - Random-walk step 391/7000: motor target x=290958nm y=-395338nm
2026-08-17 23:26:39,435 - corrector.core.run - INFO - Random-walk step 392/7000: motor target x=294250nm y=-394573nm
2026-08-17 23:26:46,519 - corrector.core.run - INFO - Random-walk step 393/7000: motor target x=293721nm y=-395001nm
2026-08-17 23:26:52,225 - corrector.core.run - INFO - Random-walk step 394/7000: motor target x=293716nm y=-394508nm
2026-08-17 23:26:57,941 - corrector.core.run - INFO - Random-walk step 395/7000: motor target x=294079nm y=-394758nm
2026-08-17 23:27:03,554 - corrector.core.run - INFO - Random-walk step 396/7000: motor target x=294126nm y=-394647nm
2026-08-17 23:27:09,357 - corrector.core.run - INFO - Random-walk step 397/7000: motor target x=297421nm y=-391612nm
2026-08-17 23:27:15,071 - corrector.core.run - INFO - Random-walk step 398/7000: motor target x=297252nm y=-391853nm
2026-08-17 23:27:20,974 - corrector.core.run - INFO - Random-walk step 399/7000: motor target x=296742nm y=-391661nm
2026-08-17 23:27:26,641 - corrector.core.run - INFO - Random-walk step 400/7000: motor target x=296084nm y=-391598nm
2026-08-17 23:27:33,057 - corrector.core.run - INFO - Random-walk step 401/7000: motor target x=296558nm y=-391538nm
2026-08-17 23:27:37,985 - corrector.core.run - INFO - Random-walk step 402/7000: motor target x=294739nm y=-387949nm
2026-08-17 23:27:44,120 - corrector.core.run - INFO - Random-walk step 403/7000: motor target x=295605nm y=-388944nm
2026-08-17 23:27:49,556 - corrector.core.run - INFO - Random-walk step 404/7000: motor target x=295736nm y=-389534nm
2026-08-17 23:27:55,178 - corrector.core.run - INFO - Random-walk step 405/7000: motor target x=296074nm y=-389906nm
2026-08-17 23:28:00,853 - corrector.core.run - INFO - Random-walk step 406/7000: motor target x=298243nm y=-390053nm
2026-08-17 23:28:06,573 - corrector.core.run - INFO - Random-walk step 407/7000: motor target x=298123nm y=-390006nm
2026-08-17 23:28:12,662 - corrector.core.run - INFO - Random-walk step 408/7000: motor target x=297066nm y=-392271nm
2026-08-17 23:28:18,020 - corrector.core.run - INFO - Random-walk step 409/7000: motor target x=297036nm y=-392498nm
2026-08-17 23:28:24,036 - corrector.core.run - INFO - Random-walk step 410/7000: motor target x=296814nm y=-393416nm
2026-08-17 23:28:29,670 - corrector.core.run - INFO - Random-walk step 411/7000: motor target x=298519nm y=-392890nm
2026-08-17 23:28:35,280 - corrector.core.run - INFO - Random-walk step 412/7000: motor target x=298111nm y=-392773nm
2026-08-17 23:28:40,934 - corrector.core.run - INFO - Random-walk step 413/7000: motor target x=299813nm y=-392764nm
2026-08-17 23:28:46,618 - corrector.core.run - INFO - Random-walk step 414/7000: motor target x=299743nm y=-392777nm
2026-08-17 23:28:52,467 - corrector.core.run - INFO - Random-walk step 415/7000: motor target x=299796nm y=-392602nm
2026-08-17 23:28:58,611 - corrector.core.run - INFO - Random-walk step 416/7000: motor target x=298448nm y=-395356nm
2026-08-17 23:29:04,235 - corrector.core.run - INFO - Random-walk step 417/7000: motor target x=297479nm y=-394370nm
2026-08-17 23:29:10,065 - corrector.core.run - INFO - Random-walk step 418/7000: motor target x=296188nm y=-393284nm
2026-08-17 23:29:15,437 - corrector.core.run - INFO - Random-walk step 419/7000: motor target x=296759nm y=-393071nm
2026-08-17 23:29:21,156 - corrector.core.run - INFO - Random-walk step 420/7000: motor target x=296140nm y=-392960nm
2026-08-17 23:29:26,683 - corrector.core.run - INFO - Random-walk step 421/7000: motor target x=296207nm y=-392909nm
2026-08-17 23:29:32,663 - corrector.core.run - INFO - Random-walk step 422/7000: motor target x=295505nm y=-392355nm
2026-08-17 23:29:38,506 - corrector.core.run - INFO - Random-walk step 423/7000: motor target x=294618nm y=-392667nm
2026-08-17 23:29:43,876 - corrector.core.run - INFO - Random-walk step 424/7000: motor target x=294729nm y=-392685nm
2026-08-17 23:29:49,668 - corrector.core.run - INFO - Random-walk step 425/7000: motor target x=294409nm y=-392532nm
2026-08-17 23:29:55,565 - corrector.core.run - INFO - Random-walk step 426/7000: motor target x=293781nm y=-392205nm
2026-08-17 23:30:01,089 - corrector.core.run - INFO - Random-walk step 427/7000: motor target x=291774nm y=-388201nm
2026-08-17 23:30:06,909 - corrector.core.run - INFO - Random-walk step 428/7000: motor target x=290134nm y=-391036nm
2026-08-17 23:30:12,749 - corrector.core.run - INFO - Random-walk step 429/7000: motor target x=290114nm y=-391755nm
2026-08-17 23:30:18,197 - corrector.core.run - INFO - Random-walk step 430/7000: motor target x=290042nm y=-391774nm
2026-08-17 23:30:24,109 - corrector.core.run - INFO - Random-walk step 431/7000: motor target x=289759nm y=-391603nm
2026-08-17 23:30:29,664 - corrector.core.run - INFO - Random-walk step 432/7000: motor target x=289778nm y=-391761nm
2026-08-17 23:30:35,647 - corrector.core.run - INFO - Random-walk step 433/7000: motor target x=290430nm y=-392092nm
2026-08-17 23:30:41,483 - corrector.core.run - INFO - Random-walk step 434/7000: motor target x=290106nm y=-391055nm
2026-08-17 23:30:46,940 - corrector.core.run - INFO - Random-walk step 435/7000: motor target x=290242nm y=-390588nm
2026-08-17 23:30:52,642 - corrector.core.run - INFO - Random-walk step 436/7000: motor target x=292882nm y=-387749nm
2026-08-17 23:30:58,363 - corrector.core.run - INFO - Random-walk step 437/7000: motor target x=292532nm y=-387441nm
2026-08-17 23:31:04,075 - corrector.core.run - INFO - Random-walk step 438/7000: motor target x=292797nm y=-387630nm
2026-08-17 23:31:10,110 - corrector.core.run - INFO - Random-walk step 439/7000: motor target x=291964nm y=-388557nm
2026-08-17 23:31:15,688 - corrector.core.run - INFO - Random-walk step 440/7000: motor target x=292037nm y=-389153nm
2026-08-17 23:31:21,195 - corrector.core.run - INFO - Random-walk step 441/7000: motor target x=291852nm y=-388942nm
2026-08-17 23:31:27,188 - corrector.core.run - INFO - Random-walk step 442/7000: motor target x=291122nm y=-389332nm
2026-08-17 23:31:32,693 - corrector.core.run - INFO - Random-walk step 443/7000: motor target x=291496nm y=-389130nm
2026-08-17 23:31:40,086 - corrector.core.run - INFO - Random-walk step 444/7000: motor target x=290900nm y=-389658nm
2026-08-17 23:31:47,127 - corrector.core.run - INFO - Random-walk step 445/7000: motor target x=291171nm y=-389603nm
2026-08-17 23:31:53,047 - corrector.core.run - INFO - Random-walk step 446/7000: motor target x=291685nm y=-391421nm
2026-08-17 23:31:58,823 - corrector.core.run - INFO - Random-walk step 447/7000: motor target x=292272nm y=-392098nm
2026-08-17 23:32:05,843 - corrector.core.run - INFO - Random-walk step 448/7000: motor target x=292430nm y=-391868nm
2026-08-17 23:32:11,613 - corrector.core.run - INFO - Random-walk step 449/7000: motor target x=292028nm y=-391926nm
2026-08-17 23:32:17,243 - corrector.core.run - INFO - Random-walk step 450/7000: motor target x=291775nm y=-391950nm
2026-08-17 23:32:22,943 - corrector.core.run - INFO - Random-walk step 451/7000: motor target x=291700nm y=-391940nm
2026-08-17 23:32:28,795 - corrector.core.run - INFO - Random-walk step 452/7000: motor target x=291667nm y=-391725nm
2026-08-17 23:32:34,382 - corrector.core.run - INFO - Random-walk step 453/7000: motor target x=291526nm y=-391728nm
2026-08-17 23:32:40,351 - corrector.core.run - INFO - Random-walk step 454/7000: motor target x=291153nm y=-391247nm
2026-08-17 23:32:45,925 - corrector.core.run - INFO - Random-walk step 455/7000: motor target x=292720nm y=-396642nm
2026-08-17 23:32:52,057 - corrector.core.run - INFO - Random-walk step 456/7000: motor target x=292909nm y=-396671nm
2026-08-17 23:32:57,727 - corrector.core.run - INFO - Random-walk step 457/7000: motor target x=292849nm y=-396685nm
2026-08-17 23:33:03,645 - corrector.core.run - INFO - Random-walk step 458/7000: motor target x=294449nm y=-396957nm
2026-08-17 23:33:09,751 - corrector.core.run - INFO - Random-walk step 459/7000: motor target x=294553nm y=-395509nm
2026-08-17 23:33:15,204 - corrector.core.run - INFO - Random-walk step 460/7000: motor target x=296950nm y=-396171nm
2026-08-17 23:33:20,748 - corrector.core.run - INFO - Random-walk step 461/7000: motor target x=299301nm y=-399253nm
2026-08-17 23:33:26,788 - corrector.core.run - INFO - Random-walk step 462/7000: motor target x=295835nm y=-398200nm
2026-08-17 23:33:32,382 - corrector.core.run - INFO - Random-walk step 463/7000: motor target x=295909nm y=-397561nm
2026-08-17 23:33:37,847 - corrector.core.run - INFO - Random-walk step 464/7000: motor target x=295703nm y=-397549nm
2026-08-17 23:33:43,755 - corrector.core.run - INFO - Random-walk step 465/7000: motor target x=295361nm y=-397690nm
2026-08-17 23:33:49,671 - corrector.core.run - INFO - Random-walk step 466/7000: motor target x=294447nm y=-394901nm
2026-08-17 23:33:55,053 - corrector.core.run - INFO - Random-walk step 467/7000: motor target x=294363nm y=-394861nm
2026-08-17 23:34:00,946 - corrector.core.run - INFO - Random-walk step 468/7000: motor target x=290878nm y=-401742nm
2026-08-17 23:34:06,648 - corrector.core.run - INFO - Random-walk step 469/7000: motor target x=290778nm y=-396882nm
2026-08-17 23:34:12,686 - corrector.core.run - INFO - Random-walk step 470/7000: motor target x=289683nm y=-395320nm
2026-08-17 23:34:18,455 - corrector.core.run - INFO - Random-walk step 471/7000: motor target x=288400nm y=-393676nm
2026-08-17 23:34:23,675 - corrector.core.run - INFO - Random-walk step 472/7000: motor target x=288360nm y=-393573nm
2026-08-17 23:34:29,385 - corrector.core.run - INFO - Random-walk step 473/7000: motor target x=288469nm y=-393445nm
2026-08-17 23:34:35,309 - corrector.core.run - INFO - Random-walk step 474/7000: motor target x=284655nm y=-393849nm
2026-08-17 23:34:41,024 - corrector.core.run - INFO - Random-walk step 475/7000: motor target x=285202nm y=-394307nm
2026-08-17 23:34:46,629 - corrector.core.run - INFO - Random-walk step 476/7000: motor target x=287082nm y=-396027nm
2026-08-17 23:34:52,535 - corrector.core.run - INFO - Random-walk step 477/7000: motor target x=287735nm y=-396063nm
2026-08-17 23:34:58,169 - corrector.core.run - INFO - Random-walk step 478/7000: motor target x=289754nm y=-395646nm
2026-08-17 23:35:03,808 - corrector.core.run - INFO - Random-walk step 479/7000: motor target x=289989nm y=-395455nm
2026-08-17 23:35:09,637 - corrector.core.run - INFO - Random-walk step 480/7000: motor target x=289559nm y=-396009nm
2026-08-17 23:35:15,243 - corrector.core.run - INFO - Random-walk step 481/7000: motor target x=286040nm y=-394027nm
2026-08-17 23:35:20,897 - corrector.core.run - INFO - Random-walk step 482/7000: motor target x=285996nm y=-393969nm
2026-08-17 23:35:26,787 - corrector.core.run - INFO - Random-walk step 483/7000: motor target x=285999nm y=-394248nm
2026-08-17 23:35:32,827 - corrector.core.run - INFO - Random-walk step 484/7000: motor target x=287229nm y=-390226nm
2026-08-17 23:35:38,081 - corrector.core.run - INFO - Random-walk step 485/7000: motor target x=287363nm y=-390364nm
2026-08-17 23:35:44,066 - corrector.core.run - INFO - Random-walk step 486/7000: motor target x=287238nm y=-389705nm
2026-08-17 23:35:49,899 - corrector.core.run - INFO - Random-walk step 487/7000: motor target x=288177nm y=-391465nm
2026-08-17 23:35:55,344 - corrector.core.run - INFO - Random-walk step 488/7000: motor target x=287793nm y=-391715nm
2026-08-17 23:36:01,040 - corrector.core.run - INFO - Random-walk step 489/7000: motor target x=289437nm y=-393391nm
2026-08-17 23:36:06,916 - corrector.core.run - INFO - Random-walk step 490/7000: motor target x=294710nm y=-397577nm
2026-08-17 23:36:12,697 - corrector.core.run - INFO - Random-walk step 491/7000: motor target x=293037nm y=-396892nm
2026-08-17 23:36:18,204 - corrector.core.run - INFO - Random-walk step 492/7000: motor target x=295507nm y=-397089nm
2026-08-17 23:36:24,284 - corrector.core.run - INFO - Random-walk step 493/7000: motor target x=294561nm y=-397967nm
2026-08-17 23:36:30,090 - corrector.core.run - INFO - Random-walk step 494/7000: motor target x=296731nm y=-396741nm
2026-08-17 23:36:35,515 - corrector.core.run - INFO - Random-walk step 495/7000: motor target x=297296nm y=-397106nm
2026-08-17 23:36:41,404 - corrector.core.run - INFO - Random-walk step 496/7000: motor target x=297832nm y=-397824nm
2026-08-17 23:36:47,297 - corrector.core.run - INFO - Random-walk step 497/7000: motor target x=304117nm y=-396648nm
2026-08-17 23:36:52,891 - corrector.core.run - INFO - Random-walk step 498/7000: motor target x=304976nm y=-397099nm
2026-08-17 23:36:58,580 - corrector.core.run - INFO - Random-walk step 499/7000: motor target x=304202nm y=-397284nm
2026-08-17 23:37:04,035 - corrector.core.run - INFO - Random-walk step 500/7000: motor target x=302415nm y=-397397nm
2026-08-17 23:37:10,199 - corrector.core.run - INFO - Random-walk step 501/7000: motor target x=303515nm y=-396310nm
2026-08-17 23:37:15,603 - corrector.core.run - INFO - Random-walk step 502/7000: motor target x=305291nm y=-396675nm
2026-08-17 23:37:21,420 - corrector.core.run - INFO - Random-walk step 503/7000: motor target x=301690nm y=-397279nm
2026-08-17 23:37:27,078 - corrector.core.run - INFO - Random-walk step 504/7000: motor target x=301749nm y=-397747nm
2026-08-17 23:37:33,071 - corrector.core.run - INFO - Random-walk step 505/7000: motor target x=301562nm y=-397827nm
2026-08-17 23:37:40,005 - corrector.core.run - INFO - Random-walk step 506/7000: motor target x=302244nm y=-396771nm
2026-08-17 23:37:45,247 - corrector.core.run - INFO - Random-walk step 507/7000: motor target x=302163nm y=-396778nm
2026-08-17 23:37:51,461 - corrector.core.run - INFO - Random-walk step 508/7000: motor target x=303269nm y=-395888nm
2026-08-17 23:37:57,656 - corrector.core.run - INFO - Random-walk step 509/7000: motor target x=303176nm y=-396088nm
2026-08-17 23:38:04,461 - corrector.core.run - INFO - Random-walk step 510/7000: motor target x=301905nm y=-395076nm
2026-08-17 23:38:10,592 - corrector.core.run - INFO - Random-walk step 511/7000: motor target x=301824nm y=-395100nm
2026-08-17 23:38:16,427 - corrector.core.run - INFO - Random-walk step 512/7000: motor target x=302157nm y=-394954nm
2026-08-17 23:38:22,469 - corrector.core.run - INFO - Random-walk step 513/7000: motor target x=303275nm y=-393037nm
2026-08-17 23:38:28,458 - corrector.core.run - INFO - Random-walk step 514/7000: motor target x=302988nm y=-393466nm
2026-08-17 23:38:33,716 - corrector.core.run - INFO - Random-walk step 515/7000: motor target x=303441nm y=-390263nm
2026-08-17 23:38:39,347 - corrector.core.run - INFO - Random-walk step 516/7000: motor target x=303886nm y=-390529nm
2026-08-17 23:38:45,288 - corrector.core.run - INFO - Random-walk step 517/7000: motor target x=304700nm y=-392544nm
2026-08-17 23:38:51,098 - corrector.core.run - INFO - Random-walk step 518/7000: motor target x=304657nm y=-392497nm
2026-08-17 23:38:56,607 - corrector.core.run - INFO - Random-walk step 519/7000: motor target x=304550nm y=-391993nm
2026-08-17 23:39:02,628 - corrector.core.run - INFO - Random-walk step 520/7000: motor target x=305911nm y=-392734nm
2026-08-17 23:39:08,086 - corrector.core.run - INFO - Random-walk step 521/7000: motor target x=306526nm y=-393468nm
2026-08-17 23:39:14,097 - corrector.core.run - INFO - Random-walk step 522/7000: motor target x=306731nm y=-394793nm
2026-08-17 23:39:19,382 - corrector.core.run - INFO - Random-walk step 523/7000: motor target x=306899nm y=-395067nm
2026-08-17 23:39:25,342 - corrector.core.run - INFO - Random-walk step 524/7000: motor target x=303281nm y=-394337nm
2026-08-17 23:39:30,863 - corrector.core.run - INFO - Random-walk step 525/7000: motor target x=297424nm y=-390055nm
2026-08-17 23:39:38,130 - corrector.core.run - INFO - Random-walk step 526/7000: motor target x=299610nm y=-390479nm
2026-08-17 23:39:43,951 - corrector.core.run - INFO - Random-walk step 527/7000: motor target x=296778nm y=-390054nm
2026-08-17 23:39:49,539 - corrector.core.run - INFO - Random-walk step 528/7000: motor target x=296456nm y=-389896nm
2026-08-17 23:39:55,424 - corrector.core.run - INFO - Random-walk step 529/7000: motor target x=296719nm y=-389232nm
2026-08-17 23:40:01,081 - corrector.core.run - INFO - Random-walk step 530/7000: motor target x=296207nm y=-388760nm
2026-08-17 23:40:07,017 - corrector.core.run - INFO - Random-walk step 531/7000: motor target x=295210nm y=-388211nm
2026-08-17 23:40:12,408 - corrector.core.run - INFO - Random-walk step 532/7000: motor target x=295450nm y=-387985nm
2026-08-17 23:40:18,151 - corrector.core.run - INFO - Random-walk step 533/7000: motor target x=292960nm y=-387715nm
2026-08-17 23:40:24,157 - corrector.core.run - INFO - Random-walk step 534/7000: motor target x=292112nm y=-387426nm
2026-08-17 23:40:29,827 - corrector.core.run - INFO - Random-walk step 535/7000: motor target x=290163nm y=-386766nm
2026-08-17 23:40:35,327 - corrector.core.run - INFO - Random-walk step 536/7000: motor target x=290426nm y=-386740nm
2026-08-17 23:40:40,959 - corrector.core.run - INFO - Random-walk step 537/7000: motor target x=290333nm y=-386730nm
2026-08-17 23:40:46,848 - corrector.core.run - INFO - Random-walk step 538/7000: motor target x=290495nm y=-387015nm
2026-08-17 23:40:52,534 - corrector.core.run - INFO - Random-walk step 539/7000: motor target x=290858nm y=-387390nm
2026-08-17 23:40:58,244 - corrector.core.run - INFO - Random-walk step 540/7000: motor target x=292702nm y=-389445nm
2026-08-17 23:41:04,359 - corrector.core.run - INFO - Random-walk step 541/7000: motor target x=293241nm y=-388276nm
2026-08-17 23:41:09,766 - corrector.core.run - INFO - Random-walk step 542/7000: motor target x=293703nm y=-388863nm
2026-08-17 23:41:15,392 - corrector.core.run - INFO - Random-walk step 543/7000: motor target x=294022nm y=-388948nm
2026-08-17 23:41:21,589 - corrector.core.run - INFO - Random-walk step 544/7000: motor target x=292606nm y=-389834nm
2026-08-17 23:41:26,838 - corrector.core.run - INFO - Random-walk step 545/7000: motor target x=290753nm y=-390022nm
2026-08-17 23:41:32,855 - corrector.core.run - INFO - Random-walk step 546/7000: motor target x=293474nm y=-390874nm
2026-08-17 23:41:38,397 - corrector.core.run - INFO - Random-walk step 547/7000: motor target x=293187nm y=-391253nm
2026-08-17 23:41:43,984 - corrector.core.run - INFO - Random-walk step 548/7000: motor target x=293133nm y=-391506nm
2026-08-17 23:41:50,008 - corrector.core.run - INFO - Random-walk step 549/7000: motor target x=294078nm y=-391463nm
2026-08-17 23:41:55,418 - corrector.core.run - INFO - Random-walk step 550/7000: motor target x=294192nm y=-391595nm
2026-08-17 23:42:01,156 - corrector.core.run - INFO - Random-walk step 551/7000: motor target x=294054nm y=-391527nm
2026-08-17 23:42:07,296 - corrector.core.run - INFO - Random-walk step 552/7000: motor target x=295219nm y=-395348nm
2026-08-17 23:42:12,562 - corrector.core.run - INFO - Random-walk step 553/7000: motor target x=295319nm y=-395293nm
2026-08-17 23:42:18,528 - corrector.core.run - INFO - Random-walk step 554/7000: motor target x=295599nm y=-395128nm
2026-08-17 23:42:24,303 - corrector.core.run - INFO - Random-walk step 555/7000: motor target x=295573nm y=-395905nm
2026-08-17 23:42:30,082 - corrector.core.run - INFO - Random-walk step 556/7000: motor target x=294674nm y=-395984nm
2026-08-17 23:42:35,757 - corrector.core.run - INFO - Random-walk step 557/7000: motor target x=295463nm y=-396021nm
2026-08-17 23:42:41,282 - corrector.core.run - INFO - Random-walk step 558/7000: motor target x=293089nm y=-397976nm
2026-08-17 23:42:47,102 - corrector.core.run - INFO - Random-walk step 559/7000: motor target x=295956nm y=-397691nm
2026-08-17 23:42:52,819 - corrector.core.run - INFO - Random-walk step 560/7000: motor target x=292804nm y=-389986nm
2026-08-17 23:42:59,271 - corrector.core.run - INFO - Random-walk step 561/7000: motor target x=293477nm y=-390069nm
2026-08-17 23:43:05,181 - corrector.core.run - INFO - Random-walk step 562/7000: motor target x=291825nm y=-391210nm
2026-08-17 23:43:10,812 - corrector.core.run - INFO - Random-walk step 563/7000: motor target x=290891nm y=-391165nm
2026-08-17 23:43:16,412 - corrector.core.run - INFO - Random-walk step 564/7000: motor target x=291491nm y=-391292nm
2026-08-17 23:43:22,188 - corrector.core.run - INFO - Random-walk step 565/7000: motor target x=288868nm y=-387437nm
2026-08-17 23:43:28,106 - corrector.core.run - INFO - Random-walk step 566/7000: motor target x=289675nm y=-390663nm
2026-08-17 23:43:33,564 - corrector.core.run - INFO - Random-walk step 567/7000: motor target x=282909nm y=-394381nm
2026-08-17 23:43:39,563 - corrector.core.run - INFO - Random-walk step 568/7000: motor target x=282877nm y=-395341nm
2026-08-17 23:43:45,050 - corrector.core.run - INFO - Random-walk step 569/7000: motor target x=288385nm y=-398901nm
2026-08-17 23:43:50,682 - corrector.core.run - INFO - Random-walk step 570/7000: motor target x=288656nm y=-398683nm
2026-08-17 23:43:56,549 - corrector.core.run - INFO - Random-walk step 571/7000: motor target x=288176nm y=-398620nm
2026-08-17 23:44:02,235 - corrector.core.run - INFO - Random-walk step 572/7000: motor target x=284818nm y=-405084nm
2026-08-17 23:44:07,857 - corrector.core.run - INFO - Random-walk step 573/7000: motor target x=284826nm y=-404881nm
2026-08-17 23:44:13,692 - corrector.core.run - INFO - Random-walk step 574/7000: motor target x=281143nm y=-400811nm
2026-08-17 23:44:19,454 - corrector.core.run - INFO - Random-walk step 575/7000: motor target x=281148nm y=-400387nm
2026-08-17 23:44:25,289 - corrector.core.run - INFO - Random-walk step 576/7000: motor target x=280571nm y=-400708nm
2026-08-17 23:44:30,728 - corrector.core.run - INFO - Random-walk step 577/7000: motor target x=280631nm y=-400747nm
2026-08-17 23:44:36,788 - corrector.core.run - INFO - Random-walk step 578/7000: motor target x=281510nm y=-400670nm
2026-08-17 23:44:44,013 - corrector.core.run - INFO - Random-walk step 579/7000: motor target x=281693nm y=-399845nm
2026-08-17 23:44:49,520 - corrector.core.run - INFO - Random-walk step 580/7000: motor target x=278224nm y=-402296nm
2026-08-17 23:44:55,708 - corrector.core.run - INFO - Random-walk step 581/7000: motor target x=281696nm y=-400745nm
2026-08-17 23:45:02,383 - corrector.core.run - INFO - Random-walk step 582/7000: motor target x=281634nm y=-400710nm
2026-08-17 23:45:08,323 - corrector.core.run - INFO - Random-walk step 583/7000: motor target x=282144nm y=-400796nm
2026-08-17 23:45:14,121 - corrector.core.run - INFO - Random-walk step 584/7000: motor target x=282429nm y=-400141nm
2026-08-17 23:45:19,601 - corrector.core.run - INFO - Random-walk step 585/7000: motor target x=282303nm y=-400085nm
2026-08-17 23:45:25,281 - corrector.core.run - INFO - Random-walk step 586/7000: motor target x=282318nm y=-400004nm
2026-08-17 23:45:31,002 - corrector.core.run - INFO - Random-walk step 587/7000: motor target x=282278nm y=-399968nm
2026-08-17 23:45:37,049 - corrector.core.run - INFO - Random-walk step 588/7000: motor target x=283164nm y=-399852nm
2026-08-17 23:45:42,701 - corrector.core.run - INFO - Random-walk step 589/7000: motor target x=283664nm y=-403929nm
2026-08-17 23:45:48,397 - corrector.core.run - INFO - Random-walk step 590/7000: motor target x=284018nm y=-404366nm
2026-08-17 23:45:53,981 - corrector.core.run - INFO - Random-walk step 591/7000: motor target x=284085nm y=-404653nm
2026-08-17 23:45:59,851 - corrector.core.run - INFO - Random-walk step 592/7000: motor target x=284441nm y=-404873nm
2026-08-17 23:46:05,474 - corrector.core.run - INFO - Random-walk step 593/7000: motor target x=284528nm y=-404525nm
2026-08-17 23:46:12,087 - corrector.core.run - INFO - Random-walk step 594/7000: motor target x=283173nm y=-403957nm
2026-08-17 23:46:17,390 - corrector.core.run - INFO - Random-walk step 595/7000: motor target x=283074nm y=-404369nm
2026-08-17 23:46:23,359 - corrector.core.run - INFO - Random-walk step 596/7000: motor target x=282840nm y=-405236nm
2026-08-17 23:46:29,232 - corrector.core.run - INFO - Random-walk step 597/7000: motor target x=281115nm y=-403876nm
2026-08-17 23:46:35,390 - corrector.core.run - INFO - Random-walk step 598/7000: motor target x=280639nm y=-403882nm
2026-08-17 23:46:42,412 - corrector.core.run - INFO - Random-walk step 599/7000: motor target x=280660nm y=-403646nm
2026-08-17 23:46:47,794 - corrector.core.run - INFO - Random-walk step 600/7000: motor target x=279810nm y=-403903nm
2026-08-17 23:46:53,228 - corrector.core.run - INFO - Random-walk step 601/7000: motor target x=277807nm y=-407373nm
2026-08-17 23:46:59,237 - corrector.core.run - INFO - Random-walk step 602/7000: motor target x=273896nm y=-405288nm
2026-08-17 23:47:05,074 - corrector.core.run - INFO - Random-walk step 603/7000: motor target x=275059nm y=-404397nm
2026-08-17 23:47:10,627 - corrector.core.run - INFO - Random-walk step 604/7000: motor target x=275271nm y=-405061nm
2026-08-17 23:47:16,299 - corrector.core.run - INFO - Random-walk step 605/7000: motor target x=277044nm y=-405593nm
2026-08-17 23:47:21,863 - corrector.core.run - INFO - Random-walk step 606/7000: motor target x=277057nm y=-405538nm
2026-08-17 23:47:27,597 - corrector.core.run - INFO - Random-walk step 607/7000: motor target x=277194nm y=-405209nm
2026-08-17 23:47:33,417 - corrector.core.run - INFO - Random-walk step 608/7000: motor target x=279823nm y=-405641nm
2026-08-17 23:47:39,089 - corrector.core.run - INFO - Random-walk step 609/7000: motor target x=272179nm y=-407372nm
2026-08-17 23:47:44,699 - corrector.core.run - INFO - Random-walk step 610/7000: motor target x=272308nm y=-407143nm
2026-08-17 23:47:50,563 - corrector.core.run - INFO - Random-walk step 611/7000: motor target x=275411nm y=-409919nm
2026-08-17 23:47:56,205 - corrector.core.run - INFO - Random-walk step 612/7000: motor target x=275679nm y=-410126nm
2026-08-17 23:48:01,951 - corrector.core.run - INFO - Random-walk step 613/7000: motor target x=275299nm y=-410302nm
2026-08-17 23:48:07,992 - corrector.core.run - INFO - Random-walk step 614/7000: motor target x=276249nm y=-411013nm
2026-08-17 23:48:13,837 - corrector.core.run - INFO - Random-walk step 615/7000: motor target x=274933nm y=-409275nm
2026-08-17 23:48:19,130 - corrector.core.run - INFO - Random-walk step 616/7000: motor target x=278811nm y=-406763nm
2026-08-17 23:48:25,189 - corrector.core.run - INFO - Random-walk step 617/7000: motor target x=278155nm y=-405677nm
2026-08-17 23:48:30,607 - corrector.core.run - INFO - Random-walk step 618/7000: motor target x=278560nm y=-405781nm
2026-08-17 23:48:36,225 - corrector.core.run - INFO - Random-walk step 619/7000: motor target x=278375nm y=-405734nm
2026-08-17 23:48:42,115 - corrector.core.run - INFO - Random-walk step 620/7000: motor target x=278862nm y=-405915nm
2026-08-17 23:48:47,754 - corrector.core.run - INFO - Random-walk step 621/7000: motor target x=275731nm y=-407873nm
2026-08-17 23:48:53,549 - corrector.core.run - INFO - Random-walk step 622/7000: motor target x=275462nm y=-411569nm
2026-08-17 23:48:59,450 - corrector.core.run - INFO - Random-walk step 623/7000: motor target x=274534nm y=-411673nm
2026-08-17 23:49:04,976 - corrector.core.run - INFO - Random-walk step 624/7000: motor target x=274774nm y=-411129nm
2026-08-17 23:49:10,862 - corrector.core.run - INFO - Random-walk step 625/7000: motor target x=275068nm y=-411966nm
2026-08-17 23:49:16,341 - corrector.core.run - INFO - Random-walk step 626/7000: motor target x=274917nm y=-411732nm
2026-08-17 23:49:22,258 - corrector.core.run - INFO - Random-walk step 627/7000: motor target x=275517nm y=-411584nm
2026-08-17 23:49:28,049 - corrector.core.run - INFO - Random-walk step 628/7000: motor target x=277085nm y=-410874nm
2026-08-17 23:49:33,510 - corrector.core.run - INFO - Random-walk step 629/7000: motor target x=277120nm y=-411215nm
2026-08-17 23:49:39,441 - corrector.core.run - INFO - Random-walk step 630/7000: motor target x=277537nm y=-411906nm
2026-08-17 23:49:45,367 - corrector.core.run - INFO - Random-walk step 631/7000: motor target x=275292nm y=-410730nm
2026-08-17 23:49:50,970 - corrector.core.run - INFO - Random-walk step 632/7000: motor target x=274740nm y=-411504nm
2026-08-17 23:49:56,770 - corrector.core.run - INFO - Random-walk step 633/7000: motor target x=275761nm y=-410931nm
2026-08-17 23:50:02,098 - corrector.core.run - INFO - Random-walk step 634/7000: motor target x=275780nm y=-410878nm
2026-08-17 23:50:08,271 - corrector.core.run - INFO - Random-walk step 635/7000: motor target x=275548nm y=-410359nm
2026-08-17 23:50:13,926 - corrector.core.run - INFO - Random-walk step 636/7000: motor target x=275843nm y=-410127nm
2026-08-17 23:50:19,670 - corrector.core.run - INFO - Random-walk step 637/7000: motor target x=276320nm y=-409775nm
2026-08-17 23:50:25,568 - corrector.core.run - INFO - Random-walk step 638/7000: motor target x=275406nm y=-405900nm
2026-08-17 23:50:31,250 - corrector.core.run - INFO - Random-walk step 639/7000: motor target x=274692nm y=-405346nm
2026-08-17 23:50:36,720 - corrector.core.run - INFO - Random-walk step 640/7000: motor target x=274799nm y=-405547nm
2026-08-17 23:50:42,373 - corrector.core.run - INFO - Random-walk step 641/7000: motor target x=274891nm y=-405378nm
2026-08-17 23:50:48,339 - corrector.core.run - INFO - Random-walk step 642/7000: motor target x=274924nm y=-405947nm
2026-08-17 23:50:54,143 - corrector.core.run - INFO - Random-walk step 643/7000: motor target x=275650nm y=-406596nm
2026-08-17 23:50:59,615 - corrector.core.run - INFO - Random-walk step 644/7000: motor target x=278936nm y=-404863nm
2026-08-17 23:51:05,825 - corrector.core.run - INFO - Random-walk step 645/7000: motor target x=277932nm y=-406242nm
2026-08-17 23:51:11,306 - corrector.core.run - INFO - Random-walk step 646/7000: motor target x=277090nm y=-406420nm
2026-08-17 23:51:16,944 - corrector.core.run - INFO - Random-walk step 647/7000: motor target x=277497nm y=-405759nm
2026-08-17 23:51:22,787 - corrector.core.run - INFO - Random-walk step 648/7000: motor target x=279659nm y=-405024nm
2026-08-17 23:51:28,409 - corrector.core.run - INFO - Random-walk step 649/7000: motor target x=279168nm y=-404365nm
2026-08-17 23:51:33,968 - corrector.core.run - INFO - Random-walk step 650/7000: motor target x=278866nm y=-404156nm
2026-08-17 23:51:39,966 - corrector.core.run - INFO - Random-walk step 651/7000: motor target x=278067nm y=-399796nm
2026-08-17 23:51:45,947 - corrector.core.run - INFO - Random-walk step 652/7000: motor target x=274388nm y=-401229nm
2026-08-17 23:51:52,629 - corrector.core.run - INFO - Random-walk step 653/7000: motor target x=274557nm y=-401179nm
2026-08-17 23:51:58,857 - corrector.core.run - INFO - Random-walk step 654/7000: motor target x=277122nm y=-402549nm
2026-08-17 23:52:04,151 - corrector.core.run - INFO - Random-walk step 655/7000: motor target x=276691nm y=-402549nm
2026-08-17 23:52:09,764 - corrector.core.run - INFO - Random-walk step 656/7000: motor target x=276780nm y=-402532nm
2026-08-17 23:52:15,594 - corrector.core.run - INFO - Random-walk step 657/7000: motor target x=276932nm y=-402574nm
2026-08-17 23:52:21,706 - corrector.core.run - INFO - Random-walk step 658/7000: motor target x=277750nm y=-401468nm
2026-08-17 23:52:27,332 - corrector.core.run - INFO - Random-walk step 659/7000: motor target x=276799nm y=-401629nm
2026-08-17 23:52:32,724 - corrector.core.run - INFO - Random-walk step 660/7000: motor target x=276638nm y=-401604nm
2026-08-17 23:52:38,691 - corrector.core.run - INFO - Random-walk step 661/7000: motor target x=277344nm y=-401793nm
2026-08-17 23:52:44,158 - corrector.core.run - INFO - Random-walk step 662/7000: motor target x=277211nm y=-401935nm
2026-08-17 23:52:49,852 - corrector.core.run - INFO - Random-walk step 663/7000: motor target x=277150nm y=-401920nm
2026-08-17 23:52:55,819 - corrector.core.run - INFO - Random-walk step 664/7000: motor target x=277596nm y=-401537nm
2026-08-17 23:53:01,551 - corrector.core.run - INFO - Random-walk step 665/7000: motor target x=279382nm y=-401888nm
2026-08-17 23:53:07,153 - corrector.core.run - INFO - Random-walk step 666/7000: motor target x=279343nm y=-399784nm
2026-08-17 23:53:13,079 - corrector.core.run - INFO - Random-walk step 667/7000: motor target x=279419nm y=-400523nm
2026-08-17 23:53:18,611 - corrector.core.run - INFO - Random-walk step 668/7000: motor target x=281035nm y=-402245nm
2026-08-17 23:53:24,495 - corrector.core.run - INFO - Random-walk step 669/7000: motor target x=283412nm y=-402984nm
2026-08-17 23:53:30,085 - corrector.core.run - INFO - Random-walk step 670/7000: motor target x=283678nm y=-401005nm
2026-08-17 23:53:35,919 - corrector.core.run - INFO - Random-walk step 671/7000: motor target x=282988nm y=-400634nm
2026-08-17 23:53:41,588 - corrector.core.run - INFO - Random-walk step 672/7000: motor target x=283440nm y=-398605nm
2026-08-17 23:53:47,437 - corrector.core.run - INFO - Random-walk step 673/7000: motor target x=282661nm y=-399067nm
2026-08-17 23:53:52,815 - corrector.core.run - INFO - Random-walk step 674/7000: motor target x=282683nm y=-399174nm
2026-08-17 23:53:59,081 - corrector.core.run - INFO - Random-walk step 675/7000: motor target x=281318nm y=-401833nm
2026-08-17 23:54:04,315 - corrector.core.run - INFO - Random-walk step 676/7000: motor target x=277912nm y=-405479nm
2026-08-17 23:54:09,922 - corrector.core.run - INFO - Random-walk step 677/7000: motor target x=277870nm y=-405446nm
2026-08-17 23:54:15,674 - corrector.core.run - INFO - Random-walk step 678/7000: motor target x=277838nm y=-405375nm
2026-08-17 23:54:21,481 - corrector.core.run - INFO - Random-walk step 679/7000: motor target x=277688nm y=-405208nm
2026-08-17 23:54:27,132 - corrector.core.run - INFO - Random-walk step 680/7000: motor target x=277807nm y=-405070nm
2026-08-17 23:54:33,210 - corrector.core.run - INFO - Random-walk step 681/7000: motor target x=276879nm y=-405279nm
2026-08-17 23:54:38,730 - corrector.core.run - INFO - Random-walk step 682/7000: motor target x=278439nm y=-405523nm
2026-08-17 23:54:44,696 - corrector.core.run - INFO - Random-walk step 683/7000: motor target x=279316nm y=-404654nm
2026-08-17 23:54:50,119 - corrector.core.run - INFO - Random-walk step 684/7000: motor target x=279464nm y=-404954nm
2026-08-17 23:54:56,264 - corrector.core.run - INFO - Random-walk step 685/7000: motor target x=279164nm y=-403697nm
2026-08-17 23:55:01,561 - corrector.core.run - INFO - Random-walk step 686/7000: motor target x=282112nm y=-403539nm
2026-08-17 23:55:07,290 - corrector.core.run - INFO - Random-walk step 687/7000: motor target x=278547nm y=-405558nm
2026-08-17 23:55:13,356 - corrector.core.run - INFO - Random-walk step 688/7000: motor target x=279590nm y=-400841nm
2026-08-17 23:55:18,724 - corrector.core.run - INFO - Random-walk step 689/7000: motor target x=281858nm y=-404714nm
2026-08-17 23:55:24,681 - corrector.core.run - INFO - Random-walk step 690/7000: motor target x=281358nm y=-404035nm
2026-08-17 23:55:30,589 - corrector.core.run - INFO - Random-walk step 691/7000: motor target x=282334nm y=-402892nm
2026-08-17 23:55:35,891 - corrector.core.run - INFO - Random-walk step 692/7000: motor target x=282268nm y=-404705nm
2026-08-17 23:55:41,551 - corrector.core.run - INFO - Random-walk step 693/7000: motor target x=282189nm y=-404603nm
2026-08-17 23:55:47,285 - corrector.core.run - INFO - Random-walk step 694/7000: motor target x=282099nm y=-404442nm
2026-08-17 23:55:53,335 - corrector.core.run - INFO - Random-walk step 695/7000: motor target x=282370nm y=-403559nm
2026-08-17 23:55:58,775 - corrector.core.run - INFO - Random-walk step 696/7000: motor target x=284374nm y=-401177nm
2026-08-17 23:56:04,769 - corrector.core.run - INFO - Random-walk step 697/7000: motor target x=285220nm y=-392573nm
2026-08-17 23:56:10,605 - corrector.core.run - INFO - Random-walk step 698/7000: motor target x=284371nm y=-391476nm
2026-08-17 23:56:15,858 - corrector.core.run - INFO - Random-walk step 699/7000: motor target x=284333nm y=-391528nm
2026-08-17 23:56:21,665 - corrector.core.run - INFO - Random-walk step 700/7000: motor target x=280698nm y=-391496nm
2026-08-17 23:56:27,559 - corrector.core.run - INFO - Random-walk step 701/7000: motor target x=280394nm y=-391973nm
2026-08-17 23:56:33,206 - corrector.core.run - INFO - Random-walk step 702/7000: motor target x=280880nm y=-391915nm
2026-08-17 23:56:38,872 - corrector.core.run - INFO - Random-walk step 703/7000: motor target x=282742nm y=-391798nm
2026-08-17 23:56:44,658 - corrector.core.run - INFO - Random-walk step 704/7000: motor target x=278220nm y=-393677nm
2026-08-17 23:56:50,406 - corrector.core.run - INFO - Random-walk step 705/7000: motor target x=277906nm y=-393542nm
2026-08-17 23:56:56,269 - corrector.core.run - INFO - Random-walk step 706/7000: motor target x=277134nm y=-393897nm
2026-08-17 23:57:01,914 - corrector.core.run - INFO - Random-walk step 707/7000: motor target x=276666nm y=-394086nm
2026-08-17 23:57:07,848 - corrector.core.run - INFO - Random-walk step 708/7000: motor target x=277529nm y=-395121nm
2026-08-17 23:57:13,636 - corrector.core.run - INFO - Random-walk step 709/7000: motor target x=277344nm y=-393852nm
2026-08-17 23:57:18,956 - corrector.core.run - INFO - Random-walk step 710/7000: motor target x=279456nm y=-396046nm
2026-08-17 23:57:25,144 - corrector.core.run - INFO - Random-walk step 711/7000: motor target x=280903nm y=-396539nm
2026-08-17 23:57:30,523 - corrector.core.run - INFO - Random-walk step 712/7000: motor target x=280942nm y=-397180nm
2026-08-17 23:57:36,568 - corrector.core.run - INFO - Random-walk step 713/7000: motor target x=279624nm y=-397536nm
2026-08-17 23:57:41,888 - corrector.core.run - INFO - Random-walk step 714/7000: motor target x=279180nm y=-407021nm
2026-08-17 23:57:47,577 - corrector.core.run - INFO - Random-walk step 715/7000: motor target x=276771nm y=-409661nm
2026-08-17 23:57:53,408 - corrector.core.run - INFO - Random-walk step 716/7000: motor target x=278921nm y=-407241nm
2026-08-17 23:57:59,101 - corrector.core.run - INFO - Random-walk step 717/7000: motor target x=277230nm y=-405381nm
2026-08-17 23:58:04,749 - corrector.core.run - INFO - Random-walk step 718/7000: motor target x=274930nm y=-405468nm
2026-08-17 23:58:10,455 - corrector.core.run - INFO - Random-walk step 719/7000: motor target x=275069nm y=-405673nm
2026-08-17 23:58:16,619 - corrector.core.run - INFO - Random-walk step 720/7000: motor target x=273134nm y=-407006nm
2026-08-17 23:58:22,133 - corrector.core.run - INFO - Random-walk step 721/7000: motor target x=273417nm y=-407642nm
2026-08-17 23:58:27,685 - corrector.core.run - INFO - Random-walk step 722/7000: motor target x=272995nm y=-407630nm
2026-08-17 23:58:33,566 - corrector.core.run - INFO - Random-walk step 723/7000: motor target x=276068nm y=-407066nm
2026-08-17 23:58:39,097 - corrector.core.run - INFO - Random-walk step 724/7000: motor target x=276026nm y=-406711nm
2026-08-17 23:58:45,001 - corrector.core.run - INFO - Random-walk step 725/7000: motor target x=276252nm y=-406105nm
2026-08-17 23:58:50,547 - corrector.core.run - INFO - Random-walk step 726/7000: motor target x=275922nm y=-406413nm
2026-08-17 23:58:56,171 - corrector.core.run - INFO - Random-walk step 727/7000: motor target x=275779nm y=-406340nm
2026-08-17 23:59:02,052 - corrector.core.run - INFO - Random-walk step 728/7000: motor target x=276120nm y=-406280nm
2026-08-17 23:59:07,755 - corrector.core.run - INFO - Random-walk step 729/7000: motor target x=276299nm y=-406288nm
2026-08-17 23:59:13,407 - corrector.core.run - INFO - Random-walk step 730/7000: motor target x=276509nm y=-406310nm
2026-08-17 23:59:19,151 - corrector.core.run - INFO - Random-walk step 731/7000: motor target x=276297nm y=-406027nm
2026-08-17 23:59:24,965 - corrector.core.run - INFO - Random-walk step 732/7000: motor target x=276077nm y=-406482nm
2026-08-17 23:59:30,593 - corrector.core.run - INFO - Random-walk step 733/7000: motor target x=273690nm y=-406696nm
2026-08-17 23:59:36,774 - corrector.core.run - INFO - Random-walk step 734/7000: motor target x=274928nm y=-407302nm
2026-08-17 23:59:42,453 - corrector.core.run - INFO - Random-walk step 735/7000: motor target x=273682nm y=-411391nm
2026-08-17 23:59:48,088 - corrector.core.run - INFO - Random-walk step 736/7000: motor target x=274664nm y=-414289nm
2026-08-17 23:59:53,437 - corrector.core.run - INFO - Random-walk step 737/7000: motor target x=274557nm y=-414403nm
2026-08-17 23:59:59,312 - corrector.core.run - INFO - Random-walk step 738/7000: motor target x=275064nm y=-414222nm
2026-08-18 00:00:05,420 - corrector.core.run - INFO - Random-walk step 739/7000: motor target x=274244nm y=-412864nm
2026-08-18 00:00:11,160 - corrector.core.run - INFO - Random-walk step 740/7000: motor target x=275626nm y=-415521nm
2026-08-18 00:00:16,368 - corrector.core.run - INFO - Random-walk step 741/7000: motor target x=275700nm y=-415720nm
2026-08-18 00:00:22,403 - corrector.core.run - INFO - Random-walk step 742/7000: motor target x=276463nm y=-416186nm
2026-08-18 00:00:28,122 - corrector.core.run - INFO - Random-walk step 743/7000: motor target x=275675nm y=-416402nm
2026-08-18 00:00:33,670 - corrector.core.run - INFO - Random-walk step 744/7000: motor target x=275293nm y=-416419nm
2026-08-18 00:00:39,594 - corrector.core.run - INFO - Random-walk step 745/7000: motor target x=275563nm y=-415546nm
2026-08-18 00:00:45,252 - corrector.core.run - INFO - Random-walk step 746/7000: motor target x=276216nm y=-415638nm
2026-08-18 00:00:50,988 - corrector.core.run - INFO - Random-walk step 747/7000: motor target x=276762nm y=-415391nm
2026-08-18 00:00:56,476 - corrector.core.run - INFO - Random-walk step 748/7000: motor target x=276601nm y=-415308nm
2026-08-18 00:01:02,496 - corrector.core.run - INFO - Random-walk step 749/7000: motor target x=275783nm y=-415450nm
2026-08-18 00:01:08,153 - corrector.core.run - INFO - Random-walk step 750/7000: motor target x=276338nm y=-415921nm
2026-08-18 00:01:14,115 - corrector.core.run - INFO - Random-walk step 751/7000: motor target x=277372nm y=-417471nm
2026-08-18 00:01:19,708 - corrector.core.run - INFO - Random-walk step 752/7000: motor target x=277013nm y=-418364nm
2026-08-18 00:01:25,244 - corrector.core.run - INFO - Random-walk step 753/7000: motor target x=276939nm y=-417778nm
2026-08-18 00:01:30,928 - corrector.core.run - INFO - Random-walk step 754/7000: motor target x=279359nm y=-409821nm
2026-08-18 00:01:37,047 - corrector.core.run - INFO - Random-walk step 755/7000: motor target x=279342nm y=-411160nm
2026-08-18 00:01:42,458 - corrector.core.run - INFO - Random-walk step 756/7000: motor target x=279495nm y=-410792nm
2026-08-18 00:01:48,333 - corrector.core.run - INFO - Random-walk step 757/7000: motor target x=278746nm y=-410296nm
2026-08-18 00:01:53,860 - corrector.core.run - INFO - Random-walk step 758/7000: motor target x=279102nm y=-409995nm
2026-08-18 00:01:59,914 - corrector.core.run - INFO - Random-walk step 759/7000: motor target x=280399nm y=-410563nm
2026-08-18 00:02:05,182 - corrector.core.run - INFO - Random-walk step 760/7000: motor target x=280348nm y=-410710nm
2026-08-18 00:02:11,464 - corrector.core.run - INFO - Random-walk step 761/7000: motor target x=284010nm y=-412131nm
2026-08-18 00:02:16,961 - corrector.core.run - INFO - Random-walk step 762/7000: motor target x=282096nm y=-412933nm
2026-08-18 00:02:22,734 - corrector.core.run - INFO - Random-walk step 763/7000: motor target x=283005nm y=-413164nm
2026-08-18 00:02:28,136 - corrector.core.run - INFO - Random-walk step 764/7000: motor target x=283256nm y=-413196nm
2026-08-18 00:02:33,979 - corrector.core.run - INFO - Random-walk step 765/7000: motor target x=280422nm y=-409489nm
2026-08-18 00:02:39,774 - corrector.core.run - INFO - Random-walk step 766/7000: motor target x=280086nm y=-408983nm
2026-08-18 00:02:45,643 - corrector.core.run - INFO - Random-walk step 767/7000: motor target x=279397nm y=-409782nm
2026-08-18 00:02:51,056 - corrector.core.run - INFO - Random-walk step 768/7000: motor target x=279202nm y=-409753nm
2026-08-18 00:02:56,816 - corrector.core.run - INFO - Random-walk step 769/7000: motor target x=279310nm y=-401189nm
2026-08-18 00:03:02,932 - corrector.core.run - INFO - Random-walk step 770/7000: motor target x=279334nm y=-402460nm
2026-08-18 00:03:08,183 - corrector.core.run - INFO - Random-walk step 771/7000: motor target x=279281nm y=-402416nm
2026-08-18 00:03:13,974 - corrector.core.run - INFO - Random-walk step 772/7000: motor target x=279040nm y=-402591nm
2026-08-18 00:03:20,019 - corrector.core.run - INFO - Random-walk step 773/7000: motor target x=278112nm y=-403196nm
2026-08-18 00:03:25,675 - corrector.core.run - INFO - Random-walk step 774/7000: motor target x=279850nm y=-402460nm
2026-08-18 00:03:31,186 - corrector.core.run - INFO - Random-walk step 775/7000: motor target x=281742nm y=-404569nm
2026-08-18 00:03:36,820 - corrector.core.run - INFO - Random-walk step 776/7000: motor target x=281592nm y=-404649nm
2026-08-18 00:03:42,769 - corrector.core.run - INFO - Random-walk step 777/7000: motor target x=281759nm y=-405117nm
2026-08-18 00:03:48,425 - corrector.core.run - INFO - Random-walk step 778/7000: motor target x=282128nm y=-399597nm
2026-08-18 00:03:54,126 - corrector.core.run - INFO - Random-walk step 779/7000: motor target x=286292nm y=-399558nm
2026-08-18 00:03:59,922 - corrector.core.run - INFO - Random-walk step 780/7000: motor target x=286216nm y=-400018nm
2026-08-18 00:04:05,636 - corrector.core.run - INFO - Random-walk step 781/7000: motor target x=286136nm y=-399588nm
2026-08-18 00:04:11,189 - corrector.core.run - INFO - Random-walk step 782/7000: motor target x=286101nm y=-399641nm
2026-08-18 00:04:17,088 - corrector.core.run - INFO - Random-walk step 783/7000: motor target x=281064nm y=-396039nm
2026-08-18 00:04:22,657 - corrector.core.run - INFO - Random-walk step 784/7000: motor target x=280985nm y=-396210nm
2026-08-18 00:04:28,409 - corrector.core.run - INFO - Random-walk step 785/7000: motor target x=281094nm y=-395981nm
2026-08-18 00:04:34,395 - corrector.core.run - INFO - Random-walk step 786/7000: motor target x=280416nm y=-395930nm
2026-08-18 00:04:39,999 - corrector.core.run - INFO - Random-walk step 787/7000: motor target x=282846nm y=-403637nm
2026-08-18 00:04:45,650 - corrector.core.run - INFO - Random-walk step 788/7000: motor target x=282432nm y=-403286nm
2026-08-18 00:04:51,479 - corrector.core.run - INFO - Random-walk step 789/7000: motor target x=284113nm y=-403694nm
2026-08-18 00:04:57,475 - corrector.core.run - INFO - Random-walk step 790/7000: motor target x=282857nm y=-403687nm
2026-08-18 00:05:02,830 - corrector.core.run - INFO - Random-walk step 791/7000: motor target x=279235nm y=-397855nm
2026-08-18 00:05:08,673 - corrector.core.run - INFO - Random-walk step 792/7000: motor target x=279735nm y=-398109nm
2026-08-18 00:05:14,254 - corrector.core.run - INFO - Random-walk step 793/7000: motor target x=279658nm y=-398408nm
2026-08-18 00:05:20,076 - corrector.core.run - INFO - Random-walk step 794/7000: motor target x=279338nm y=-392623nm
2026-08-18 00:05:25,874 - corrector.core.run - INFO - Random-walk step 795/7000: motor target x=279854nm y=-392669nm
2026-08-18 00:05:31,687 - corrector.core.run - INFO - Random-walk step 796/7000: motor target x=280528nm y=-394474nm
2026-08-18 00:05:37,295 - corrector.core.run - INFO - Random-walk step 797/7000: motor target x=285070nm y=-388410nm
2026-08-18 00:05:42,946 - corrector.core.run - INFO - Random-walk step 798/7000: motor target x=291383nm y=-393140nm
2026-08-18 00:05:49,158 - corrector.core.run - INFO - Random-walk step 799/7000: motor target x=290859nm y=-394670nm
2026-08-18 00:05:54,623 - corrector.core.run - INFO - Random-walk step 800/7000: motor target x=291631nm y=-394460nm
2026-08-18 00:06:00,289 - corrector.core.run - INFO - Random-walk step 801/7000: motor target x=291064nm y=-396700nm
2026-08-18 00:06:05,832 - corrector.core.run - INFO - Random-walk step 802/7000: motor target x=291059nm y=-397062nm
2026-08-18 00:06:11,500 - corrector.core.run - INFO - Random-walk step 803/7000: motor target x=290905nm y=-397159nm
2026-08-18 00:06:17,539 - corrector.core.run - INFO - Random-walk step 804/7000: motor target x=291663nm y=-396648nm
2026-08-18 00:06:22,920 - corrector.core.run - INFO - Random-walk step 805/7000: motor target x=291758nm y=-396588nm
2026-08-18 00:06:28,745 - corrector.core.run - INFO - Random-walk step 806/7000: motor target x=292037nm y=-396921nm
2026-08-18 00:06:34,698 - corrector.core.run - INFO - Random-walk step 807/7000: motor target x=293660nm y=-397676nm
2026-08-18 00:06:40,451 - corrector.core.run - INFO - Random-walk step 808/7000: motor target x=293803nm y=-396788nm
2026-08-18 00:06:46,035 - corrector.core.run - INFO - Random-walk step 809/7000: motor target x=294267nm y=-396907nm
2026-08-18 00:06:52,040 - corrector.core.run - INFO - Random-walk step 810/7000: motor target x=293332nm y=-398053nm
2026-08-18 00:06:57,503 - corrector.core.run - INFO - Random-walk step 811/7000: motor target x=293401nm y=-397447nm
2026-08-18 00:07:03,094 - corrector.core.run - INFO - Random-walk step 812/7000: motor target x=293646nm y=-397185nm
2026-08-18 00:07:09,206 - corrector.core.run - INFO - Random-walk step 813/7000: motor target x=291989nm y=-398326nm
2026-08-18 00:07:14,775 - corrector.core.run - INFO - Random-walk step 814/7000: motor target x=292074nm y=-397664nm
2026-08-18 00:07:20,296 - corrector.core.run - INFO - Random-walk step 815/7000: motor target x=292345nm y=-397876nm
2026-08-18 00:07:26,266 - corrector.core.run - INFO - Random-walk step 816/7000: motor target x=292774nm y=-398669nm
2026-08-18 00:07:31,952 - corrector.core.run - INFO - Random-walk step 817/7000: motor target x=293344nm y=-398490nm
2026-08-18 00:07:37,496 - corrector.core.run - INFO - Random-walk step 818/7000: motor target x=295698nm y=-401682nm
2026-08-18 00:07:43,211 - corrector.core.run - INFO - Random-walk step 819/7000: motor target x=295963nm y=-401470nm
2026-08-18 00:07:49,098 - corrector.core.run - INFO - Random-walk step 820/7000: motor target x=295442nm y=-401520nm
2026-08-18 00:07:55,055 - corrector.core.run - INFO - Random-walk step 821/7000: motor target x=299252nm y=-402653nm
2026-08-18 00:08:00,419 - corrector.core.run - INFO - Random-walk step 822/7000: motor target x=299605nm y=-402724nm
2026-08-18 00:08:06,373 - corrector.core.run - INFO - Random-walk step 823/7000: motor target x=299292nm y=-401974nm
2026-08-18 00:08:11,917 - corrector.core.run - INFO - Random-walk step 824/7000: motor target x=298941nm y=-402071nm
2026-08-18 00:08:17,764 - corrector.core.run - INFO - Random-walk step 825/7000: motor target x=298436nm y=-401840nm
2026-08-18 00:08:23,360 - corrector.core.run - INFO - Random-walk step 826/7000: motor target x=298603nm y=-401530nm
2026-08-18 00:08:29,275 - corrector.core.run - INFO - Random-walk step 827/7000: motor target x=299236nm y=-401870nm
2026-08-18 00:08:34,792 - corrector.core.run - INFO - Random-walk step 828/7000: motor target x=295478nm y=-402032nm
2026-08-18 00:08:40,609 - corrector.core.run - INFO - Random-walk step 829/7000: motor target x=297714nm y=-399381nm
2026-08-18 00:08:46,332 - corrector.core.run - INFO - Random-walk step 830/7000: motor target x=295315nm y=-403709nm
2026-08-18 00:08:52,449 - corrector.core.run - INFO - Random-walk step 831/7000: motor target x=293922nm y=-406806nm
2026-08-18 00:08:57,811 - corrector.core.run - INFO - Random-walk step 832/7000: motor target x=293971nm y=-406227nm
2026-08-18 00:09:03,424 - corrector.core.run - INFO - Random-walk step 833/7000: motor target x=293959nm y=-405929nm
2026-08-18 00:09:09,363 - corrector.core.run - INFO - Random-walk step 834/7000: motor target x=294346nm y=-406609nm
2026-08-18 00:09:14,973 - corrector.core.run - INFO - Random-walk step 835/7000: motor target x=294383nm y=-406111nm
2026-08-18 00:09:21,032 - corrector.core.run - INFO - Random-walk step 836/7000: motor target x=295163nm y=-405069nm
2026-08-18 00:09:26,988 - corrector.core.run - INFO - Random-walk step 837/7000: motor target x=293637nm y=-404402nm
2026-08-18 00:09:32,561 - corrector.core.run - INFO - Random-walk step 838/7000: motor target x=292300nm y=-403993nm
2026-08-18 00:09:38,339 - corrector.core.run - INFO - Random-walk step 839/7000: motor target x=293749nm y=-401130nm
2026-08-18 00:09:43,561 - corrector.core.run - INFO - Random-walk step 840/7000: motor target x=293449nm y=-400946nm
2026-08-18 00:09:49,844 - corrector.core.run - INFO - Random-walk step 841/7000: motor target x=293082nm y=-399406nm
2026-08-18 00:09:55,511 - corrector.core.run - INFO - Random-walk step 842/7000: motor target x=291483nm y=-400767nm
2026-08-18 00:10:01,279 - corrector.core.run - INFO - Random-walk step 843/7000: motor target x=290064nm y=-404988nm
2026-08-18 00:10:06,526 - corrector.core.run - INFO - Random-walk step 844/7000: motor target x=290112nm y=-404872nm
2026-08-18 00:10:12,312 - corrector.core.run - INFO - Random-walk step 845/7000: motor target x=290378nm y=-405337nm
2026-08-18 00:10:17,952 - corrector.core.run - INFO - Random-walk step 846/7000: motor target x=288257nm y=-405415nm
2026-08-18 00:10:23,828 - corrector.core.run - INFO - Random-walk step 847/7000: motor target x=288454nm y=-404915nm
2026-08-18 00:10:29,401 - corrector.core.run - INFO - Random-walk step 848/7000: motor target x=290378nm y=-405095nm
2026-08-18 00:10:35,345 - corrector.core.run - INFO - Random-walk step 849/7000: motor target x=291070nm y=-405687nm
2026-08-18 00:10:41,080 - corrector.core.run - INFO - Random-walk step 850/7000: motor target x=290349nm y=-405639nm
2026-08-18 00:10:46,792 - corrector.core.run - INFO - Random-walk step 851/7000: motor target x=290572nm y=-406348nm
2026-08-18 00:10:53,820 - corrector.core.run - INFO - Random-walk step 852/7000: motor target x=290726nm y=-406269nm
2026-08-18 00:10:59,694 - corrector.core.run - INFO - Random-walk step 853/7000: motor target x=290105nm y=-406592nm
2026-08-18 00:11:05,297 - corrector.core.run - INFO - Random-walk step 854/7000: motor target x=290132nm y=-406364nm
2026-08-18 00:11:12,770 - corrector.core.run - INFO - Random-walk step 855/7000: motor target x=290101nm y=-406998nm
2026-08-18 00:11:20,177 - corrector.core.run - INFO - Random-walk step 856/7000: motor target x=288986nm y=-410903nm
2026-08-18 00:11:27,387 - corrector.core.run - INFO - Random-walk step 857/7000: motor target x=292359nm y=-410060nm
2026-08-18 00:11:32,843 - corrector.core.run - INFO - Random-walk step 858/7000: motor target x=291891nm y=-410193nm
2026-08-18 00:11:40,343 - corrector.core.run - INFO - Random-walk step 859/7000: motor target x=290909nm y=-412090nm
2026-08-18 00:11:47,507 - corrector.core.run - INFO - Random-walk step 860/7000: motor target x=291232nm y=-411369nm
2026-08-18 00:11:54,759 - corrector.core.run - INFO - Random-walk step 861/7000: motor target x=291003nm y=-412108nm
2026-08-18 00:12:00,241 - corrector.core.run - INFO - Random-walk step 862/7000: motor target x=289229nm y=-410018nm
2026-08-18 00:12:05,960 - corrector.core.run - INFO - Random-walk step 863/7000: motor target x=289446nm y=-409723nm
2026-08-18 00:12:13,410 - corrector.core.run - INFO - Random-walk step 864/7000: motor target x=289581nm y=-409087nm
2026-08-18 00:12:20,901 - corrector.core.run - INFO - Random-walk step 865/7000: motor target x=288232nm y=-410909nm
2026-08-18 00:12:26,457 - corrector.core.run - INFO - Random-walk step 866/7000: motor target x=287504nm y=-411418nm
2026-08-18 00:12:31,976 - corrector.core.run - INFO - Random-walk step 867/7000: motor target x=287957nm y=-411204nm
2026-08-18 00:12:39,371 - corrector.core.run - INFO - Random-walk step 868/7000: motor target x=287252nm y=-410915nm
2026-08-18 00:12:46,321 - corrector.core.run - INFO - Random-walk step 869/7000: motor target x=287311nm y=-410904nm
2026-08-18 00:12:52,461 - corrector.core.run - INFO - Random-walk step 870/7000: motor target x=288283nm y=-410809nm
2026-08-18 00:12:58,301 - corrector.core.run - INFO - Random-walk step 871/7000: motor target x=287778nm y=-412125nm
2026-08-18 00:13:03,617 - corrector.core.run - INFO - Random-walk step 872/7000: motor target x=292050nm y=-410040nm
2026-08-18 00:13:09,534 - corrector.core.run - INFO - Random-walk step 873/7000: motor target x=292715nm y=-416137nm
2026-08-18 00:13:15,095 - corrector.core.run - INFO - Random-walk step 874/7000: motor target x=295091nm y=-417753nm
2026-08-18 00:13:21,232 - corrector.core.run - INFO - Random-walk step 875/7000: motor target x=296470nm y=-417767nm
2026-08-18 00:13:26,910 - corrector.core.run - INFO - Random-walk step 876/7000: motor target x=295380nm y=-418732nm
2026-08-18 00:13:32,518 - corrector.core.run - INFO - Random-walk step 877/7000: motor target x=296084nm y=-420613nm
2026-08-18 00:13:37,954 - corrector.core.run - INFO - Random-walk step 878/7000: motor target x=296271nm y=-420650nm
2026-08-18 00:13:43,943 - corrector.core.run - INFO - Random-walk step 879/7000: motor target x=295521nm y=-422647nm
2026-08-18 00:13:49,722 - corrector.core.run - INFO - Random-walk step 880/7000: motor target x=299052nm y=-421745nm
2026-08-18 00:13:55,207 - corrector.core.run - INFO - Random-walk step 881/7000: motor target x=299212nm y=-422144nm
2026-08-18 00:14:01,174 - corrector.core.run - INFO - Random-walk step 882/7000: motor target x=300080nm y=-421939nm
2026-08-18 00:14:06,640 - corrector.core.run - INFO - Random-walk step 883/7000: motor target x=300172nm y=-421580nm
2026-08-18 00:14:12,531 - corrector.core.run - INFO - Random-walk step 884/7000: motor target x=299878nm y=-422221nm
2026-08-18 00:14:18,223 - corrector.core.run - INFO - Random-walk step 885/7000: motor target x=300408nm y=-422105nm
2026-08-18 00:14:23,816 - corrector.core.run - INFO - Random-walk step 886/7000: motor target x=300702nm y=-421951nm
2026-08-18 00:14:29,602 - corrector.core.run - INFO - Random-walk step 887/7000: motor target x=305263nm y=-418501nm
2026-08-18 00:14:35,395 - corrector.core.run - INFO - Random-walk step 888/7000: motor target x=305594nm y=-418859nm
2026-08-18 00:14:41,371 - corrector.core.run - INFO - Random-walk step 889/7000: motor target x=304447nm y=-418942nm
2026-08-18 00:14:46,836 - corrector.core.run - INFO - Random-walk step 890/7000: motor target x=300408nm y=-420498nm
2026-08-18 00:14:52,971 - corrector.core.run - INFO - Random-walk step 891/7000: motor target x=298945nm y=-420305nm
2026-08-18 00:14:58,421 - corrector.core.run - INFO - Random-walk step 892/7000: motor target x=298337nm y=-420216nm
2026-08-18 00:15:03,961 - corrector.core.run - INFO - Random-walk step 893/7000: motor target x=300162nm y=-410598nm
2026-08-18 00:15:09,966 - corrector.core.run - INFO - Random-walk step 894/7000: motor target x=299286nm y=-410131nm
2026-08-18 00:15:15,579 - corrector.core.run - INFO - Random-walk step 895/7000: motor target x=306166nm y=-410685nm
2026-08-18 00:15:21,129 - corrector.core.run - INFO - Random-walk step 896/7000: motor target x=305908nm y=-410800nm
2026-08-18 00:15:26,797 - corrector.core.run - INFO - Random-walk step 897/7000: motor target x=305996nm y=-410869nm
2026-08-18 00:15:33,040 - corrector.core.run - INFO - Random-walk step 898/7000: motor target x=304690nm y=-411363nm
2026-08-18 00:15:38,257 - corrector.core.run - INFO - Random-walk step 899/7000: motor target x=304670nm y=-411497nm
2026-08-18 00:15:44,036 - corrector.core.run - INFO - Random-walk step 900/7000: motor target x=304908nm y=-411718nm
2026-08-18 00:15:49,921 - corrector.core.run - INFO - Random-walk step 901/7000: motor target x=303240nm y=-411210nm
2026-08-18 00:15:55,902 - corrector.core.run - INFO - Random-walk step 902/7000: motor target x=302903nm y=-412313nm
2026-08-18 00:16:01,282 - corrector.core.run - INFO - Random-walk step 903/7000: motor target x=302457nm y=-412444nm
2026-08-18 00:16:07,158 - corrector.core.run - INFO - Random-walk step 904/7000: motor target x=302709nm y=-411822nm
2026-08-18 00:16:12,610 - corrector.core.run - INFO - Random-walk step 905/7000: motor target x=302715nm y=-411681nm
2026-08-18 00:16:18,534 - corrector.core.run - INFO - Random-walk step 906/7000: motor target x=299489nm y=-413793nm
2026-08-18 00:16:24,362 - corrector.core.run - INFO - Random-walk step 907/7000: motor target x=298896nm y=-414018nm
2026-08-18 00:16:29,936 - corrector.core.run - INFO - Random-walk step 908/7000: motor target x=292936nm y=-414185nm
2026-08-18 00:16:36,151 - corrector.core.run - INFO - Random-walk step 909/7000: motor target x=296920nm y=-412717nm
2026-08-18 00:16:41,388 - corrector.core.run - INFO - Random-walk step 910/7000: motor target x=297233nm y=-412601nm
2026-08-18 00:16:47,319 - corrector.core.run - INFO - Random-walk step 911/7000: motor target x=298022nm y=-412910nm
2026-08-18 00:16:53,123 - corrector.core.run - INFO - Random-walk step 912/7000: motor target x=297001nm y=-413007nm
2026-08-18 00:16:58,521 - corrector.core.run - INFO - Random-walk step 913/7000: motor target x=297157nm y=-413155nm
2026-08-18 00:17:04,535 - corrector.core.run - INFO - Random-walk step 914/7000: motor target x=296514nm y=-412445nm
2026-08-18 00:17:10,039 - corrector.core.run - INFO - Random-walk step 915/7000: motor target x=292291nm y=-414764nm
2026-08-18 00:17:16,081 - corrector.core.run - INFO - Random-walk step 916/7000: motor target x=291629nm y=-413716nm
2026-08-18 00:17:21,685 - corrector.core.run - INFO - Random-walk step 917/7000: motor target x=291900nm y=-412991nm
2026-08-18 00:17:27,415 - corrector.core.run - INFO - Random-walk step 918/7000: motor target x=293742nm y=-412317nm
2026-08-18 00:17:32,863 - corrector.core.run - INFO - Random-walk step 919/7000: motor target x=293773nm y=-412519nm
2026-08-18 00:17:38,800 - corrector.core.run - INFO - Random-walk step 920/7000: motor target x=294100nm y=-410459nm
2026-08-18 00:17:44,391 - corrector.core.run - INFO - Random-walk step 921/7000: motor target x=291993nm y=-412139nm
2026-08-18 00:17:50,013 - corrector.core.run - INFO - Random-walk step 922/7000: motor target x=292001nm y=-412077nm
2026-08-18 00:17:55,841 - corrector.core.run - INFO - Random-walk step 923/7000: motor target x=291889nm y=-411831nm
2026-08-18 00:18:01,689 - corrector.core.run - INFO - Random-walk step 924/7000: motor target x=291911nm y=-411422nm
2026-08-18 00:18:07,460 - corrector.core.run - INFO - Random-walk step 925/7000: motor target x=292417nm y=-411256nm
2026-08-18 00:18:13,414 - corrector.core.run - INFO - Random-walk step 926/7000: motor target x=292289nm y=-410026nm
2026-08-18 00:18:18,820 - corrector.core.run - INFO - Random-walk step 927/7000: motor target x=292423nm y=-409816nm
2026-08-18 00:18:24,700 - corrector.core.run - INFO - Random-walk step 928/7000: motor target x=292197nm y=-410402nm
2026-08-18 00:18:30,270 - corrector.core.run - INFO - Random-walk step 929/7000: motor target x=291887nm y=-410280nm
2026-08-18 00:18:35,912 - corrector.core.run - INFO - Random-walk step 930/7000: motor target x=292020nm y=-410435nm
2026-08-18 00:18:41,606 - corrector.core.run - INFO - Random-walk step 931/7000: motor target x=292006nm y=-410522nm
2026-08-18 00:18:47,529 - corrector.core.run - INFO - Random-walk step 932/7000: motor target x=292292nm y=-410782nm
2026-08-18 00:18:53,380 - corrector.core.run - INFO - Random-walk step 933/7000: motor target x=291948nm y=-411563nm
2026-08-18 00:18:59,330 - corrector.core.run - INFO - Random-walk step 934/7000: motor target x=293798nm y=-412734nm
2026-08-18 00:19:04,823 - corrector.core.run - INFO - Random-walk step 935/7000: motor target x=293809nm y=-412046nm
2026-08-18 00:19:10,801 - corrector.core.run - INFO - Random-walk step 936/7000: motor target x=295032nm y=-410924nm
2026-08-18 00:19:16,422 - corrector.core.run - INFO - Random-walk step 937/7000: motor target x=295297nm y=-411877nm
2026-08-18 00:19:21,831 - corrector.core.run - INFO - Random-walk step 938/7000: motor target x=295027nm y=-412215nm
2026-08-18 00:19:27,782 - corrector.core.run - INFO - Random-walk step 939/7000: motor target x=295004nm y=-413133nm
2026-08-18 00:19:33,283 - corrector.core.run - INFO - Random-walk step 940/7000: motor target x=292548nm y=-419852nm
2026-08-18 00:19:38,957 - corrector.core.run - INFO - Random-walk step 941/7000: motor target x=292284nm y=-420051nm
2026-08-18 00:19:45,057 - corrector.core.run - INFO - Random-walk step 942/7000: motor target x=291204nm y=-418447nm
2026-08-18 00:19:50,567 - corrector.core.run - INFO - Random-walk step 943/7000: motor target x=291195nm y=-417842nm
2026-08-18 00:19:56,245 - corrector.core.run - INFO - Random-walk step 944/7000: motor target x=291710nm y=-418164nm
2026-08-18 00:20:02,284 - corrector.core.run - INFO - Random-walk step 945/7000: motor target x=292898nm y=-414209nm
2026-08-18 00:20:07,896 - corrector.core.run - INFO - Random-walk step 946/7000: motor target x=288799nm y=-414938nm
2026-08-18 00:20:13,522 - corrector.core.run - INFO - Random-walk step 947/7000: motor target x=289113nm y=-414213nm
2026-08-18 00:20:19,494 - corrector.core.run - INFO - Random-walk step 948/7000: motor target x=288012nm y=-413752nm
2026-08-18 00:20:24,829 - corrector.core.run - INFO - Random-walk step 949/7000: motor target x=286298nm y=-419378nm
2026-08-18 00:20:30,553 - corrector.core.run - INFO - Random-walk step 950/7000: motor target x=290583nm y=-421853nm
2026-08-18 00:20:36,367 - corrector.core.run - INFO - Random-walk step 951/7000: motor target x=291066nm y=-421838nm
2026-08-18 00:20:42,023 - corrector.core.run - INFO - Random-walk step 952/7000: motor target x=291177nm y=-419337nm
2026-08-18 00:20:48,210 - corrector.core.run - INFO - Random-walk step 953/7000: motor target x=291645nm y=-420815nm
2026-08-18 00:20:53,652 - corrector.core.run - INFO - Random-walk step 954/7000: motor target x=291503nm y=-420122nm
2026-08-18 00:20:59,168 - corrector.core.run - INFO - Random-walk step 955/7000: motor target x=291253nm y=-419817nm
2026-08-18 00:21:04,912 - corrector.core.run - INFO - Random-walk step 956/7000: motor target x=291236nm y=-419451nm
2026-08-18 00:21:10,758 - corrector.core.run - INFO - Random-walk step 957/7000: motor target x=291601nm y=-417826nm
2026-08-18 00:21:16,534 - corrector.core.run - INFO - Random-walk step 958/7000: motor target x=291936nm y=-417338nm
2026-08-18 00:21:22,446 - corrector.core.run - INFO - Random-walk step 959/7000: motor target x=292895nm y=-416349nm
2026-08-18 00:21:27,882 - corrector.core.run - INFO - Random-walk step 960/7000: motor target x=292768nm y=-416011nm
2026-08-18 00:21:33,788 - corrector.core.run - INFO - Random-walk step 961/7000: motor target x=288333nm y=-415359nm
2026-08-18 00:21:39,274 - corrector.core.run - INFO - Random-walk step 962/7000: motor target x=290723nm y=-411187nm
2026-08-18 00:21:44,958 - corrector.core.run - INFO - Random-walk step 963/7000: motor target x=290922nm y=-411226nm
2026-08-18 00:21:50,989 - corrector.core.run - INFO - Random-walk step 964/7000: motor target x=293055nm y=-410460nm
2026-08-18 00:21:56,407 - corrector.core.run - INFO - Random-walk step 965/7000: motor target x=293320nm y=-412565nm
2026-08-18 00:22:02,417 - corrector.core.run - INFO - Random-walk step 966/7000: motor target x=294066nm y=-411952nm
2026-08-18 00:22:08,295 - corrector.core.run - INFO - Random-walk step 967/7000: motor target x=289575nm y=-413068nm
2026-08-18 00:22:14,001 - corrector.core.run - INFO - Random-walk step 968/7000: motor target x=293522nm y=-411970nm
2026-08-18 00:22:19,599 - corrector.core.run - INFO - Random-walk step 969/7000: motor target x=292797nm y=-412447nm
2026-08-18 00:22:25,105 - corrector.core.run - INFO - Random-walk step 970/7000: motor target x=284750nm y=-407043nm
2026-08-18 00:22:31,077 - corrector.core.run - INFO - Random-walk step 971/7000: motor target x=284465nm y=-406178nm
2026-08-18 00:22:37,061 - corrector.core.run - INFO - Random-walk step 972/7000: motor target x=286303nm y=-404765nm
2026-08-18 00:22:42,462 - corrector.core.run - INFO - Random-walk step 973/7000: motor target x=286457nm y=-405360nm
2026-08-18 00:22:48,006 - corrector.core.run - INFO - Random-walk step 974/7000: motor target x=286206nm y=-405109nm
2026-08-18 00:22:54,228 - corrector.core.run - INFO - Random-walk step 975/7000: motor target x=285738nm y=-403651nm
2026-08-18 00:23:01,249 - corrector.core.run - INFO - Random-walk step 976/7000: motor target x=285859nm y=-403165nm
2026-08-18 00:23:06,718 - corrector.core.run - INFO - Random-walk step 977/7000: motor target x=285548nm y=-403489nm
2026-08-18 00:23:12,379 - corrector.core.run - INFO - Random-walk step 978/7000: motor target x=285449nm y=-403551nm
2026-08-18 00:23:18,176 - corrector.core.run - INFO - Random-walk step 979/7000: motor target x=285258nm y=-403584nm
2026-08-18 00:23:25,455 - corrector.core.run - INFO - Random-walk step 980/7000: motor target x=285388nm y=-403201nm
2026-08-18 00:23:32,597 - corrector.core.run - INFO - Random-walk step 981/7000: motor target x=285235nm y=-403189nm
2026-08-18 00:23:38,476 - corrector.core.run - INFO - Random-walk step 982/7000: motor target x=285018nm y=-402890nm
2026-08-18 00:23:44,066 - corrector.core.run - INFO - Random-walk step 983/7000: motor target x=285010nm y=-402706nm
2026-08-18 00:23:49,866 - corrector.core.run - INFO - Random-walk step 984/7000: motor target x=285073nm y=-402530nm
2026-08-18 00:23:55,802 - corrector.core.run - INFO - Random-walk step 985/7000: motor target x=288751nm y=-401762nm
2026-08-18 00:24:01,421 - corrector.core.run - INFO - Random-walk step 986/7000: motor target x=288346nm y=-401569nm
2026-08-18 00:24:07,354 - corrector.core.run - INFO - Random-walk step 987/7000: motor target x=287823nm y=-402516nm
2026-08-18 00:24:14,616 - corrector.core.run - INFO - Random-walk step 988/7000: motor target x=288883nm y=-404111nm
2026-08-18 00:24:20,177 - corrector.core.run - INFO - Random-walk step 989/7000: motor target x=287306nm y=-404687nm
2026-08-18 00:24:25,983 - corrector.core.run - INFO - Random-walk step 990/7000: motor target x=286442nm y=-402838nm
2026-08-18 00:24:32,871 - corrector.core.run - INFO - Random-walk step 991/7000: motor target x=286572nm y=-402862nm
2026-08-18 00:24:40,229 - corrector.core.run - INFO - Random-walk step 992/7000: motor target x=295270nm y=-401225nm
2026-08-18 00:24:45,903 - corrector.core.run - INFO - Random-walk step 993/7000: motor target x=295058nm y=-401386nm
2026-08-18 00:24:52,006 - corrector.core.run - INFO - Random-walk step 994/7000: motor target x=296051nm y=-400782nm
2026-08-18 00:24:57,530 - corrector.core.run - INFO - Random-walk step 995/7000: motor target x=296269nm y=-400338nm
2026-08-18 00:25:04,807 - corrector.core.run - INFO - Random-walk step 996/7000: motor target x=296315nm y=-400842nm
2026-08-18 00:25:10,439 - corrector.core.run - INFO - Random-walk step 997/7000: motor target x=296544nm y=-401325nm
2026-08-18 00:25:16,067 - corrector.core.run - INFO - Random-walk step 998/7000: motor target x=296813nm y=-401189nm
2026-08-18 00:25:22,130 - corrector.core.run - INFO - Random-walk step 999/7000: motor target x=297226nm y=-402091nm
2026-08-18 00:25:27,481 - corrector.core.run - INFO - Random-walk step 1000/7000: motor target x=297266nm y=-402011nm
2026-08-18 00:25:33,335 - corrector.core.run - INFO - Random-walk step 1001/7000: motor target x=297504nm y=-402335nm
2026-08-18 00:25:39,009 - corrector.core.run - INFO - Random-walk step 1002/7000: motor target x=297659nm y=-399823nm
2026-08-18 00:25:45,265 - corrector.core.run - INFO - Random-walk step 1003/7000: motor target x=299101nm y=-399064nm
2026-08-18 00:25:50,481 - corrector.core.run - INFO - Random-walk step 1004/7000: motor target x=294800nm y=-391180nm
2026-08-18 00:25:56,204 - corrector.core.run - INFO - Random-walk step 1005/7000: motor target x=294814nm y=-391564nm
2026-08-18 00:26:02,184 - corrector.core.run - INFO - Random-walk step 1006/7000: motor target x=294829nm y=-390747nm
2026-08-18 00:26:07,774 - corrector.core.run - INFO - Random-walk step 1007/7000: motor target x=295324nm y=-391005nm
2026-08-18 00:26:13,518 - corrector.core.run - INFO - Random-walk step 1008/7000: motor target x=295066nm y=-390563nm
2026-08-18 00:26:19,203 - corrector.core.run - INFO - Random-walk step 1009/7000: motor target x=295160nm y=-390004nm
2026-08-18 00:26:24,858 - corrector.core.run - INFO - Random-walk step 1010/7000: motor target x=295518nm y=-389836nm
2026-08-18 00:26:30,504 - corrector.core.run - INFO - Random-walk step 1011/7000: motor target x=295424nm y=-389765nm
2026-08-18 00:26:36,365 - corrector.core.run - INFO - Random-walk step 1012/7000: motor target x=295166nm y=-389810nm
2026-08-18 00:26:42,444 - corrector.core.run - INFO - Random-walk step 1013/7000: motor target x=295464nm y=-391148nm
2026-08-18 00:26:48,014 - corrector.core.run - INFO - Random-walk step 1014/7000: motor target x=292356nm y=-392022nm
2026-08-18 00:26:53,557 - corrector.core.run - INFO - Random-walk step 1015/7000: motor target x=297876nm y=-388348nm
2026-08-18 00:26:59,117 - corrector.core.run - INFO - Random-walk step 1016/7000: motor target x=297890nm y=-388452nm
2026-08-18 00:27:04,948 - corrector.core.run - INFO - Random-walk step 1017/7000: motor target x=297938nm y=-388298nm
2026-08-18 00:27:10,838 - corrector.core.run - INFO - Random-walk step 1018/7000: motor target x=297677nm y=-388858nm
2026-08-18 00:27:16,367 - corrector.core.run - INFO - Random-walk step 1019/7000: motor target x=297513nm y=-388678nm
2026-08-18 00:27:22,285 - corrector.core.run - INFO - Random-walk step 1020/7000: motor target x=297949nm y=-390663nm
2026-08-18 00:27:28,285 - corrector.core.run - INFO - Random-walk step 1021/7000: motor target x=297128nm y=-391966nm
2026-08-18 00:27:33,633 - corrector.core.run - INFO - Random-walk step 1022/7000: motor target x=297509nm y=-392363nm
2026-08-18 00:27:39,257 - corrector.core.run - INFO - Random-walk step 1023/7000: motor target x=297669nm y=-392380nm
2026-08-18 00:27:44,989 - corrector.core.run - INFO - Random-walk step 1024/7000: motor target x=297432nm y=-392337nm
2026-08-18 00:27:51,063 - corrector.core.run - INFO - Random-walk step 1025/7000: motor target x=295835nm y=-391517nm
2026-08-18 00:27:56,731 - corrector.core.run - INFO - Random-walk step 1026/7000: motor target x=296312nm y=-390786nm
2026-08-18 00:28:02,383 - corrector.core.run - INFO - Random-walk step 1027/7000: motor target x=296507nm y=-391286nm
2026-08-18 00:28:07,970 - corrector.core.run - INFO - Random-walk step 1028/7000: motor target x=296174nm y=-391609nm
2026-08-18 00:28:14,005 - corrector.core.run - INFO - Random-walk step 1029/7000: motor target x=295230nm y=-391979nm
2026-08-18 00:28:19,428 - corrector.core.run - INFO - Random-walk step 1030/7000: motor target x=287336nm y=-388565nm
2026-08-18 00:28:25,498 - corrector.core.run - INFO - Random-walk step 1031/7000: motor target x=286307nm y=-392719nm
2026-08-18 00:28:30,862 - corrector.core.run - INFO - Random-walk step 1032/7000: motor target x=288185nm y=-396322nm
2026-08-18 00:28:36,684 - corrector.core.run - INFO - Random-walk step 1033/7000: motor target x=288394nm y=-398064nm
2026-08-18 00:28:42,502 - corrector.core.run - INFO - Random-walk step 1034/7000: motor target x=288331nm y=-398552nm
2026-08-18 00:28:48,137 - corrector.core.run - INFO - Random-walk step 1035/7000: motor target x=287890nm y=-398975nm
2026-08-18 00:28:53,716 - corrector.core.run - INFO - Random-walk step 1036/7000: motor target x=287839nm y=-399030nm
2026-08-18 00:28:59,628 - corrector.core.run - INFO - Random-walk step 1037/7000: motor target x=285897nm y=-400785nm
2026-08-18 00:29:05,222 - corrector.core.run - INFO - Random-walk step 1038/7000: motor target x=285920nm y=-400555nm
2026-08-18 00:29:11,017 - corrector.core.run - INFO - Random-walk step 1039/7000: motor target x=285584nm y=-400742nm
2026-08-18 00:29:16,703 - corrector.core.run - INFO - Random-walk step 1040/7000: motor target x=283867nm y=-397203nm
2026-08-18 00:29:22,528 - corrector.core.run - INFO - Random-walk step 1041/7000: motor target x=280277nm y=-405030nm
2026-08-18 00:29:28,584 - corrector.core.run - INFO - Random-walk step 1042/7000: motor target x=281272nm y=-403847nm
2026-08-18 00:29:33,867 - corrector.core.run - INFO - Random-walk step 1043/7000: motor target x=281010nm y=-403837nm
2026-08-18 00:29:39,848 - corrector.core.run - INFO - Random-walk step 1044/7000: motor target x=281695nm y=-403983nm
2026-08-18 00:29:45,405 - corrector.core.run - INFO - Random-walk step 1045/7000: motor target x=281843nm y=-403672nm
2026-08-18 00:29:51,025 - corrector.core.run - INFO - Random-walk step 1046/7000: motor target x=281862nm y=-403897nm
2026-08-18 00:29:57,263 - corrector.core.run - INFO - Random-walk step 1047/7000: motor target x=282146nm y=-405258nm
2026-08-18 00:30:02,583 - corrector.core.run - INFO - Random-walk step 1048/7000: motor target x=282481nm y=-405505nm
2026-08-18 00:30:08,588 - corrector.core.run - INFO - Random-walk step 1049/7000: motor target x=283464nm y=-405140nm
2026-08-18 00:30:14,301 - corrector.core.run - INFO - Random-walk step 1050/7000: motor target x=283302nm y=-404269nm
2026-08-18 00:30:20,187 - corrector.core.run - INFO - Random-walk step 1051/7000: motor target x=284678nm y=-402347nm
2026-08-18 00:30:25,402 - corrector.core.run - INFO - Random-walk step 1052/7000: motor target x=284527nm y=-402551nm
2026-08-18 00:30:31,585 - corrector.core.run - INFO - Random-walk step 1053/7000: motor target x=286401nm y=-403742nm
2026-08-18 00:30:36,867 - corrector.core.run - INFO - Random-walk step 1054/7000: motor target x=286344nm y=-403622nm
2026-08-18 00:30:42,686 - corrector.core.run - INFO - Random-walk step 1055/7000: motor target x=286670nm y=-403442nm
2026-08-18 00:30:48,557 - corrector.core.run - INFO - Random-walk step 1056/7000: motor target x=288998nm y=-404052nm
2026-08-18 00:30:54,444 - corrector.core.run - INFO - Random-walk step 1057/7000: motor target x=290067nm y=-402395nm
2026-08-18 00:31:00,306 - corrector.core.run - INFO - Random-walk step 1058/7000: motor target x=288687nm y=-401498nm
2026-08-18 00:31:05,545 - corrector.core.run - INFO - Random-walk step 1059/7000: motor target x=286492nm y=-401619nm
2026-08-18 00:31:11,444 - corrector.core.run - INFO - Random-walk step 1060/7000: motor target x=287141nm y=-402216nm
2026-08-18 00:31:17,127 - corrector.core.run - INFO - Random-walk step 1061/7000: motor target x=279230nm y=-408289nm
2026-08-18 00:31:22,788 - corrector.core.run - INFO - Random-walk step 1062/7000: motor target x=279340nm y=-408518nm
2026-08-18 00:31:28,468 - corrector.core.run - INFO - Random-walk step 1063/7000: motor target x=279278nm y=-408315nm
2026-08-18 00:31:34,366 - corrector.core.run - INFO - Random-walk step 1064/7000: motor target x=278818nm y=-408468nm
2026-08-18 00:31:40,422 - corrector.core.run - INFO - Random-walk step 1065/7000: motor target x=278346nm y=-409847nm
2026-08-18 00:31:45,612 - corrector.core.run - INFO - Random-walk step 1066/7000: motor target x=278267nm y=-409879nm
2026-08-18 00:31:51,351 - corrector.core.run - INFO - Random-walk step 1067/7000: motor target x=278365nm y=-409825nm
2026-08-18 00:31:57,383 - corrector.core.run - INFO - Random-walk step 1068/7000: motor target x=277974nm y=-410574nm
2026-08-18 00:32:02,944 - corrector.core.run - INFO - Random-walk step 1069/7000: motor target x=277997nm y=-410203nm
2026-08-18 00:32:08,703 - corrector.core.run - INFO - Random-walk step 1070/7000: motor target x=278512nm y=-410407nm
2026-08-18 00:32:14,745 - corrector.core.run - INFO - Random-walk step 1071/7000: motor target x=278196nm y=-409053nm
2026-08-18 00:32:20,175 - corrector.core.run - INFO - Random-walk step 1072/7000: motor target x=278682nm y=-412985nm
2026-08-18 00:32:25,702 - corrector.core.run - INFO - Random-walk step 1073/7000: motor target x=278667nm y=-413117nm
2026-08-18 00:32:31,660 - corrector.core.run - INFO - Random-walk step 1074/7000: motor target x=278462nm y=-413599nm
2026-08-18 00:32:37,895 - corrector.core.run - INFO - Random-walk step 1075/7000: motor target x=279953nm y=-409839nm
2026-08-18 00:32:43,469 - corrector.core.run - INFO - Random-walk step 1076/7000: motor target x=278588nm y=-409483nm
2026-08-18 00:32:48,627 - corrector.core.run - INFO - Random-walk step 1077/7000: motor target x=278630nm y=-409422nm
2026-08-18 00:32:54,398 - corrector.core.run - INFO - Random-walk step 1078/7000: motor target x=278916nm y=-409112nm
2026-08-18 00:33:00,626 - corrector.core.run - INFO - Random-walk step 1079/7000: motor target x=277454nm y=-405257nm
2026-08-18 00:33:05,890 - corrector.core.run - INFO - Random-walk step 1080/7000: motor target x=279641nm y=-401023nm
2026-08-18 00:33:11,853 - corrector.core.run - INFO - Random-walk step 1081/7000: motor target x=279977nm y=-400213nm
2026-08-18 00:33:17,610 - corrector.core.run - INFO - Random-walk step 1082/7000: motor target x=280902nm y=-400105nm
2026-08-18 00:33:22,994 - corrector.core.run - INFO - Random-walk step 1083/7000: motor target x=280848nm y=-400064nm
2026-08-18 00:33:28,677 - corrector.core.run - INFO - Random-walk step 1084/7000: motor target x=280834nm y=-400001nm
2026-08-18 00:33:34,587 - corrector.core.run - INFO - Random-walk step 1085/7000: motor target x=280617nm y=-399769nm
2026-08-18 00:33:40,128 - corrector.core.run - INFO - Random-walk step 1086/7000: motor target x=280500nm y=-399734nm
2026-08-18 00:33:46,078 - corrector.core.run - INFO - Random-walk step 1087/7000: motor target x=280122nm y=-399800nm
2026-08-18 00:33:51,768 - corrector.core.run - INFO - Random-walk step 1088/7000: motor target x=283734nm y=-398121nm
2026-08-18 00:33:57,533 - corrector.core.run - INFO - Random-walk step 1089/7000: motor target x=282162nm y=-397668nm
2026-08-18 00:34:03,109 - corrector.core.run - INFO - Random-walk step 1090/7000: motor target x=282433nm y=-397628nm
2026-08-18 00:34:09,228 - corrector.core.run - INFO - Random-walk step 1091/7000: motor target x=281367nm y=-398031nm
2026-08-18 00:34:14,728 - corrector.core.run - INFO - Random-walk step 1092/7000: motor target x=281796nm y=-399911nm
2026-08-18 00:34:20,214 - corrector.core.run - INFO - Random-walk step 1093/7000: motor target x=281753nm y=-399865nm
2026-08-18 00:34:25,982 - corrector.core.run - INFO - Random-walk step 1094/7000: motor target x=281547nm y=-399842nm
2026-08-18 00:34:31,800 - corrector.core.run - INFO - Random-walk step 1095/7000: motor target x=281716nm y=-399447nm
2026-08-18 00:34:37,534 - corrector.core.run - INFO - Random-walk step 1096/7000: motor target x=281973nm y=-399071nm
2026-08-18 00:34:43,254 - corrector.core.run - INFO - Random-walk step 1097/7000: motor target x=282280nm y=-398793nm
2026-08-18 00:34:48,952 - corrector.core.run - INFO - Random-walk step 1098/7000: motor target x=282457nm y=-396914nm
2026-08-18 00:34:54,896 - corrector.core.run - INFO - Random-walk step 1099/7000: motor target x=283160nm y=-396521nm
2026-08-18 00:35:00,710 - corrector.core.run - INFO - Random-walk step 1100/7000: motor target x=283567nm y=-397369nm
2026-08-18 00:35:06,157 - corrector.core.run - INFO - Random-walk step 1101/7000: motor target x=283253nm y=-401386nm
2026-08-18 00:35:11,982 - corrector.core.run - INFO - Random-walk step 1102/7000: motor target x=285602nm y=-401022nm
2026-08-18 00:35:17,502 - corrector.core.run - INFO - Random-walk step 1103/7000: motor target x=285612nm y=-400950nm
2026-08-18 00:35:23,429 - corrector.core.run - INFO - Random-walk step 1104/7000: motor target x=285157nm y=-400769nm
2026-08-18 00:35:29,101 - corrector.core.run - INFO - Random-walk step 1105/7000: motor target x=285278nm y=-400344nm
2026-08-18 00:35:34,729 - corrector.core.run - INFO - Random-walk step 1106/7000: motor target x=285205nm y=-400220nm
2026-08-18 00:35:40,959 - corrector.core.run - INFO - Random-walk step 1107/7000: motor target x=286169nm y=-401458nm
2026-08-18 00:35:46,179 - corrector.core.run - INFO - Random-walk step 1108/7000: motor target x=285926nm y=-401378nm
2026-08-18 00:35:52,187 - corrector.core.run - INFO - Random-walk step 1109/7000: motor target x=285223nm y=-401460nm
2026-08-18 00:35:57,669 - corrector.core.run - INFO - Random-walk step 1110/7000: motor target x=285267nm y=-401208nm
2026-08-18 00:36:03,745 - corrector.core.run - INFO - Random-walk step 1111/7000: motor target x=286285nm y=-404133nm
2026-08-18 00:36:09,371 - corrector.core.run - INFO - Random-walk step 1112/7000: motor target x=286357nm y=-403502nm
2026-08-18 00:36:14,911 - corrector.core.run - INFO - Random-walk step 1113/7000: motor target x=294178nm y=-405463nm
2026-08-18 00:36:20,581 - corrector.core.run - INFO - Random-walk step 1114/7000: motor target x=294332nm y=-405407nm
2026-08-18 00:36:26,460 - corrector.core.run - INFO - Random-walk step 1115/7000: motor target x=296318nm y=-409188nm
2026-08-18 00:36:32,525 - corrector.core.run - INFO - Random-walk step 1116/7000: motor target x=295046nm y=-408397nm
2026-08-18 00:36:38,077 - corrector.core.run - INFO - Random-walk step 1117/7000: motor target x=294873nm y=-407598nm
2026-08-18 00:36:43,606 - corrector.core.run - INFO - Random-walk step 1118/7000: motor target x=294392nm y=-407636nm
2026-08-18 00:36:49,237 - corrector.core.run - INFO - Random-walk step 1119/7000: motor target x=294627nm y=-407845nm
2026-08-18 00:36:55,228 - corrector.core.run - INFO - Random-walk step 1120/7000: motor target x=295366nm y=-408191nm
2026-08-18 00:37:00,950 - corrector.core.run - INFO - Random-walk step 1121/7000: motor target x=294685nm y=-407491nm
2026-08-18 00:37:06,424 - corrector.core.run - INFO - Random-walk step 1122/7000: motor target x=294884nm y=-407470nm
2026-08-18 00:37:12,510 - corrector.core.run - INFO - Random-walk step 1123/7000: motor target x=294422nm y=-406439nm
2026-08-18 00:37:17,943 - corrector.core.run - INFO - Random-walk step 1124/7000: motor target x=296679nm y=-403393nm
2026-08-18 00:37:23,888 - corrector.core.run - INFO - Random-walk step 1125/7000: motor target x=296920nm y=-404149nm
2026-08-18 00:37:29,395 - corrector.core.run - INFO - Random-walk step 1126/7000: motor target x=293767nm y=-407272nm
2026-08-18 00:37:35,142 - corrector.core.run - INFO - Random-walk step 1127/7000: motor target x=296128nm y=-410871nm
2026-08-18 00:37:40,949 - corrector.core.run - INFO - Random-walk step 1128/7000: motor target x=296571nm y=-411003nm
2026-08-18 00:37:46,730 - corrector.core.run - INFO - Random-walk step 1129/7000: motor target x=297062nm y=-408698nm
2026-08-18 00:37:52,309 - corrector.core.run - INFO - Random-walk step 1130/7000: motor target x=297283nm y=-406417nm
2026-08-18 00:37:57,959 - corrector.core.run - INFO - Random-walk step 1131/7000: motor target x=297413nm y=-406326nm
2026-08-18 00:38:04,023 - corrector.core.run - INFO - Random-walk step 1132/7000: motor target x=296648nm y=-405959nm
2026-08-18 00:38:09,670 - corrector.core.run - INFO - Random-walk step 1133/7000: motor target x=297109nm y=-405383nm
2026-08-18 00:38:15,208 - corrector.core.run - INFO - Random-walk step 1134/7000: motor target x=297325nm y=-405268nm
2026-08-18 00:38:21,071 - corrector.core.run - INFO - Random-walk step 1135/7000: motor target x=296897nm y=-403658nm
2026-08-18 00:38:26,584 - corrector.core.run - INFO - Random-walk step 1136/7000: motor target x=296831nm y=-403659nm
2026-08-18 00:38:32,633 - corrector.core.run - INFO - Random-walk step 1137/7000: motor target x=296200nm y=-403983nm
2026-08-18 00:38:38,649 - corrector.core.run - INFO - Random-walk step 1138/7000: motor target x=296841nm y=-402575nm
2026-08-18 00:38:44,126 - corrector.core.run - INFO - Random-walk step 1139/7000: motor target x=296612nm y=-403263nm
2026-08-18 00:38:49,752 - corrector.core.run - INFO - Random-walk step 1140/7000: motor target x=296109nm y=-402674nm
2026-08-18 00:38:55,391 - corrector.core.run - INFO - Random-walk step 1141/7000: motor target x=296222nm y=-402251nm
2026-08-18 00:39:01,048 - corrector.core.run - INFO - Random-walk step 1142/7000: motor target x=296101nm y=-402518nm
2026-08-18 00:39:07,070 - corrector.core.run - INFO - Random-walk step 1143/7000: motor target x=296493nm y=-403326nm
2026-08-18 00:39:12,518 - corrector.core.run - INFO - Random-walk step 1144/7000: motor target x=296228nm y=-403229nm
2026-08-18 00:39:18,700 - corrector.core.run - INFO - Random-walk step 1145/7000: motor target x=295348nm y=-404420nm
2026-08-18 00:39:24,080 - corrector.core.run - INFO - Random-walk step 1146/7000: motor target x=295215nm y=-404832nm
2026-08-18 00:39:29,972 - corrector.core.run - INFO - Random-walk step 1147/7000: motor target x=295323nm y=-404042nm
2026-08-18 00:39:35,608 - corrector.core.run - INFO - Random-walk step 1148/7000: motor target x=295212nm y=-404353nm
2026-08-18 00:39:41,260 - corrector.core.run - INFO - Random-walk step 1149/7000: motor target x=298140nm y=-402344nm
2026-08-18 00:39:47,366 - corrector.core.run - INFO - Random-walk step 1150/7000: motor target x=297605nm y=-401076nm
2026-08-18 00:39:52,626 - corrector.core.run - INFO - Random-walk step 1151/7000: motor target x=297783nm y=-401058nm
2026-08-18 00:39:58,437 - corrector.core.run - INFO - Random-walk step 1152/7000: motor target x=297408nm y=-400696nm
2026-08-18 00:40:04,127 - corrector.core.run - INFO - Random-walk step 1153/7000: motor target x=297593nm y=-400403nm
2026-08-18 00:40:10,242 - corrector.core.run - INFO - Random-walk step 1154/7000: motor target x=298711nm y=-401314nm
2026-08-18 00:40:15,605 - corrector.core.run - INFO - Random-walk step 1155/7000: motor target x=298751nm y=-401022nm
2026-08-18 00:40:21,263 - corrector.core.run - INFO - Random-walk step 1156/7000: motor target x=298972nm y=-400922nm
2026-08-18 00:40:27,363 - corrector.core.run - INFO - Random-walk step 1157/7000: motor target x=298685nm y=-399807nm
2026-08-18 00:40:32,998 - corrector.core.run - INFO - Random-walk step 1158/7000: motor target x=299533nm y=-399798nm
2026-08-18 00:40:38,581 - corrector.core.run - INFO - Random-walk step 1159/7000: motor target x=301315nm y=-392675nm
2026-08-18 00:40:44,140 - corrector.core.run - INFO - Random-walk step 1160/7000: motor target x=301282nm y=-392774nm
2026-08-18 00:40:50,229 - corrector.core.run - INFO - Random-walk step 1161/7000: motor target x=301650nm y=-393543nm
2026-08-18 00:40:55,936 - corrector.core.run - INFO - Random-walk step 1162/7000: motor target x=301001nm y=-393746nm
2026-08-18 00:41:01,391 - corrector.core.run - INFO - Random-walk step 1163/7000: motor target x=298288nm y=-396455nm
2026-08-18 00:41:07,436 - corrector.core.run - INFO - Random-walk step 1164/7000: motor target x=297443nm y=-396182nm
2026-08-18 00:41:12,847 - corrector.core.run - INFO - Random-walk step 1165/7000: motor target x=299327nm y=-393037nm
2026-08-18 00:41:18,749 - corrector.core.run - INFO - Random-walk step 1166/7000: motor target x=296931nm y=-393546nm
2026-08-18 00:41:24,337 - corrector.core.run - INFO - Random-walk step 1167/7000: motor target x=297075nm y=-393907nm
2026-08-18 00:41:30,108 - corrector.core.run - INFO - Random-walk step 1168/7000: motor target x=296863nm y=-393406nm
2026-08-18 00:41:35,752 - corrector.core.run - INFO - Random-walk step 1169/7000: motor target x=296843nm y=-393735nm
2026-08-18 00:41:41,552 - corrector.core.run - INFO - Random-walk step 1170/7000: motor target x=300190nm y=-388406nm
2026-08-18 00:41:47,194 - corrector.core.run - INFO - Random-walk step 1171/7000: motor target x=295443nm y=-389953nm
2026-08-18 00:41:53,400 - corrector.core.run - INFO - Random-walk step 1172/7000: motor target x=294184nm y=-388842nm
2026-08-18 00:41:58,860 - corrector.core.run - INFO - Random-walk step 1173/7000: motor target x=295055nm y=-388824nm
2026-08-18 00:42:04,562 - corrector.core.run - INFO - Random-walk step 1174/7000: motor target x=295224nm y=-388099nm
2026-08-18 00:42:10,070 - corrector.core.run - INFO - Random-walk step 1175/7000: motor target x=295343nm y=-388140nm
2026-08-18 00:42:15,873 - corrector.core.run - INFO - Random-walk step 1176/7000: motor target x=298725nm y=-389703nm
2026-08-18 00:42:21,744 - corrector.core.run - INFO - Random-walk step 1177/7000: motor target x=296523nm y=-389268nm
2026-08-18 00:42:27,546 - corrector.core.run - INFO - Random-walk step 1178/7000: motor target x=295846nm y=-388977nm
2026-08-18 00:42:33,192 - corrector.core.run - INFO - Random-walk step 1179/7000: motor target x=301791nm y=-389432nm
2026-08-18 00:42:38,868 - corrector.core.run - INFO - Random-walk step 1180/7000: motor target x=301363nm y=-389555nm
2026-08-18 00:42:44,804 - corrector.core.run - INFO - Random-walk step 1181/7000: motor target x=300540nm y=-389999nm
2026-08-18 00:42:50,154 - corrector.core.run - INFO - Random-walk step 1182/7000: motor target x=300637nm y=-389997nm
2026-08-18 00:42:56,083 - corrector.core.run - INFO - Random-walk step 1183/7000: motor target x=303241nm y=-392088nm
2026-08-18 00:43:01,663 - corrector.core.run - INFO - Random-walk step 1184/7000: motor target x=303224nm y=-392302nm
2026-08-18 00:43:07,360 - corrector.core.run - INFO - Random-walk step 1185/7000: motor target x=303358nm y=-392323nm
2026-08-18 00:43:13,280 - corrector.core.run - INFO - Random-walk step 1186/7000: motor target x=301586nm y=-391984nm
2026-08-18 00:43:18,870 - corrector.core.run - INFO - Random-walk step 1187/7000: motor target x=301338nm y=-392233nm
2026-08-18 00:43:24,607 - corrector.core.run - INFO - Random-walk step 1188/7000: motor target x=301038nm y=-394298nm
2026-08-18 00:43:30,345 - corrector.core.run - INFO - Random-walk step 1189/7000: motor target x=305365nm y=-396310nm
2026-08-18 00:43:36,063 - corrector.core.run - INFO - Random-walk step 1190/7000: motor target x=305291nm y=-396539nm
2026-08-18 00:43:42,035 - corrector.core.run - INFO - Random-walk step 1191/7000: motor target x=306050nm y=-399183nm
2026-08-18 00:43:47,466 - corrector.core.run - INFO - Random-walk step 1192/7000: motor target x=306145nm y=-399193nm
2026-08-18 00:43:53,538 - corrector.core.run - INFO - Random-walk step 1193/7000: motor target x=305398nm y=-397359nm
2026-08-18 00:43:59,134 - corrector.core.run - INFO - Random-walk step 1194/7000: motor target x=305293nm y=-397786nm
2026-08-18 00:44:04,677 - corrector.core.run - INFO - Random-walk step 1195/7000: motor target x=305322nm y=-397637nm
2026-08-18 00:44:10,758 - corrector.core.run - INFO - Random-walk step 1196/7000: motor target x=306083nm y=-397040nm
2026-08-18 00:44:16,492 - corrector.core.run - INFO - Random-walk step 1197/7000: motor target x=307074nm y=-397001nm
2026-08-18 00:44:21,908 - corrector.core.run - INFO - Random-walk step 1198/7000: motor target x=308705nm y=-397037nm
2026-08-18 00:44:27,785 - corrector.core.run - INFO - Random-walk step 1199/7000: motor target x=306232nm y=-396625nm
2026-08-18 00:44:33,385 - corrector.core.run - INFO - Random-walk step 1200/7000: motor target x=306325nm y=-396843nm
2026-08-18 00:44:39,234 - corrector.core.run - INFO - Random-walk step 1201/7000: motor target x=305867nm y=-396810nm
2026-08-18 00:44:45,046 - corrector.core.run - INFO - Random-walk step 1202/7000: motor target x=305142nm y=-396489nm
2026-08-18 00:44:50,692 - corrector.core.run - INFO - Random-walk step 1203/7000: motor target x=304655nm y=-396416nm
2026-08-18 00:44:56,319 - corrector.core.run - INFO - Random-walk step 1204/7000: motor target x=304415nm y=-396042nm
2026-08-18 00:45:01,999 - corrector.core.run - INFO - Random-walk step 1205/7000: motor target x=304241nm y=-396251nm
2026-08-18 00:45:07,842 - corrector.core.run - INFO - Random-walk step 1206/7000: motor target x=304634nm y=-396427nm
2026-08-18 00:45:13,456 - corrector.core.run - INFO - Random-walk step 1207/7000: motor target x=304490nm y=-396232nm
2026-08-18 00:45:19,591 - corrector.core.run - INFO - Random-walk step 1208/7000: motor target x=303765nm y=-395176nm
2026-08-18 00:45:25,208 - corrector.core.run - INFO - Random-walk step 1209/7000: motor target x=301036nm y=-394403nm
2026-08-18 00:45:30,687 - corrector.core.run - INFO - Random-walk step 1210/7000: motor target x=301030nm y=-394762nm
2026-08-18 00:45:36,522 - corrector.core.run - INFO - Random-walk step 1211/7000: motor target x=304070nm y=-395134nm
2026-08-18 00:45:42,523 - corrector.core.run - INFO - Random-walk step 1212/7000: motor target x=302820nm y=-394760nm
2026-08-18 00:45:48,110 - corrector.core.run - INFO - Random-walk step 1213/7000: motor target x=303598nm y=-394423nm
2026-08-18 00:45:53,871 - corrector.core.run - INFO - Random-walk step 1214/7000: motor target x=304556nm y=-391014nm
2026-08-18 00:45:59,290 - corrector.core.run - INFO - Random-walk step 1215/7000: motor target x=304291nm y=-391165nm
2026-08-18 00:46:05,303 - corrector.core.run - INFO - Random-walk step 1216/7000: motor target x=303512nm y=-390943nm
2026-08-18 00:46:10,782 - corrector.core.run - INFO - Random-walk step 1217/7000: motor target x=303168nm y=-390857nm
2026-08-18 00:46:16,423 - corrector.core.run - INFO - Random-walk step 1218/7000: motor target x=303031nm y=-390769nm
2026-08-18 00:46:22,315 - corrector.core.run - INFO - Random-walk step 1219/7000: motor target x=299809nm y=-388985nm
2026-08-18 00:46:28,313 - corrector.core.run - INFO - Random-walk step 1220/7000: motor target x=298685nm y=-390666nm
2026-08-18 00:46:33,921 - corrector.core.run - INFO - Random-walk step 1221/7000: motor target x=297889nm y=-390955nm
2026-08-18 00:46:39,675 - corrector.core.run - INFO - Random-walk step 1222/7000: motor target x=301300nm y=-391741nm
2026-08-18 00:46:45,413 - corrector.core.run - INFO - Random-walk step 1223/7000: motor target x=302106nm y=-391538nm
2026-08-18 00:46:51,301 - corrector.core.run - INFO - Random-walk step 1224/7000: motor target x=302742nm y=-392814nm
2026-08-18 00:46:57,017 - corrector.core.run - INFO - Random-walk step 1225/7000: motor target x=301524nm y=-393008nm
2026-08-18 00:47:02,312 - corrector.core.run - INFO - Random-walk step 1226/7000: motor target x=299717nm y=-392945nm
2026-08-18 00:47:08,070 - corrector.core.run - INFO - Random-walk step 1227/7000: motor target x=302174nm y=-398510nm
2026-08-18 00:47:13,703 - corrector.core.run - INFO - Random-walk step 1228/7000: motor target x=302182nm y=-398590nm
2026-08-18 00:47:19,452 - corrector.core.run - INFO - Random-walk step 1229/7000: motor target x=302057nm y=-398692nm
2026-08-18 00:47:25,474 - corrector.core.run - INFO - Random-walk step 1230/7000: motor target x=301145nm y=-396564nm
2026-08-18 00:47:31,249 - corrector.core.run - INFO - Random-walk step 1231/7000: motor target x=301160nm y=-397546nm
2026-08-18 00:47:36,659 - corrector.core.run - INFO - Random-walk step 1232/7000: motor target x=301087nm y=-397814nm
2026-08-18 00:47:42,526 - corrector.core.run - INFO - Random-walk step 1233/7000: motor target x=301554nm y=-397952nm
2026-08-18 00:47:48,405 - corrector.core.run - INFO - Random-walk step 1234/7000: motor target x=301826nm y=-398752nm
2026-08-18 00:47:53,931 - corrector.core.run - INFO - Random-walk step 1235/7000: motor target x=301690nm y=-398479nm
2026-08-18 00:47:59,854 - corrector.core.run - INFO - Random-walk step 1236/7000: motor target x=300790nm y=-398862nm
2026-08-18 00:48:05,581 - corrector.core.run - INFO - Random-walk step 1237/7000: motor target x=300457nm y=-399540nm
2026-08-18 00:48:11,485 - corrector.core.run - INFO - Random-walk step 1238/7000: motor target x=301675nm y=-398930nm
2026-08-18 00:48:17,294 - corrector.core.run - INFO - Random-walk step 1239/7000: motor target x=301302nm y=-397379nm
2026-08-18 00:48:22,607 - corrector.core.run - INFO - Random-walk step 1240/7000: motor target x=301373nm y=-396827nm
2026-08-18 00:48:28,403 - corrector.core.run - INFO - Random-walk step 1241/7000: motor target x=300747nm y=-396160nm
2026-08-18 00:48:34,412 - corrector.core.run - INFO - Random-walk step 1242/7000: motor target x=301253nm y=-397439nm
2026-08-18 00:48:39,959 - corrector.core.run - INFO - Random-walk step 1243/7000: motor target x=303377nm y=-396641nm
2026-08-18 00:48:45,371 - corrector.core.run - INFO - Random-walk step 1244/7000: motor target x=303263nm y=-396532nm
2026-08-18 00:48:51,671 - corrector.core.run - INFO - Random-walk step 1245/7000: motor target x=300933nm y=-395022nm
2026-08-18 00:48:57,114 - corrector.core.run - INFO - Random-walk step 1246/7000: motor target x=300142nm y=-394604nm
2026-08-18 00:49:02,523 - corrector.core.run - INFO - Random-walk step 1247/7000: motor target x=300102nm y=-394458nm
2026-08-18 00:49:08,335 - corrector.core.run - INFO - Random-walk step 1248/7000: motor target x=301729nm y=-392778nm
2026-08-18 00:49:14,351 - corrector.core.run - INFO - Random-walk step 1249/7000: motor target x=303340nm y=-393706nm
2026-08-18 00:49:20,148 - corrector.core.run - INFO - Random-walk step 1250/7000: motor target x=302249nm y=-397677nm
2026-08-18 00:49:25,853 - corrector.core.run - INFO - Random-walk step 1251/7000: motor target x=303312nm y=-397285nm
2026-08-18 00:49:31,607 - corrector.core.run - INFO - Random-walk step 1252/7000: motor target x=304363nm y=-397631nm
2026-08-18 00:49:37,404 - corrector.core.run - INFO - Random-walk step 1253/7000: motor target x=303033nm y=-407510nm
2026-08-18 00:49:42,925 - corrector.core.run - INFO - Random-walk step 1254/7000: motor target x=303568nm y=-406915nm
2026-08-18 00:49:48,480 - corrector.core.run - INFO - Random-walk step 1255/7000: motor target x=300120nm y=-408466nm
2026-08-18 00:49:54,178 - corrector.core.run - INFO - Random-walk step 1256/7000: motor target x=297788nm y=-412009nm
2026-08-18 00:50:00,024 - corrector.core.run - INFO - Random-walk step 1257/7000: motor target x=299746nm y=-412384nm
2026-08-18 00:50:05,931 - corrector.core.run - INFO - Random-walk step 1258/7000: motor target x=298167nm y=-413398nm
2026-08-18 00:50:11,399 - corrector.core.run - INFO - Random-walk step 1259/7000: motor target x=298504nm y=-413027nm
2026-08-18 00:50:17,196 - corrector.core.run - INFO - Random-walk step 1260/7000: motor target x=298555nm y=-412591nm
2026-08-18 00:50:22,844 - corrector.core.run - INFO - Random-walk step 1261/7000: motor target x=298951nm y=-412297nm
2026-08-18 00:50:28,532 - corrector.core.run - INFO - Random-walk step 1262/7000: motor target x=298871nm y=-412374nm
2026-08-18 00:50:34,477 - corrector.core.run - INFO - Random-walk step 1263/7000: motor target x=299215nm y=-413093nm
2026-08-18 00:50:39,931 - corrector.core.run - INFO - Random-walk step 1264/7000: motor target x=296754nm y=-413209nm
2026-08-18 00:50:45,987 - corrector.core.run - INFO - Random-walk step 1265/7000: motor target x=297552nm y=-414047nm
2026-08-18 00:50:51,437 - corrector.core.run - INFO - Random-walk step 1266/7000: motor target x=297629nm y=-413714nm
2026-08-18 00:50:57,322 - corrector.core.run - INFO - Random-walk step 1267/7000: motor target x=298018nm y=-414306nm
2026-08-18 00:51:03,070 - corrector.core.run - INFO - Random-walk step 1268/7000: motor target x=297389nm y=-414411nm
2026-08-18 00:51:08,638 - corrector.core.run - INFO - Random-walk step 1269/7000: motor target x=297253nm y=-414529nm
2026-08-18 00:51:14,478 - corrector.core.run - INFO - Random-walk step 1270/7000: motor target x=296958nm y=-414985nm
2026-08-18 00:51:20,085 - corrector.core.run - INFO - Random-walk step 1271/7000: motor target x=299079nm y=-414671nm
2026-08-18 00:51:26,056 - corrector.core.run - INFO - Random-walk step 1272/7000: motor target x=298260nm y=-414597nm
2026-08-18 00:51:31,763 - corrector.core.run - INFO - Random-walk step 1273/7000: motor target x=298093nm y=-413888nm
2026-08-18 00:51:37,529 - corrector.core.run - INFO - Random-walk step 1274/7000: motor target x=298919nm y=-414209nm
2026-08-18 00:51:43,015 - corrector.core.run - INFO - Random-walk step 1275/7000: motor target x=300526nm y=-414514nm
2026-08-18 00:51:48,834 - corrector.core.run - INFO - Random-walk step 1276/7000: motor target x=300120nm y=-414417nm
2026-08-18 00:51:54,894 - corrector.core.run - INFO - Random-walk step 1277/7000: motor target x=301446nm y=-414460nm
2026-08-18 00:52:00,294 - corrector.core.run - INFO - Random-walk step 1278/7000: motor target x=301031nm y=-414155nm
2026-08-18 00:52:05,910 - corrector.core.run - INFO - Random-walk step 1279/7000: motor target x=300860nm y=-413893nm
2026-08-18 00:52:11,884 - corrector.core.run - INFO - Random-walk step 1280/7000: motor target x=300379nm y=-414669nm
2026-08-18 00:52:17,450 - corrector.core.run - INFO - Random-walk step 1281/7000: motor target x=298686nm y=-414358nm
2026-08-18 00:52:23,282 - corrector.core.run - INFO - Random-walk step 1282/7000: motor target x=296566nm y=-413767nm
2026-08-18 00:52:29,342 - corrector.core.run - INFO - Random-walk step 1283/7000: motor target x=295088nm y=-410667nm
2026-08-18 00:52:34,554 - corrector.core.run - INFO - Random-walk step 1284/7000: motor target x=302173nm y=-403899nm
2026-08-18 00:52:40,526 - corrector.core.run - INFO - Random-walk step 1285/7000: motor target x=303013nm y=-403540nm
2026-08-18 00:52:45,993 - corrector.core.run - INFO - Random-walk step 1286/7000: motor target x=300924nm y=-410358nm
2026-08-18 00:52:52,188 - corrector.core.run - INFO - Random-walk step 1287/7000: motor target x=299506nm y=-411054nm
2026-08-18 00:52:57,336 - corrector.core.run - INFO - Random-walk step 1288/7000: motor target x=299500nm y=-410982nm
2026-08-18 00:53:03,106 - corrector.core.run - INFO - Random-walk step 1289/7000: motor target x=299545nm y=-410779nm
2026-08-18 00:53:08,931 - corrector.core.run - INFO - Random-walk step 1290/7000: motor target x=301097nm y=-410777nm
2026-08-18 00:53:14,537 - corrector.core.run - INFO - Random-walk step 1291/7000: motor target x=301146nm y=-410860nm
2026-08-18 00:53:20,479 - corrector.core.run - INFO - Random-walk step 1292/7000: motor target x=295654nm y=-407572nm
2026-08-18 00:53:26,067 - corrector.core.run - INFO - Random-walk step 1293/7000: motor target x=295478nm y=-407771nm
2026-08-18 00:53:31,882 - corrector.core.run - INFO - Random-walk step 1294/7000: motor target x=295375nm y=-408009nm
2026-08-18 00:53:37,784 - corrector.core.run - INFO - Random-walk step 1295/7000: motor target x=294724nm y=-404088nm
2026-08-18 00:53:43,646 - corrector.core.run - INFO - Random-walk step 1296/7000: motor target x=293604nm y=-403275nm
2026-08-18 00:53:48,995 - corrector.core.run - INFO - Random-walk step 1297/7000: motor target x=293378nm y=-404833nm
2026-08-18 00:53:54,918 - corrector.core.run - INFO - Random-walk step 1298/7000: motor target x=293975nm y=-405458nm
2026-08-18 00:54:00,381 - corrector.core.run - INFO - Random-walk step 1299/7000: motor target x=293845nm y=-405581nm
2026-08-18 00:54:06,237 - corrector.core.run - INFO - Random-walk step 1300/7000: motor target x=291356nm y=-409658nm
2026-08-18 00:54:11,901 - corrector.core.run - INFO - Random-walk step 1301/7000: motor target x=294043nm y=-409862nm
2026-08-18 00:54:17,565 - corrector.core.run - INFO - Random-walk step 1302/7000: motor target x=294011nm y=-409796nm
2026-08-18 00:54:23,729 - corrector.core.run - INFO - Random-walk step 1303/7000: motor target x=295605nm y=-410859nm
2026-08-18 00:54:29,163 - corrector.core.run - INFO - Random-walk step 1304/7000: motor target x=295824nm y=-409188nm
2026-08-18 00:54:34,781 - corrector.core.run - INFO - Random-walk step 1305/7000: motor target x=295917nm y=-409071nm
2026-08-18 00:54:40,650 - corrector.core.run - INFO - Random-walk step 1306/7000: motor target x=295984nm y=-409361nm
2026-08-18 00:54:46,767 - corrector.core.run - INFO - Random-walk step 1307/7000: motor target x=295297nm y=-408013nm
2026-08-18 00:54:52,046 - corrector.core.run - INFO - Random-walk step 1308/7000: motor target x=294985nm y=-407967nm
2026-08-18 00:54:57,996 - corrector.core.run - INFO - Random-walk step 1309/7000: motor target x=294212nm y=-408151nm
2026-08-18 00:55:03,497 - corrector.core.run - INFO - Random-walk step 1310/7000: motor target x=294348nm y=-408422nm
2026-08-18 00:55:09,555 - corrector.core.run - INFO - Random-walk step 1311/7000: motor target x=293829nm y=-409401nm
2026-08-18 00:55:15,639 - corrector.core.run - INFO - Random-walk step 1312/7000: motor target x=292298nm y=-407846nm
2026-08-18 00:55:20,799 - corrector.core.run - INFO - Random-walk step 1313/7000: motor target x=292870nm y=-407999nm
2026-08-18 00:55:26,433 - corrector.core.run - INFO - Random-walk step 1314/7000: motor target x=299405nm y=-415016nm
2026-08-18 00:55:32,638 - corrector.core.run - INFO - Random-walk step 1315/7000: motor target x=299578nm y=-413510nm
2026-08-18 00:55:37,852 - corrector.core.run - INFO - Random-walk step 1316/7000: motor target x=301988nm y=-416234nm
2026-08-18 00:55:43,902 - corrector.core.run - INFO - Random-walk step 1317/7000: motor target x=301850nm y=-415353nm
2026-08-18 00:55:49,259 - corrector.core.run - INFO - Random-walk step 1318/7000: motor target x=302044nm y=-415507nm
2026-08-18 00:55:55,051 - corrector.core.run - INFO - Random-walk step 1319/7000: motor target x=302033nm y=-415169nm
2026-08-18 00:56:00,923 - corrector.core.run - INFO - Random-walk step 1320/7000: motor target x=302584nm y=-415639nm
2026-08-18 00:56:06,597 - corrector.core.run - INFO - Random-walk step 1321/7000: motor target x=302729nm y=-416126nm
2026-08-18 00:56:12,209 - corrector.core.run - INFO - Random-walk step 1322/7000: motor target x=302858nm y=-416469nm
2026-08-18 00:56:18,217 - corrector.core.run - INFO - Random-walk step 1323/7000: motor target x=301959nm y=-414737nm
2026-08-18 00:56:23,874 - corrector.core.run - INFO - Random-walk step 1324/7000: motor target x=301201nm y=-414641nm
2026-08-18 00:56:29,650 - corrector.core.run - INFO - Random-walk step 1325/7000: motor target x=300654nm y=-413908nm
2026-08-18 00:56:35,069 - corrector.core.run - INFO - Random-walk step 1326/7000: motor target x=300729nm y=-414014nm
2026-08-18 00:56:40,795 - corrector.core.run - INFO - Random-walk step 1327/7000: motor target x=300720nm y=-414087nm
2026-08-18 00:56:46,985 - corrector.core.run - INFO - Random-walk step 1328/7000: motor target x=301852nm y=-406486nm
2026-08-18 00:56:52,669 - corrector.core.run - INFO - Random-walk step 1329/7000: motor target x=300747nm y=-406577nm
2026-08-18 00:56:57,993 - corrector.core.run - INFO - Random-walk step 1330/7000: motor target x=300909nm y=-406423nm
2026-08-18 00:57:04,077 - corrector.core.run - INFO - Random-walk step 1331/7000: motor target x=298221nm y=-407371nm
2026-08-18 00:57:09,507 - corrector.core.run - INFO - Random-walk step 1332/7000: motor target x=298138nm y=-407709nm
2026-08-18 00:57:15,838 - corrector.core.run - INFO - Random-walk step 1333/7000: motor target x=299580nm y=-409212nm
2026-08-18 00:57:21,262 - corrector.core.run - INFO - Random-walk step 1334/7000: motor target x=298690nm y=-409077nm
2026-08-18 00:57:26,792 - corrector.core.run - INFO - Random-walk step 1335/7000: motor target x=298144nm y=-410652nm
2026-08-18 00:57:32,447 - corrector.core.run - INFO - Random-walk step 1336/7000: motor target x=297946nm y=-410244nm
2026-08-18 00:57:38,049 - corrector.core.run - INFO - Random-walk step 1337/7000: motor target x=297855nm y=-410204nm
2026-08-18 00:57:44,216 - corrector.core.run - INFO - Random-walk step 1338/7000: motor target x=298327nm y=-411422nm
2026-08-18 00:57:51,083 - corrector.core.run - INFO - Random-walk step 1339/7000: motor target x=298218nm y=-411621nm
2026-08-18 00:57:58,288 - corrector.core.run - INFO - Random-walk step 1340/7000: motor target x=298151nm y=-411427nm
2026-08-18 00:58:04,209 - corrector.core.run - INFO - Random-walk step 1341/7000: motor target x=289455nm y=-413744nm
2026-08-18 00:58:10,028 - corrector.core.run - INFO - Random-walk step 1342/7000: motor target x=289226nm y=-414451nm
2026-08-18 00:58:15,766 - corrector.core.run - INFO - Random-walk step 1343/7000: motor target x=288655nm y=-415139nm
2026-08-18 00:58:22,672 - corrector.core.run - INFO - Random-walk step 1344/7000: motor target x=288626nm y=-415097nm
2026-08-18 00:58:28,395 - corrector.core.run - INFO - Random-walk step 1345/7000: motor target x=288721nm y=-415164nm
2026-08-18 00:58:34,206 - corrector.core.run - INFO - Random-walk step 1346/7000: motor target x=288670nm y=-419985nm
2026-08-18 00:58:39,877 - corrector.core.run - INFO - Random-walk step 1347/7000: motor target x=288646nm y=-419894nm
2026-08-18 00:58:45,740 - corrector.core.run - INFO - Random-walk step 1348/7000: motor target x=288988nm y=-419908nm
2026-08-18 00:58:51,633 - corrector.core.run - INFO - Random-walk step 1349/7000: motor target x=289005nm y=-420702nm
2026-08-18 00:58:57,033 - corrector.core.run - INFO - Random-walk step 1350/7000: motor target x=289007nm y=-420799nm
2026-08-18 00:59:02,888 - corrector.core.run - INFO - Random-walk step 1351/7000: motor target x=289063nm y=-420534nm
2026-08-18 00:59:08,617 - corrector.core.run - INFO - Random-walk step 1352/7000: motor target x=289150nm y=-420949nm
2026-08-18 00:59:14,645 - corrector.core.run - INFO - Random-walk step 1353/7000: motor target x=289304nm y=-422061nm
2026-08-18 00:59:20,408 - corrector.core.run - INFO - Random-walk step 1354/7000: motor target x=291720nm y=-423176nm
2026-08-18 00:59:25,759 - corrector.core.run - INFO - Random-walk step 1355/7000: motor target x=294406nm y=-426151nm
2026-08-18 00:59:31,473 - corrector.core.run - INFO - Random-walk step 1356/7000: motor target x=294428nm y=-426409nm
2026-08-18 00:59:37,199 - corrector.core.run - INFO - Random-walk step 1357/7000: motor target x=294726nm y=-426309nm
2026-08-18 00:59:43,155 - corrector.core.run - INFO - Random-walk step 1358/7000: motor target x=294028nm y=-425754nm
2026-08-18 00:59:49,175 - corrector.core.run - INFO - Random-walk step 1359/7000: motor target x=298417nm y=-424194nm
2026-08-18 00:59:54,518 - corrector.core.run - INFO - Random-walk step 1360/7000: motor target x=298178nm y=-423618nm
2026-08-18 01:00:00,110 - corrector.core.run - INFO - Random-walk step 1361/7000: motor target x=301024nm y=-419543nm
2026-08-18 01:00:05,778 - corrector.core.run - INFO - Random-walk step 1362/7000: motor target x=301144nm y=-419639nm
2026-08-18 01:00:11,868 - corrector.core.run - INFO - Random-walk step 1363/7000: motor target x=300864nm y=-418686nm
2026-08-18 01:00:17,281 - corrector.core.run - INFO - Random-walk step 1364/7000: motor target x=300630nm y=-418398nm
2026-08-18 01:00:22,972 - corrector.core.run - INFO - Random-walk step 1365/7000: motor target x=300895nm y=-418399nm
2026-08-18 01:00:28,934 - corrector.core.run - INFO - Random-walk step 1366/7000: motor target x=303476nm y=-419045nm
2026-08-18 01:00:34,654 - corrector.core.run - INFO - Random-walk step 1367/7000: motor target x=303240nm y=-418333nm
2026-08-18 01:00:40,180 - corrector.core.run - INFO - Random-walk step 1368/7000: motor target x=300790nm y=-418534nm
2026-08-18 01:00:45,970 - corrector.core.run - INFO - Random-walk step 1369/7000: motor target x=303182nm y=-410338nm
2026-08-18 01:00:52,183 - corrector.core.run - INFO - Random-walk step 1370/7000: motor target x=301795nm y=-413888nm
2026-08-18 01:00:57,836 - corrector.core.run - INFO - Random-walk step 1371/7000: motor target x=302087nm y=-412541nm
2026-08-18 01:01:03,002 - corrector.core.run - INFO - Random-walk step 1372/7000: motor target x=302165nm y=-412519nm
2026-08-18 01:01:08,938 - corrector.core.run - INFO - Random-walk step 1373/7000: motor target x=302709nm y=-413034nm
2026-08-18 01:01:14,814 - corrector.core.run - INFO - Random-walk step 1374/7000: motor target x=301930nm y=-415858nm
2026-08-18 01:01:20,368 - corrector.core.run - INFO - Random-walk step 1375/7000: motor target x=302431nm y=-412251nm
2026-08-18 01:01:26,497 - corrector.core.run - INFO - Random-walk step 1376/7000: motor target x=301498nm y=-410937nm
2026-08-18 01:01:31,811 - corrector.core.run - INFO - Random-walk step 1377/7000: motor target x=301457nm y=-410661nm
2026-08-18 01:01:37,481 - corrector.core.run - INFO - Random-walk step 1378/7000: motor target x=301098nm y=-410830nm
2026-08-18 01:01:44,061 - corrector.core.run - INFO - Random-walk step 1379/7000: motor target x=300721nm y=-408239nm
2026-08-18 01:01:50,883 - corrector.core.run - INFO - Random-walk step 1380/7000: motor target x=299462nm y=-406136nm
2026-08-18 01:01:56,362 - corrector.core.run - INFO - Random-walk step 1381/7000: motor target x=299677nm y=-406794nm
2026-08-18 01:02:03,380 - corrector.core.run - INFO - Random-walk step 1382/7000: motor target x=299472nm y=-403806nm
2026-08-18 01:02:10,521 - corrector.core.run - INFO - Random-walk step 1383/7000: motor target x=299394nm y=-405342nm
2026-08-18 01:02:15,501 - corrector.core.run - INFO - Random-walk step 1384/7000: motor target x=299152nm y=-405406nm
2026-08-18 01:02:21,557 - corrector.core.run - INFO - Random-walk step 1385/7000: motor target x=299660nm y=-404217nm
2026-08-18 01:02:26,920 - corrector.core.run - INFO - Random-walk step 1386/7000: motor target x=299521nm y=-404483nm
2026-08-18 01:02:32,545 - corrector.core.run - INFO - Random-walk step 1387/7000: motor target x=299516nm y=-404552nm
2026-08-18 01:02:38,541 - corrector.core.run - INFO - Random-walk step 1388/7000: motor target x=300068nm y=-405094nm
2026-08-18 01:02:44,544 - corrector.core.run - INFO - Random-walk step 1389/7000: motor target x=301287nm y=-403870nm
2026-08-18 01:02:50,249 - corrector.core.run - INFO - Random-walk step 1390/7000: motor target x=300475nm y=-402684nm
2026-08-18 01:02:55,476 - corrector.core.run - INFO - Random-walk step 1391/7000: motor target x=300432nm y=-402633nm
2026-08-18 01:03:01,341 - corrector.core.run - INFO - Random-walk step 1392/7000: motor target x=300113nm y=-398396nm
2026-08-18 01:03:06,972 - corrector.core.run - INFO - Random-walk step 1393/7000: motor target x=300016nm y=-398323nm
2026-08-18 01:03:12,719 - corrector.core.run - INFO - Random-walk step 1394/7000: motor target x=300034nm y=-398435nm
2026-08-18 01:03:19,029 - corrector.core.run - INFO - Random-walk step 1395/7000: motor target x=301229nm y=-397020nm
2026-08-18 01:03:24,276 - corrector.core.run - INFO - Random-walk step 1396/7000: motor target x=305400nm y=-400249nm
2026-08-18 01:03:29,850 - corrector.core.run - INFO - Random-walk step 1397/7000: motor target x=305406nm y=-400331nm
2026-08-18 01:03:35,734 - corrector.core.run - INFO - Random-walk step 1398/7000: motor target x=305373nm y=-398735nm
2026-08-18 01:03:41,448 - corrector.core.run - INFO - Random-walk step 1399/7000: motor target x=302137nm y=-401405nm
2026-08-18 01:03:47,316 - corrector.core.run - INFO - Random-walk step 1400/7000: motor target x=301559nm y=-400688nm
2026-08-18 01:03:52,950 - corrector.core.run - INFO - Random-walk step 1401/7000: motor target x=301019nm y=-400183nm
2026-08-18 01:03:58,521 - corrector.core.run - INFO - Random-walk step 1402/7000: motor target x=301041nm y=-400097nm
2026-08-18 01:04:04,349 - corrector.core.run - INFO - Random-walk step 1403/7000: motor target x=300901nm y=-399750nm
2026-08-18 01:04:10,021 - corrector.core.run - INFO - Random-walk step 1404/7000: motor target x=300653nm y=-399811nm
2026-08-18 01:04:15,699 - corrector.core.run - INFO - Random-walk step 1405/7000: motor target x=300599nm y=-399735nm
2026-08-18 01:04:21,845 - corrector.core.run - INFO - Random-walk step 1406/7000: motor target x=300040nm y=-400773nm
2026-08-18 01:04:27,649 - corrector.core.run - INFO - Random-walk step 1407/7000: motor target x=298736nm y=-398919nm
2026-08-18 01:04:32,913 - corrector.core.run - INFO - Random-walk step 1408/7000: motor target x=298671nm y=-398997nm
2026-08-18 01:04:38,669 - corrector.core.run - INFO - Random-walk step 1409/7000: motor target x=298574nm y=-398750nm
2026-08-18 01:04:44,949 - corrector.core.run - INFO - Random-walk step 1410/7000: motor target x=296979nm y=-394933nm
2026-08-18 01:04:50,365 - corrector.core.run - INFO - Random-walk step 1411/7000: motor target x=297271nm y=-395729nm
2026-08-18 01:04:56,145 - corrector.core.run - INFO - Random-walk step 1412/7000: motor target x=298268nm y=-397557nm
2026-08-18 01:05:01,585 - corrector.core.run - INFO - Random-walk step 1413/7000: motor target x=294276nm y=-397751nm
2026-08-18 01:05:07,689 - corrector.core.run - INFO - Random-walk step 1414/7000: motor target x=294072nm y=-396580nm
2026-08-18 01:05:12,929 - corrector.core.run - INFO - Random-walk step 1415/7000: motor target x=294150nm y=-396535nm
2026-08-18 01:05:18,913 - corrector.core.run - INFO - Random-walk step 1416/7000: motor target x=293649nm y=-396658nm
2026-08-18 01:05:24,745 - corrector.core.run - INFO - Random-walk step 1417/7000: motor target x=294277nm y=-396199nm
2026-08-18 01:05:30,470 - corrector.core.run - INFO - Random-walk step 1418/7000: motor target x=293468nm y=-396520nm
2026-08-18 01:05:36,404 - corrector.core.run - INFO - Random-walk step 1419/7000: motor target x=292030nm y=-396865nm
2026-08-18 01:05:41,994 - corrector.core.run - INFO - Random-walk step 1420/7000: motor target x=291270nm y=-397762nm
2026-08-18 01:05:47,700 - corrector.core.run - INFO - Random-walk step 1421/7000: motor target x=291914nm y=-398555nm
2026-08-18 01:05:53,254 - corrector.core.run - INFO - Random-walk step 1422/7000: motor target x=291425nm y=-399020nm
2026-08-18 01:05:59,038 - corrector.core.run - INFO - Random-walk step 1423/7000: motor target x=292113nm y=-398374nm
2026-08-18 01:06:04,629 - corrector.core.run - INFO - Random-walk step 1424/7000: motor target x=296247nm y=-400514nm
2026-08-18 01:06:10,288 - corrector.core.run - INFO - Random-walk step 1425/7000: motor target x=296206nm y=-400690nm
2026-08-18 01:06:15,964 - corrector.core.run - INFO - Random-walk step 1426/7000: motor target x=296149nm y=-400688nm
2026-08-18 01:06:21,695 - corrector.core.run - INFO - Random-walk step 1427/7000: motor target x=296136nm y=-400748nm
2026-08-18 01:06:27,854 - corrector.core.run - INFO - Random-walk step 1428/7000: motor target x=295995nm y=-401721nm
2026-08-18 01:06:33,588 - corrector.core.run - INFO - Random-walk step 1429/7000: motor target x=296865nm y=-401971nm
2026-08-18 01:06:39,534 - corrector.core.run - INFO - Random-walk step 1430/7000: motor target x=295374nm y=-402344nm
2026-08-18 01:06:44,934 - corrector.core.run - INFO - Random-walk step 1431/7000: motor target x=295620nm y=-401705nm
2026-08-18 01:06:50,840 - corrector.core.run - INFO - Random-walk step 1432/7000: motor target x=291236nm y=-402918nm
2026-08-18 01:06:56,213 - corrector.core.run - INFO - Random-walk step 1433/7000: motor target x=291237nm y=-403321nm
2026-08-18 01:07:02,199 - corrector.core.run - INFO - Random-walk step 1434/7000: motor target x=291448nm y=-402335nm
2026-08-18 01:07:08,046 - corrector.core.run - INFO - Random-walk step 1435/7000: motor target x=283183nm y=-403538nm
2026-08-18 01:07:13,444 - corrector.core.run - INFO - Random-walk step 1436/7000: motor target x=286674nm y=-406677nm
2026-08-18 01:07:19,411 - corrector.core.run - INFO - Random-walk step 1437/7000: motor target x=287125nm y=-405875nm
2026-08-18 01:07:24,774 - corrector.core.run - INFO - Random-walk step 1438/7000: motor target x=287155nm y=-406025nm
2026-08-18 01:07:30,983 - corrector.core.run - INFO - Random-walk step 1439/7000: motor target x=288390nm y=-404162nm
2026-08-18 01:07:36,539 - corrector.core.run - INFO - Random-walk step 1440/7000: motor target x=287633nm y=-403596nm
2026-08-18 01:07:42,212 - corrector.core.run - INFO - Random-walk step 1441/7000: motor target x=288285nm y=-401855nm
2026-08-18 01:07:47,879 - corrector.core.run - INFO - Random-walk step 1442/7000: motor target x=288110nm y=-402365nm
2026-08-18 01:07:53,575 - corrector.core.run - INFO - Random-walk step 1443/7000: motor target x=287712nm y=-402053nm
2026-08-18 01:07:59,426 - corrector.core.run - INFO - Random-walk step 1444/7000: motor target x=287069nm y=-401789nm
2026-08-18 01:08:05,042 - corrector.core.run - INFO - Random-walk step 1445/7000: motor target x=287300nm y=-402236nm
2026-08-18 01:08:10,719 - corrector.core.run - INFO - Random-walk step 1446/7000: motor target x=287261nm y=-401860nm
2026-08-18 01:08:16,595 - corrector.core.run - INFO - Random-walk step 1447/7000: motor target x=287149nm y=-401165nm
2026-08-18 01:08:22,180 - corrector.core.run - INFO - Random-walk step 1448/7000: motor target x=287538nm y=-400716nm
2026-08-18 01:08:28,069 - corrector.core.run - INFO - Random-walk step 1449/7000: motor target x=287484nm y=-399919nm
2026-08-18 01:08:33,891 - corrector.core.run - INFO - Random-walk step 1450/7000: motor target x=286606nm y=-398247nm
2026-08-18 01:08:39,520 - corrector.core.run - INFO - Random-walk step 1451/7000: motor target x=285791nm y=-398586nm
2026-08-18 01:08:45,154 - corrector.core.run - INFO - Random-walk step 1452/7000: motor target x=286103nm y=-399099nm
2026-08-18 01:08:50,994 - corrector.core.run - INFO - Random-walk step 1453/7000: motor target x=286760nm y=-399849nm
2026-08-18 01:08:56,579 - corrector.core.run - INFO - Random-walk step 1454/7000: motor target x=284983nm y=-399309nm
2026-08-18 01:09:02,232 - corrector.core.run - INFO - Random-walk step 1455/7000: motor target x=285440nm y=-399133nm
2026-08-18 01:09:07,820 - corrector.core.run - INFO - Random-walk step 1456/7000: motor target x=285515nm y=-399171nm
2026-08-18 01:09:13,567 - corrector.core.run - INFO - Random-walk step 1457/7000: motor target x=285664nm y=-399022nm
2026-08-18 01:09:19,782 - corrector.core.run - INFO - Random-walk step 1458/7000: motor target x=286938nm y=-400531nm
2026-08-18 01:09:25,347 - corrector.core.run - INFO - Random-walk step 1459/7000: motor target x=287308nm y=-399760nm
2026-08-18 01:09:30,728 - corrector.core.run - INFO - Random-walk step 1460/7000: motor target x=287186nm y=-399817nm
2026-08-18 01:09:36,681 - corrector.core.run - INFO - Random-walk step 1461/7000: motor target x=289206nm y=-400229nm
2026-08-18 01:09:42,217 - corrector.core.run - INFO - Random-walk step 1462/7000: motor target x=289304nm y=-400382nm
2026-08-18 01:09:48,086 - corrector.core.run - INFO - Random-walk step 1463/7000: motor target x=291936nm y=-397250nm
2026-08-18 01:09:53,820 - corrector.core.run - INFO - Random-walk step 1464/7000: motor target x=291625nm y=-393198nm
2026-08-18 01:09:59,821 - corrector.core.run - INFO - Random-walk step 1465/7000: motor target x=293260nm y=-394293nm
2026-08-18 01:10:05,324 - corrector.core.run - INFO - Random-walk step 1466/7000: motor target x=293658nm y=-391997nm
2026-08-18 01:10:11,258 - corrector.core.run - INFO - Random-walk step 1467/7000: motor target x=297344nm y=-390885nm
2026-08-18 01:10:16,632 - corrector.core.run - INFO - Random-walk step 1468/7000: motor target x=297454nm y=-388647nm
2026-08-18 01:10:22,373 - corrector.core.run - INFO - Random-walk step 1469/7000: motor target x=299055nm y=-390539nm
2026-08-18 01:10:28,172 - corrector.core.run - INFO - Random-walk step 1470/7000: motor target x=299115nm y=-390252nm
2026-08-18 01:10:33,852 - corrector.core.run - INFO - Random-walk step 1471/7000: motor target x=301943nm y=-395494nm
2026-08-18 01:10:39,791 - corrector.core.run - INFO - Random-walk step 1472/7000: motor target x=301223nm y=-395230nm
2026-08-18 01:10:45,518 - corrector.core.run - INFO - Random-walk step 1473/7000: motor target x=301878nm y=-395835nm
2026-08-18 01:10:51,024 - corrector.core.run - INFO - Random-walk step 1474/7000: motor target x=302192nm y=-395571nm
2026-08-18 01:10:56,842 - corrector.core.run - INFO - Random-walk step 1475/7000: motor target x=301822nm y=-400487nm
2026-08-18 01:11:02,865 - corrector.core.run - INFO - Random-walk step 1476/7000: motor target x=303082nm y=-398699nm
2026-08-18 01:11:08,330 - corrector.core.run - INFO - Random-walk step 1477/7000: motor target x=303124nm y=-398129nm
2026-08-18 01:11:13,894 - corrector.core.run - INFO - Random-walk step 1478/7000: motor target x=302974nm y=-397873nm
2026-08-18 01:11:19,727 - corrector.core.run - INFO - Random-walk step 1479/7000: motor target x=303245nm y=-395494nm
2026-08-18 01:11:25,496 - corrector.core.run - INFO - Random-walk step 1480/7000: motor target x=303211nm y=-395850nm
2026-08-18 01:11:31,402 - corrector.core.run - INFO - Random-walk step 1481/7000: motor target x=304172nm y=-398539nm
2026-08-18 01:11:37,206 - corrector.core.run - INFO - Random-walk step 1482/7000: motor target x=303967nm y=-399783nm
2026-08-18 01:11:42,505 - corrector.core.run - INFO - Random-walk step 1483/7000: motor target x=303988nm y=-399656nm
2026-08-18 01:11:48,541 - corrector.core.run - INFO - Random-walk step 1484/7000: motor target x=304201nm y=-400429nm
2026-08-18 01:11:54,239 - corrector.core.run - INFO - Random-walk step 1485/7000: motor target x=303583nm y=-400860nm
2026-08-18 01:11:59,678 - corrector.core.run - INFO - Random-walk step 1486/7000: motor target x=303763nm y=-400949nm
2026-08-18 01:12:05,783 - corrector.core.run - INFO - Random-walk step 1487/7000: motor target x=304016nm y=-400016nm
2026-08-18 01:12:11,412 - corrector.core.run - INFO - Random-walk step 1488/7000: motor target x=304305nm y=-400660nm
2026-08-18 01:12:17,163 - corrector.core.run - INFO - Random-walk step 1489/7000: motor target x=303716nm y=-401399nm
2026-08-18 01:12:22,649 - corrector.core.run - INFO - Random-walk step 1490/7000: motor target x=301536nm y=-401537nm
2026-08-18 01:12:28,643 - corrector.core.run - INFO - Random-walk step 1491/7000: motor target x=300663nm y=-398260nm
2026-08-18 01:12:34,077 - corrector.core.run - INFO - Random-walk step 1492/7000: motor target x=300778nm y=-396562nm
2026-08-18 01:12:40,015 - corrector.core.run - INFO - Random-walk step 1493/7000: motor target x=301088nm y=-397268nm
2026-08-18 01:12:45,777 - corrector.core.run - INFO - Random-walk step 1494/7000: motor target x=301907nm y=-397133nm
2026-08-18 01:12:51,326 - corrector.core.run - INFO - Random-walk step 1495/7000: motor target x=302305nm y=-397043nm
2026-08-18 01:12:57,067 - corrector.core.run - INFO - Random-walk step 1496/7000: motor target x=297554nm y=-396937nm
2026-08-18 01:13:02,913 - corrector.core.run - INFO - Random-walk step 1497/7000: motor target x=298203nm y=-396561nm
2026-08-18 01:13:08,418 - corrector.core.run - INFO - Random-walk step 1498/7000: motor target x=298325nm y=-396670nm
2026-08-18 01:13:14,399 - corrector.core.run - INFO - Random-walk step 1499/7000: motor target x=299083nm y=-396647nm
2026-08-18 01:13:20,034 - corrector.core.run - INFO - Random-walk step 1500/7000: motor target x=298809nm y=-396483nm
2026-08-18 01:13:26,190 - corrector.core.run - INFO - Random-walk step 1501/7000: motor target x=300316nm y=-392099nm
2026-08-18 01:13:31,285 - corrector.core.run - INFO - Random-walk step 1502/7000: motor target x=300336nm y=-392167nm
2026-08-18 01:13:37,467 - corrector.core.run - INFO - Random-walk step 1503/7000: motor target x=302288nm y=-393179nm
2026-08-18 01:13:42,884 - corrector.core.run - INFO - Random-walk step 1504/7000: motor target x=302684nm y=-393101nm
2026-08-18 01:13:48,735 - corrector.core.run - INFO - Random-walk step 1505/7000: motor target x=302676nm y=-393726nm
2026-08-18 01:13:54,592 - corrector.core.run - INFO - Random-walk step 1506/7000: motor target x=304276nm y=-394766nm
2026-08-18 01:14:00,301 - corrector.core.run - INFO - Random-walk step 1507/7000: motor target x=299997nm y=-394040nm
2026-08-18 01:14:06,159 - corrector.core.run - INFO - Random-walk step 1508/7000: motor target x=298900nm y=-391245nm
2026-08-18 01:14:11,547 - corrector.core.run - INFO - Random-walk step 1509/7000: motor target x=297162nm y=-394407nm
2026-08-18 01:14:17,241 - corrector.core.run - INFO - Random-walk step 1510/7000: motor target x=297453nm y=-394551nm
2026-08-18 01:14:23,294 - corrector.core.run - INFO - Random-walk step 1511/7000: motor target x=296456nm y=-400881nm
2026-08-18 01:14:28,936 - corrector.core.run - INFO - Random-walk step 1512/7000: motor target x=297250nm y=-400664nm
2026-08-18 01:14:34,747 - corrector.core.run - INFO - Random-walk step 1513/7000: motor target x=296374nm y=-400603nm
2026-08-18 01:14:40,409 - corrector.core.run - INFO - Random-walk step 1514/7000: motor target x=295874nm y=-401305nm
2026-08-18 01:14:45,899 - corrector.core.run - INFO - Random-walk step 1515/7000: motor target x=295585nm y=-401390nm
2026-08-18 01:14:51,647 - corrector.core.run - INFO - Random-walk step 1516/7000: motor target x=295913nm y=-401142nm
2026-08-18 01:14:57,621 - corrector.core.run - INFO - Random-walk step 1517/7000: motor target x=298351nm y=-400370nm
2026-08-18 01:15:03,335 - corrector.core.run - INFO - Random-walk step 1518/7000: motor target x=297664nm y=-400744nm
2026-08-18 01:15:09,260 - corrector.core.run - INFO - Random-walk step 1519/7000: motor target x=298880nm y=-405334nm
2026-08-18 01:15:14,676 - corrector.core.run - INFO - Random-walk step 1520/7000: motor target x=298178nm y=-405377nm
2026-08-18 01:15:20,432 - corrector.core.run - INFO - Random-walk step 1521/7000: motor target x=298921nm y=-404966nm
2026-08-18 01:15:26,057 - corrector.core.run - INFO - Random-walk step 1522/7000: motor target x=299167nm y=-407758nm
2026-08-18 01:15:31,954 - corrector.core.run - INFO - Random-walk step 1523/7000: motor target x=298311nm y=-407682nm
2026-08-18 01:15:37,431 - corrector.core.run - INFO - Random-walk step 1524/7000: motor target x=292264nm y=-413499nm
2026-08-18 01:15:43,305 - corrector.core.run - INFO - Random-walk step 1525/7000: motor target x=292777nm y=-413726nm
2026-08-18 01:15:49,091 - corrector.core.run - INFO - Random-walk step 1526/7000: motor target x=292150nm y=-413387nm
2026-08-18 01:15:54,576 - corrector.core.run - INFO - Random-walk step 1527/7000: motor target x=292389nm y=-413328nm
2026-08-18 01:16:00,483 - corrector.core.run - INFO - Random-walk step 1528/7000: motor target x=291847nm y=-413652nm
2026-08-18 01:16:06,033 - corrector.core.run - INFO - Random-walk step 1529/7000: motor target x=291772nm y=-413629nm
2026-08-18 01:16:11,717 - corrector.core.run - INFO - Random-walk step 1530/7000: motor target x=291883nm y=-413638nm
2026-08-18 01:16:17,802 - corrector.core.run - INFO - Random-walk step 1531/7000: motor target x=292898nm y=-410347nm
2026-08-18 01:16:23,352 - corrector.core.run - INFO - Random-walk step 1532/7000: motor target x=293424nm y=-410166nm
2026-08-18 01:16:28,906 - corrector.core.run - INFO - Random-walk step 1533/7000: motor target x=293572nm y=-410083nm
2026-08-18 01:16:34,818 - corrector.core.run - INFO - Random-walk step 1534/7000: motor target x=294018nm y=-410168nm
2026-08-18 01:16:40,456 - corrector.core.run - INFO - Random-walk step 1535/7000: motor target x=293737nm y=-410167nm
2026-08-18 01:16:46,362 - corrector.core.run - INFO - Random-walk step 1536/7000: motor target x=293523nm y=-409578nm
2026-08-18 01:16:51,834 - corrector.core.run - INFO - Random-walk step 1537/7000: motor target x=293418nm y=-409466nm
2026-08-18 01:16:57,496 - corrector.core.run - INFO - Random-walk step 1538/7000: motor target x=293431nm y=-409370nm
2026-08-18 01:17:03,602 - corrector.core.run - INFO - Random-walk step 1539/7000: motor target x=294331nm y=-411321nm
2026-08-18 01:17:09,015 - corrector.core.run - INFO - Random-walk step 1540/7000: motor target x=294301nm y=-411441nm
2026-08-18 01:17:15,326 - corrector.core.run - INFO - Random-walk step 1541/7000: motor target x=293025nm y=-412895nm
2026-08-18 01:17:20,771 - corrector.core.run - INFO - Random-walk step 1542/7000: motor target x=293171nm y=-412051nm
2026-08-18 01:17:26,525 - corrector.core.run - INFO - Random-walk step 1543/7000: motor target x=292468nm y=-412374nm
2026-08-18 01:17:32,322 - corrector.core.run - INFO - Random-walk step 1544/7000: motor target x=288923nm y=-411242nm
2026-08-18 01:17:37,964 - corrector.core.run - INFO - Random-walk step 1545/7000: motor target x=294604nm y=-410441nm
2026-08-18 01:17:43,565 - corrector.core.run - INFO - Random-walk step 1546/7000: motor target x=294102nm y=-410198nm
2026-08-18 01:17:49,615 - corrector.core.run - INFO - Random-walk step 1547/7000: motor target x=288394nm y=-411598nm
2026-08-18 01:17:55,085 - corrector.core.run - INFO - Random-walk step 1548/7000: motor target x=289100nm y=-411816nm
2026-08-18 01:18:00,583 - corrector.core.run - INFO - Random-walk step 1549/7000: motor target x=289228nm y=-412047nm
2026-08-18 01:18:06,607 - corrector.core.run - INFO - Random-walk step 1550/7000: motor target x=288583nm y=-412094nm
2026-08-18 01:18:12,244 - corrector.core.run - INFO - Random-walk step 1551/7000: motor target x=288939nm y=-411548nm
2026-08-18 01:18:17,703 - corrector.core.run - INFO - Random-walk step 1552/7000: motor target x=289003nm y=-411528nm
2026-08-18 01:18:23,568 - corrector.core.run - INFO - Random-walk step 1553/7000: motor target x=288831nm y=-411906nm
2026-08-18 01:18:29,405 - corrector.core.run - INFO - Random-walk step 1554/7000: motor target x=288338nm y=-412010nm
2026-08-18 01:18:35,105 - corrector.core.run - INFO - Random-walk step 1555/7000: motor target x=288455nm y=-412461nm
2026-08-18 01:18:40,692 - corrector.core.run - INFO - Random-walk step 1556/7000: motor target x=288554nm y=-412636nm
2026-08-18 01:18:46,340 - corrector.core.run - INFO - Random-walk step 1557/7000: motor target x=288520nm y=-412680nm
2026-08-18 01:18:52,272 - corrector.core.run - INFO - Random-walk step 1558/7000: motor target x=288934nm y=-412734nm
2026-08-18 01:18:58,005 - corrector.core.run - INFO - Random-walk step 1559/7000: motor target x=289346nm y=-412824nm
2026-08-18 01:19:03,824 - corrector.core.run - INFO - Random-walk step 1560/7000: motor target x=289150nm y=-413512nm
2026-08-18 01:19:09,582 - corrector.core.run - INFO - Random-walk step 1561/7000: motor target x=288726nm y=-414264nm
2026-08-18 01:19:15,163 - corrector.core.run - INFO - Random-walk step 1562/7000: motor target x=288583nm y=-409458nm
2026-08-18 01:19:20,910 - corrector.core.run - INFO - Random-walk step 1563/7000: motor target x=286571nm y=-409882nm
2026-08-18 01:19:27,004 - corrector.core.run - INFO - Random-walk step 1564/7000: motor target x=287544nm y=-408656nm
2026-08-18 01:19:32,218 - corrector.core.run - INFO - Random-walk step 1565/7000: motor target x=287293nm y=-408595nm
2026-08-18 01:19:38,398 - corrector.core.run - INFO - Random-walk step 1566/7000: motor target x=284986nm y=-407304nm
2026-08-18 01:19:43,830 - corrector.core.run - INFO - Random-walk step 1567/7000: motor target x=284540nm y=-406753nm
2026-08-18 01:19:49,884 - corrector.core.run - INFO - Random-walk step 1568/7000: motor target x=283303nm y=-405976nm
2026-08-18 01:19:55,193 - corrector.core.run - INFO - Random-walk step 1569/7000: motor target x=282854nm y=-405790nm
2026-08-18 01:20:01,010 - corrector.core.run - INFO - Random-walk step 1570/7000: motor target x=282181nm y=-406431nm
2026-08-18 01:20:06,639 - corrector.core.run - INFO - Random-walk step 1571/7000: motor target x=281816nm y=-410973nm
2026-08-18 01:20:12,559 - corrector.core.run - INFO - Random-walk step 1572/7000: motor target x=282582nm y=-413668nm
2026-08-18 01:20:18,400 - corrector.core.run - INFO - Random-walk step 1573/7000: motor target x=286720nm y=-414732nm
2026-08-18 01:20:23,904 - corrector.core.run - INFO - Random-walk step 1574/7000: motor target x=287251nm y=-415217nm
2026-08-18 01:20:29,524 - corrector.core.run - INFO - Random-walk step 1575/7000: motor target x=283240nm y=-415581nm
2026-08-18 01:20:35,375 - corrector.core.run - INFO - Random-walk step 1576/7000: motor target x=283354nm y=-415040nm
2026-08-18 01:20:40,943 - corrector.core.run - INFO - Random-walk step 1577/7000: motor target x=281162nm y=-421329nm
2026-08-18 01:20:46,784 - corrector.core.run - INFO - Random-walk step 1578/7000: motor target x=279118nm y=-420941nm
2026-08-18 01:20:52,617 - corrector.core.run - INFO - Random-walk step 1579/7000: motor target x=279828nm y=-421213nm
2026-08-18 01:20:58,504 - corrector.core.run - INFO - Random-walk step 1580/7000: motor target x=278596nm y=-421138nm
2026-08-18 01:21:04,105 - corrector.core.run - INFO - Random-walk step 1581/7000: motor target x=281938nm y=-420397nm
2026-08-18 01:21:10,010 - corrector.core.run - INFO - Random-walk step 1582/7000: motor target x=280545nm y=-422699nm
2026-08-18 01:21:15,574 - corrector.core.run - INFO - Random-walk step 1583/7000: motor target x=281357nm y=-422148nm
2026-08-18 01:21:21,457 - corrector.core.run - INFO - Random-walk step 1584/7000: motor target x=282597nm y=-422435nm
2026-08-18 01:21:26,750 - corrector.core.run - INFO - Random-walk step 1585/7000: motor target x=280079nm y=-422376nm
2026-08-18 01:21:32,478 - corrector.core.run - INFO - Random-walk step 1586/7000: motor target x=280174nm y=-422076nm
2026-08-18 01:21:38,486 - corrector.core.run - INFO - Random-walk step 1587/7000: motor target x=279233nm y=-421831nm
2026-08-18 01:21:43,831 - corrector.core.run - INFO - Random-walk step 1588/7000: motor target x=279339nm y=-421833nm
2026-08-18 01:21:49,785 - corrector.core.run - INFO - Random-walk step 1589/7000: motor target x=278891nm y=-417924nm
2026-08-18 01:21:55,667 - corrector.core.run - INFO - Random-walk step 1590/7000: motor target x=279871nm y=-415324nm
2026-08-18 01:22:01,405 - corrector.core.run - INFO - Random-walk step 1591/7000: motor target x=278858nm y=-415280nm
2026-08-18 01:22:06,820 - corrector.core.run - INFO - Random-walk step 1592/7000: motor target x=280642nm y=-411175nm
2026-08-18 01:22:12,844 - corrector.core.run - INFO - Random-walk step 1593/7000: motor target x=285844nm y=-412019nm
2026-08-18 01:22:18,296 - corrector.core.run - INFO - Random-walk step 1594/7000: motor target x=285687nm y=-412343nm
2026-08-18 01:22:24,008 - corrector.core.run - INFO - Random-walk step 1595/7000: motor target x=288865nm y=-409553nm
2026-08-18 01:22:30,266 - corrector.core.run - INFO - Random-walk step 1596/7000: motor target x=287037nm y=-411036nm
2026-08-18 01:22:35,477 - corrector.core.run - INFO - Random-walk step 1597/7000: motor target x=286998nm y=-410722nm
2026-08-18 01:22:41,073 - corrector.core.run - INFO - Random-walk step 1598/7000: motor target x=286938nm y=-410695nm
2026-08-18 01:22:47,151 - corrector.core.run - INFO - Random-walk step 1599/7000: motor target x=287338nm y=-410005nm
2026-08-18 01:22:53,160 - corrector.core.run - INFO - Random-walk step 1600/7000: motor target x=287106nm y=-408466nm
2026-08-18 01:22:58,801 - corrector.core.run - INFO - Random-walk step 1601/7000: motor target x=290065nm y=-409688nm
2026-08-18 01:23:04,097 - corrector.core.run - INFO - Random-walk step 1602/7000: motor target x=290334nm y=-409539nm
2026-08-18 01:23:09,757 - corrector.core.run - INFO - Random-walk step 1603/7000: motor target x=290218nm y=-409624nm
2026-08-18 01:23:15,791 - corrector.core.run - INFO - Random-walk step 1604/7000: motor target x=291024nm y=-407838nm
2026-08-18 01:23:21,632 - corrector.core.run - INFO - Random-walk step 1605/7000: motor target x=291124nm y=-408922nm
2026-08-18 01:23:27,330 - corrector.core.run - INFO - Random-walk step 1606/7000: motor target x=292788nm y=-409909nm
2026-08-18 01:23:32,744 - corrector.core.run - INFO - Random-walk step 1607/7000: motor target x=292870nm y=-409585nm
2026-08-18 01:23:38,547 - corrector.core.run - INFO - Random-walk step 1608/7000: motor target x=292484nm y=-409600nm
2026-08-18 01:23:44,428 - corrector.core.run - INFO - Random-walk step 1609/7000: motor target x=293294nm y=-409084nm
2026-08-18 01:23:50,161 - corrector.core.run - INFO - Random-walk step 1610/7000: motor target x=293604nm y=-408251nm
2026-08-18 01:23:56,119 - corrector.core.run - INFO - Random-walk step 1611/7000: motor target x=296583nm y=-409672nm
2026-08-18 01:24:01,367 - corrector.core.run - INFO - Random-walk step 1612/7000: motor target x=296520nm y=-410006nm
2026-08-18 01:24:07,332 - corrector.core.run - INFO - Random-walk step 1613/7000: motor target x=297176nm y=-409452nm
2026-08-18 01:24:13,248 - corrector.core.run - INFO - Random-walk step 1614/7000: motor target x=295884nm y=-408784nm
2026-08-18 01:24:18,666 - corrector.core.run - INFO - Random-walk step 1615/7000: motor target x=295723nm y=-408300nm
2026-08-18 01:24:24,460 - corrector.core.run - INFO - Random-walk step 1616/7000: motor target x=295687nm y=-408901nm
2026-08-18 01:24:30,128 - corrector.core.run - INFO - Random-walk step 1617/7000: motor target x=295734nm y=-409572nm
2026-08-18 01:24:35,705 - corrector.core.run - INFO - Random-walk step 1618/7000: motor target x=298920nm y=-413575nm
2026-08-18 01:24:41,538 - corrector.core.run - INFO - Random-walk step 1619/7000: motor target x=305487nm y=-413421nm
2026-08-18 01:24:47,391 - corrector.core.run - INFO - Random-walk step 1620/7000: motor target x=299716nm y=-414056nm
2026-08-18 01:24:53,377 - corrector.core.run - INFO - Random-walk step 1621/7000: motor target x=301440nm y=-415429nm
2026-08-18 01:24:58,706 - corrector.core.run - INFO - Random-walk step 1622/7000: motor target x=301096nm y=-415295nm
2026-08-18 01:25:04,374 - corrector.core.run - INFO - Random-walk step 1623/7000: motor target x=300727nm y=-415439nm
2026-08-18 01:25:10,180 - corrector.core.run - INFO - Random-walk step 1624/7000: motor target x=301235nm y=-415931nm
2026-08-18 01:25:15,807 - corrector.core.run - INFO - Random-walk step 1625/7000: motor target x=301048nm y=-415829nm
2026-08-18 01:25:21,565 - corrector.core.run - INFO - Random-walk step 1626/7000: motor target x=301007nm y=-414100nm
2026-08-18 01:25:27,423 - corrector.core.run - INFO - Random-walk step 1627/7000: motor target x=301540nm y=-416407nm
2026-08-18 01:25:33,075 - corrector.core.run - INFO - Random-walk step 1628/7000: motor target x=298751nm y=-412267nm
2026-08-18 01:25:38,913 - corrector.core.run - INFO - Random-walk step 1629/7000: motor target x=299134nm y=-410192nm
2026-08-18 01:25:44,755 - corrector.core.run - INFO - Random-walk step 1630/7000: motor target x=300131nm y=-410715nm
2026-08-18 01:25:50,339 - corrector.core.run - INFO - Random-walk step 1631/7000: motor target x=300350nm y=-410124nm
2026-08-18 01:25:56,139 - corrector.core.run - INFO - Random-walk step 1632/7000: motor target x=301059nm y=-410057nm
2026-08-18 01:26:01,762 - corrector.core.run - INFO - Random-walk step 1633/7000: motor target x=300507nm y=-410290nm
2026-08-18 01:26:07,559 - corrector.core.run - INFO - Random-walk step 1634/7000: motor target x=299894nm y=-410098nm
2026-08-18 01:26:13,087 - corrector.core.run - INFO - Random-walk step 1635/7000: motor target x=299575nm y=-409856nm
2026-08-18 01:26:18,876 - corrector.core.run - INFO - Random-walk step 1636/7000: motor target x=299636nm y=-405431nm
2026-08-18 01:26:24,513 - corrector.core.run - INFO - Random-walk step 1637/7000: motor target x=299422nm y=-405328nm
2026-08-18 01:26:30,427 - corrector.core.run - INFO - Random-walk step 1638/7000: motor target x=299261nm y=-404849nm
2026-08-18 01:26:36,081 - corrector.core.run - INFO - Random-walk step 1639/7000: motor target x=298836nm y=-408108nm
2026-08-18 01:26:41,689 - corrector.core.run - INFO - Random-walk step 1640/7000: motor target x=298986nm y=-408257nm
2026-08-18 01:26:47,388 - corrector.core.run - INFO - Random-walk step 1641/7000: motor target x=299121nm y=-408178nm
2026-08-18 01:26:53,332 - corrector.core.run - INFO - Random-walk step 1642/7000: motor target x=298661nm y=-408021nm
2026-08-18 01:26:58,984 - corrector.core.run - INFO - Random-walk step 1643/7000: motor target x=294563nm y=-416591nm
2026-08-18 01:27:04,776 - corrector.core.run - INFO - Random-walk step 1644/7000: motor target x=295072nm y=-416750nm
2026-08-18 01:27:10,386 - corrector.core.run - INFO - Random-walk step 1645/7000: motor target x=294710nm y=-416399nm
2026-08-18 01:27:16,073 - corrector.core.run - INFO - Random-walk step 1646/7000: motor target x=297146nm y=-416524nm
2026-08-18 01:27:22,072 - corrector.core.run - INFO - Random-walk step 1647/7000: motor target x=297795nm y=-414306nm
2026-08-18 01:27:27,786 - corrector.core.run - INFO - Random-walk step 1648/7000: motor target x=297135nm y=-414083nm
2026-08-18 01:27:33,679 - corrector.core.run - INFO - Random-walk step 1649/7000: motor target x=294119nm y=-415238nm
2026-08-18 01:27:38,923 - corrector.core.run - INFO - Random-walk step 1650/7000: motor target x=294081nm y=-415290nm
2026-08-18 01:27:45,198 - corrector.core.run - INFO - Random-walk step 1651/7000: motor target x=292786nm y=-415687nm
2026-08-18 01:27:50,402 - corrector.core.run - INFO - Random-walk step 1652/7000: motor target x=292886nm y=-415731nm
2026-08-18 01:27:56,737 - corrector.core.run - INFO - Random-walk step 1653/7000: motor target x=291349nm y=-418936nm
2026-08-18 01:28:02,386 - corrector.core.run - INFO - Random-walk step 1654/7000: motor target x=289672nm y=-420363nm
2026-08-18 01:28:08,055 - corrector.core.run - INFO - Random-walk step 1655/7000: motor target x=287339nm y=-419186nm
2026-08-18 01:28:13,331 - corrector.core.run - INFO - Random-walk step 1656/7000: motor target x=287437nm y=-419116nm
2026-08-18 01:28:19,117 - corrector.core.run - INFO - Random-walk step 1657/7000: motor target x=287821nm y=-419036nm
2026-08-18 01:28:25,069 - corrector.core.run - INFO - Random-walk step 1658/7000: motor target x=289346nm y=-419742nm
2026-08-18 01:28:30,530 - corrector.core.run - INFO - Random-walk step 1659/7000: motor target x=287589nm y=-415679nm
2026-08-18 01:28:36,721 - corrector.core.run - INFO - Random-walk step 1660/7000: motor target x=288603nm y=-416930nm
2026-08-18 01:28:42,096 - corrector.core.run - INFO - Random-walk step 1661/7000: motor target x=288985nm y=-416449nm
2026-08-18 01:28:48,049 - corrector.core.run - INFO - Random-walk step 1662/7000: motor target x=288010nm y=-414666nm
2026-08-18 01:28:53,365 - corrector.core.run - INFO - Random-walk step 1663/7000: motor target x=288056nm y=-414621nm
2026-08-18 01:28:59,342 - corrector.core.run - INFO - Random-walk step 1664/7000: motor target x=287742nm y=-415115nm
2026-08-18 01:29:05,183 - corrector.core.run - INFO - Random-walk step 1665/7000: motor target x=287858nm y=-414348nm
2026-08-18 01:29:10,901 - corrector.core.run - INFO - Random-walk step 1666/7000: motor target x=288211nm y=-413538nm
2026-08-18 01:29:16,820 - corrector.core.run - INFO - Random-walk step 1667/7000: motor target x=286926nm y=-414379nm
2026-08-18 01:29:22,367 - corrector.core.run - INFO - Random-walk step 1668/7000: motor target x=286807nm y=-415141nm
2026-08-18 01:29:27,986 - corrector.core.run - INFO - Random-walk step 1669/7000: motor target x=284756nm y=-415866nm
2026-08-18 01:29:33,728 - corrector.core.run - INFO - Random-walk step 1670/7000: motor target x=285294nm y=-415181nm
2026-08-18 01:29:39,796 - corrector.core.run - INFO - Random-walk step 1671/7000: motor target x=283827nm y=-414522nm
2026-08-18 01:29:45,192 - corrector.core.run - INFO - Random-walk step 1672/7000: motor target x=283169nm y=-414488nm
2026-08-18 01:29:51,179 - corrector.core.run - INFO - Random-walk step 1673/7000: motor target x=282103nm y=-413364nm
2026-08-18 01:29:56,916 - corrector.core.run - INFO - Random-walk step 1674/7000: motor target x=278556nm y=-412034nm
2026-08-18 01:30:02,607 - corrector.core.run - INFO - Random-walk step 1675/7000: motor target x=277473nm y=-413092nm
2026-08-18 01:30:08,040 - corrector.core.run - INFO - Random-walk step 1676/7000: motor target x=277193nm y=-417711nm
2026-08-18 01:30:13,588 - corrector.core.run - INFO - Random-walk step 1677/7000: motor target x=277323nm y=-417729nm
2026-08-18 01:30:19,568 - corrector.core.run - INFO - Random-walk step 1678/7000: motor target x=276794nm y=-418410nm
2026-08-18 01:30:25,700 - corrector.core.run - INFO - Random-walk step 1679/7000: motor target x=275384nm y=-416905nm
2026-08-18 01:30:31,065 - corrector.core.run - INFO - Random-walk step 1680/7000: motor target x=276152nm y=-413418nm
2026-08-18 01:30:37,067 - corrector.core.run - INFO - Random-walk step 1681/7000: motor target x=274566nm y=-412253nm
2026-08-18 01:30:43,832 - corrector.core.run - INFO - Random-walk step 1682/7000: motor target x=274260nm y=-412614nm
2026-08-18 01:30:49,541 - corrector.core.run - INFO - Random-walk step 1683/7000: motor target x=276465nm y=-410470nm
2026-08-18 01:30:55,233 - corrector.core.run - INFO - Random-walk step 1684/7000: motor target x=276644nm y=-410293nm
2026-08-18 01:31:00,875 - corrector.core.run - INFO - Random-walk step 1685/7000: motor target x=276625nm y=-410184nm
2026-08-18 01:31:06,848 - corrector.core.run - INFO - Random-walk step 1686/7000: motor target x=276553nm y=-409779nm
2026-08-18 01:31:12,860 - corrector.core.run - INFO - Random-walk step 1687/7000: motor target x=277745nm y=-409193nm
2026-08-18 01:31:18,671 - corrector.core.run - INFO - Random-walk step 1688/7000: motor target x=276243nm y=-406093nm
2026-08-18 01:31:24,211 - corrector.core.run - INFO - Random-walk step 1689/7000: motor target x=275301nm y=-397205nm
2026-08-18 01:31:31,387 - corrector.core.run - INFO - Random-walk step 1690/7000: motor target x=276128nm y=-398903nm
2026-08-18 01:31:36,862 - corrector.core.run - INFO - Random-walk step 1691/7000: motor target x=276266nm y=-399209nm
2026-08-18 01:31:42,583 - corrector.core.run - INFO - Random-walk step 1692/7000: motor target x=276121nm y=-402524nm
2026-08-18 01:31:48,367 - corrector.core.run - INFO - Random-walk step 1693/7000: motor target x=275697nm y=-402060nm
2026-08-18 01:31:53,948 - corrector.core.run - INFO - Random-walk step 1694/7000: motor target x=275603nm y=-401897nm
2026-08-18 01:31:59,719 - corrector.core.run - INFO - Random-walk step 1695/7000: motor target x=275357nm y=-401696nm
2026-08-18 01:32:05,664 - corrector.core.run - INFO - Random-walk step 1696/7000: motor target x=275509nm y=-400954nm
2026-08-18 01:32:11,565 - corrector.core.run - INFO - Random-walk step 1697/7000: motor target x=274283nm y=-400431nm
2026-08-18 01:32:16,863 - corrector.core.run - INFO - Random-walk step 1698/7000: motor target x=274094nm y=-400569nm
2026-08-18 01:32:22,589 - corrector.core.run - INFO - Random-walk step 1699/7000: motor target x=274066nm y=-400286nm
2026-08-18 01:32:28,381 - corrector.core.run - INFO - Random-walk step 1700/7000: motor target x=274328nm y=-400636nm
2026-08-18 01:32:34,449 - corrector.core.run - INFO - Random-walk step 1701/7000: motor target x=275338nm y=-398992nm
2026-08-18 01:32:39,942 - corrector.core.run - INFO - Random-walk step 1702/7000: motor target x=275783nm y=-400981nm
2026-08-18 01:32:45,524 - corrector.core.run - INFO - Random-walk step 1703/7000: motor target x=277679nm y=-400990nm
2026-08-18 01:32:51,361 - corrector.core.run - INFO - Random-walk step 1704/7000: motor target x=275089nm y=-396963nm
2026-08-18 01:32:56,888 - corrector.core.run - INFO - Random-walk step 1705/7000: motor target x=275072nm y=-397017nm
2026-08-18 01:33:02,811 - corrector.core.run - INFO - Random-walk step 1706/7000: motor target x=275434nm y=-396807nm
2026-08-18 01:33:08,564 - corrector.core.run - INFO - Random-walk step 1707/7000: motor target x=275463nm y=-397190nm
2026-08-18 01:33:14,172 - corrector.core.run - INFO - Random-walk step 1708/7000: motor target x=275425nm y=-397280nm
2026-08-18 01:33:20,317 - corrector.core.run - INFO - Random-walk step 1709/7000: motor target x=275380nm y=-396812nm
2026-08-18 01:33:25,772 - corrector.core.run - INFO - Random-walk step 1710/7000: motor target x=274907nm y=-396730nm
2026-08-18 01:33:31,777 - corrector.core.run - INFO - Random-walk step 1711/7000: motor target x=276827nm y=-395491nm
2026-08-18 01:33:37,584 - corrector.core.run - INFO - Random-walk step 1712/7000: motor target x=275337nm y=-395743nm
2026-08-18 01:33:42,831 - corrector.core.run - INFO - Random-walk step 1713/7000: motor target x=277903nm y=-392581nm
2026-08-18 01:33:48,639 - corrector.core.run - INFO - Random-walk step 1714/7000: motor target x=279768nm y=-399201nm
2026-08-18 01:33:54,701 - corrector.core.run - INFO - Random-walk step 1715/7000: motor target x=281026nm y=-399096nm
2026-08-18 01:33:59,980 - corrector.core.run - INFO - Random-walk step 1716/7000: motor target x=281134nm y=-397047nm
2026-08-18 01:34:06,263 - corrector.core.run - INFO - Random-walk step 1717/7000: motor target x=281827nm y=-398526nm
2026-08-18 01:34:14,290 - corrector.core.run - INFO - Random-walk step 1718/7000: motor target x=282007nm y=-398458nm
2026-08-18 01:34:19,795 - corrector.core.run - INFO - Random-walk step 1719/7000: motor target x=282092nm y=-398484nm
2026-08-18 01:34:24,945 - corrector.core.run - INFO - Random-walk step 1720/7000: motor target x=279085nm y=-394766nm
2026-08-18 01:34:30,704 - corrector.core.run - INFO - Random-walk step 1721/7000: motor target x=279231nm y=-395135nm
2026-08-18 01:34:36,896 - corrector.core.run - INFO - Random-walk step 1722/7000: motor target x=279528nm y=-394771nm
2026-08-18 01:34:43,881 - corrector.core.run - INFO - Random-walk step 1723/7000: motor target x=280269nm y=-394631nm
2026-08-18 01:34:49,390 - corrector.core.run - INFO - Random-walk step 1724/7000: motor target x=284767nm y=-397595nm
2026-08-18 01:34:55,070 - corrector.core.run - INFO - Random-walk step 1725/7000: motor target x=284486nm y=-400923nm
2026-08-18 01:35:00,949 - corrector.core.run - INFO - Random-walk step 1726/7000: motor target x=284067nm y=-400441nm
2026-08-18 01:35:06,969 - corrector.core.run - INFO - Random-walk step 1727/7000: motor target x=282740nm y=-401375nm
2026-08-18 01:35:12,250 - corrector.core.run - INFO - Random-walk step 1728/7000: motor target x=282567nm y=-401573nm
2026-08-18 01:35:18,026 - corrector.core.run - INFO - Random-walk step 1729/7000: motor target x=280631nm y=-394457nm
2026-08-18 01:35:23,952 - corrector.core.run - INFO - Random-walk step 1730/7000: motor target x=281132nm y=-395087nm
2026-08-18 01:35:29,846 - corrector.core.run - INFO - Random-walk step 1731/7000: motor target x=282283nm y=-394516nm
2026-08-18 01:35:35,366 - corrector.core.run - INFO - Random-walk step 1732/7000: motor target x=282793nm y=-393724nm
2026-08-18 01:35:40,870 - corrector.core.run - INFO - Random-walk step 1733/7000: motor target x=282795nm y=-393937nm
2026-08-18 01:35:46,908 - corrector.core.run - INFO - Random-walk step 1734/7000: motor target x=283669nm y=-394237nm
2026-08-18 01:35:52,792 - corrector.core.run - INFO - Random-walk step 1735/7000: motor target x=282341nm y=-393789nm
2026-08-18 01:35:58,054 - corrector.core.run - INFO - Random-walk step 1736/7000: motor target x=280022nm y=-396296nm
2026-08-18 01:36:03,750 - corrector.core.run - INFO - Random-walk step 1737/7000: motor target x=279813nm y=-396343nm
2026-08-18 01:36:10,002 - corrector.core.run - INFO - Random-walk step 1738/7000: motor target x=281233nm y=-390003nm
2026-08-18 01:36:15,359 - corrector.core.run - INFO - Random-walk step 1739/7000: motor target x=281817nm y=-394839nm
2026-08-18 01:36:21,361 - corrector.core.run - INFO - Random-walk step 1740/7000: motor target x=280022nm y=-393739nm
2026-08-18 01:36:26,625 - corrector.core.run - INFO - Random-walk step 1741/7000: motor target x=279858nm y=-393761nm
2026-08-18 01:36:32,831 - corrector.core.run - INFO - Random-walk step 1742/7000: motor target x=278813nm y=-392966nm
2026-08-18 01:36:38,297 - corrector.core.run - INFO - Random-walk step 1743/7000: motor target x=279393nm y=-392564nm
2026-08-18 01:36:44,007 - corrector.core.run - INFO - Random-walk step 1744/7000: motor target x=278866nm y=-392612nm
2026-08-18 01:36:50,021 - corrector.core.run - INFO - Random-walk step 1745/7000: motor target x=280511nm y=-391477nm
2026-08-18 01:36:55,743 - corrector.core.run - INFO - Random-walk step 1746/7000: motor target x=281147nm y=-392533nm
2026-08-18 01:37:01,570 - corrector.core.run - INFO - Random-walk step 1747/7000: motor target x=279715nm y=-396323nm
2026-08-18 01:37:06,766 - corrector.core.run - INFO - Random-walk step 1748/7000: motor target x=279522nm y=-396250nm
2026-08-18 01:37:12,471 - corrector.core.run - INFO - Random-walk step 1749/7000: motor target x=279531nm y=-396305nm
2026-08-18 01:37:18,500 - corrector.core.run - INFO - Random-walk step 1750/7000: motor target x=280224nm y=-392520nm
2026-08-18 01:37:24,023 - corrector.core.run - INFO - Random-walk step 1751/7000: motor target x=281809nm y=-394645nm
2026-08-18 01:37:29,763 - corrector.core.run - INFO - Random-walk step 1752/7000: motor target x=281519nm y=-394364nm
2026-08-18 01:37:35,719 - corrector.core.run - INFO - Random-walk step 1753/7000: motor target x=281431nm y=-395151nm
2026-08-18 01:37:41,426 - corrector.core.run - INFO - Random-walk step 1754/7000: motor target x=280986nm y=-395930nm
2026-08-18 01:37:46,822 - corrector.core.run - INFO - Random-walk step 1755/7000: motor target x=280924nm y=-395970nm
2026-08-18 01:37:52,802 - corrector.core.run - INFO - Random-walk step 1756/7000: motor target x=280348nm y=-396507nm
2026-08-18 01:37:58,595 - corrector.core.run - INFO - Random-walk step 1757/7000: motor target x=279530nm y=-398805nm
2026-08-18 01:38:04,487 - corrector.core.run - INFO - Random-walk step 1758/7000: motor target x=278296nm y=-396973nm
2026-08-18 01:38:09,819 - corrector.core.run - INFO - Random-walk step 1759/7000: motor target x=278589nm y=-397213nm
2026-08-18 01:38:15,742 - corrector.core.run - INFO - Random-walk step 1760/7000: motor target x=277935nm y=-396903nm
2026-08-18 01:38:21,173 - corrector.core.run - INFO - Random-walk step 1761/7000: motor target x=277949nm y=-396840nm
2026-08-18 01:38:27,249 - corrector.core.run - INFO - Random-walk step 1762/7000: motor target x=278246nm y=-397626nm
2026-08-18 01:38:32,938 - corrector.core.run - INFO - Random-walk step 1763/7000: motor target x=278156nm y=-397022nm
2026-08-18 01:38:38,766 - corrector.core.run - INFO - Random-walk step 1764/7000: motor target x=277550nm y=-397975nm
2026-08-18 01:38:44,140 - corrector.core.run - INFO - Random-walk step 1765/7000: motor target x=277790nm y=-397958nm
2026-08-18 01:38:50,193 - corrector.core.run - INFO - Random-walk step 1766/7000: motor target x=277561nm y=-397005nm
2026-08-18 01:38:55,651 - corrector.core.run - INFO - Random-walk step 1767/7000: motor target x=277875nm y=-397116nm
2026-08-18 01:39:01,284 - corrector.core.run - INFO - Random-walk step 1768/7000: motor target x=277902nm y=-397211nm
2026-08-18 01:39:07,355 - corrector.core.run - INFO - Random-walk step 1769/7000: motor target x=278692nm y=-397250nm
2026-08-18 01:39:13,055 - corrector.core.run - INFO - Random-walk step 1770/7000: motor target x=279341nm y=-396750nm
2026-08-18 01:39:18,630 - corrector.core.run - INFO - Random-walk step 1771/7000: motor target x=273965nm y=-404904nm
2026-08-18 01:39:24,572 - corrector.core.run - INFO - Random-walk step 1772/7000: motor target x=272972nm y=-405021nm
2026-08-18 01:39:29,990 - corrector.core.run - INFO - Random-walk step 1773/7000: motor target x=272684nm y=-405148nm
2026-08-18 01:39:35,646 - corrector.core.run - INFO - Random-walk step 1774/7000: motor target x=272627nm y=-405090nm
2026-08-18 01:39:41,710 - corrector.core.run - INFO - Random-walk step 1775/7000: motor target x=273458nm y=-405158nm
2026-08-18 01:39:47,276 - corrector.core.run - INFO - Random-walk step 1776/7000: motor target x=276207nm y=-407965nm
2026-08-18 01:39:53,053 - corrector.core.run - INFO - Random-walk step 1777/7000: motor target x=273120nm y=-404680nm
2026-08-18 01:39:58,748 - corrector.core.run - INFO - Random-walk step 1778/7000: motor target x=273337nm y=-405077nm
2026-08-18 01:40:04,460 - corrector.core.run - INFO - Random-walk step 1779/7000: motor target x=278549nm y=-408112nm
2026-08-18 01:40:10,440 - corrector.core.run - INFO - Random-walk step 1780/7000: motor target x=277596nm y=-409120nm
2026-08-18 01:40:16,031 - corrector.core.run - INFO - Random-walk step 1781/7000: motor target x=276927nm y=-410784nm
2026-08-18 01:40:21,924 - corrector.core.run - INFO - Random-walk step 1782/7000: motor target x=275848nm y=-410855nm
2026-08-18 01:40:27,212 - corrector.core.run - INFO - Random-walk step 1783/7000: motor target x=275731nm y=-410951nm
2026-08-18 01:40:33,032 - corrector.core.run - INFO - Random-walk step 1784/7000: motor target x=275739nm y=-411244nm
2026-08-18 01:40:38,624 - corrector.core.run - INFO - Random-walk step 1785/7000: motor target x=275683nm y=-411275nm
2026-08-18 01:40:44,678 - corrector.core.run - INFO - Random-walk step 1786/7000: motor target x=275523nm y=-410450nm
2026-08-18 01:40:50,690 - corrector.core.run - INFO - Random-walk step 1787/7000: motor target x=275346nm y=-408921nm
2026-08-18 01:40:56,161 - corrector.core.run - INFO - Random-walk step 1788/7000: motor target x=276145nm y=-404759nm
2026-08-18 01:41:01,869 - corrector.core.run - INFO - Random-walk step 1789/7000: motor target x=275397nm y=-404341nm
2026-08-18 01:41:07,604 - corrector.core.run - INFO - Random-walk step 1790/7000: motor target x=274606nm y=-404143nm
2026-08-18 01:41:13,362 - corrector.core.run - INFO - Random-walk step 1791/7000: motor target x=275419nm y=-403971nm
2026-08-18 01:41:19,330 - corrector.core.run - INFO - Random-walk step 1792/7000: motor target x=274587nm y=-402457nm
2026-08-18 01:41:24,611 - corrector.core.run - INFO - Random-walk step 1793/7000: motor target x=274556nm y=-402887nm
2026-08-18 01:41:30,311 - corrector.core.run - INFO - Random-walk step 1794/7000: motor target x=274174nm y=-402573nm
2026-08-18 01:41:36,185 - corrector.core.run - INFO - Random-walk step 1795/7000: motor target x=274314nm y=-401974nm
2026-08-18 01:41:42,000 - corrector.core.run - INFO - Random-walk step 1796/7000: motor target x=273441nm y=-402617nm
2026-08-18 01:41:47,817 - corrector.core.run - INFO - Random-walk step 1797/7000: motor target x=275164nm y=-403763nm
2026-08-18 01:41:53,761 - corrector.core.run - INFO - Random-walk step 1798/7000: motor target x=274442nm y=-405148nm
2026-08-18 01:41:59,357 - corrector.core.run - INFO - Random-walk step 1799/7000: motor target x=273025nm y=-407388nm
2026-08-18 01:42:05,146 - corrector.core.run - INFO - Random-walk step 1800/7000: motor target x=274543nm y=-407811nm
2026-08-18 01:42:10,720 - corrector.core.run - INFO - Random-walk step 1801/7000: motor target x=275652nm y=-408470nm
2026-08-18 01:42:16,535 - corrector.core.run - INFO - Random-walk step 1802/7000: motor target x=274676nm y=-407199nm
2026-08-18 01:42:21,765 - corrector.core.run - INFO - Random-walk step 1803/7000: motor target x=279315nm y=-408955nm
2026-08-18 01:42:27,463 - corrector.core.run - INFO - Random-walk step 1804/7000: motor target x=279376nm y=-408888nm
2026-08-18 01:42:33,353 - corrector.core.run - INFO - Random-walk step 1805/7000: motor target x=279405nm y=-408300nm
2026-08-18 01:42:39,056 - corrector.core.run - INFO - Random-walk step 1806/7000: motor target x=279627nm y=-408783nm
2026-08-18 01:42:44,693 - corrector.core.run - INFO - Random-walk step 1807/7000: motor target x=279906nm y=-408680nm
2026-08-18 01:42:50,452 - corrector.core.run - INFO - Random-walk step 1808/7000: motor target x=281636nm y=-408858nm
2026-08-18 01:42:56,222 - corrector.core.run - INFO - Random-walk step 1809/7000: motor target x=284250nm y=-408824nm
2026-08-18 01:43:01,990 - corrector.core.run - INFO - Random-walk step 1810/7000: motor target x=284420nm y=-411968nm
2026-08-18 01:43:07,810 - corrector.core.run - INFO - Random-walk step 1811/7000: motor target x=284671nm y=-412591nm
2026-08-18 01:43:13,434 - corrector.core.run - INFO - Random-walk step 1812/7000: motor target x=284385nm y=-412141nm
2026-08-18 01:43:19,279 - corrector.core.run - INFO - Random-walk step 1813/7000: motor target x=285007nm y=-414872nm
2026-08-18 01:43:24,851 - corrector.core.run - INFO - Random-walk step 1814/7000: motor target x=291551nm y=-407824nm
2026-08-18 01:43:30,475 - corrector.core.run - INFO - Random-walk step 1815/7000: motor target x=291398nm y=-407792nm
2026-08-18 01:43:36,223 - corrector.core.run - INFO - Random-walk step 1816/7000: motor target x=291230nm y=-407583nm
2026-08-18 01:43:42,092 - corrector.core.run - INFO - Random-walk step 1817/7000: motor target x=291336nm y=-407974nm
2026-08-18 01:43:48,184 - corrector.core.run - INFO - Random-walk step 1818/7000: motor target x=289957nm y=-410969nm
2026-08-18 01:43:53,439 - corrector.core.run - INFO - Random-walk step 1819/7000: motor target x=289996nm y=-406218nm
2026-08-18 01:44:02,506 - corrector.core.run - INFO - Random-walk step 1820/7000: motor target x=290889nm y=-406247nm
2026-08-18 01:44:08,195 - corrector.core.run - INFO - Random-walk step 1821/7000: motor target x=291480nm y=-406951nm
2026-08-18 01:44:13,671 - corrector.core.run - INFO - Random-walk step 1822/7000: motor target x=291202nm y=-407002nm
2026-08-18 01:44:19,335 - corrector.core.run - INFO - Random-walk step 1823/7000: motor target x=291409nm y=-407085nm
2026-08-18 01:44:28,347 - corrector.core.run - INFO - Random-walk step 1824/7000: motor target x=289998nm y=-407797nm
2026-08-18 01:44:34,543 - corrector.core.run - INFO - Random-walk step 1825/7000: motor target x=290784nm y=-405550nm
2026-08-18 01:44:40,025 - corrector.core.run - INFO - Random-walk step 1826/7000: motor target x=291123nm y=-403529nm
2026-08-18 01:44:45,954 - corrector.core.run - INFO - Random-walk step 1827/7000: motor target x=286940nm y=-404327nm
2026-08-18 01:44:51,870 - corrector.core.run - INFO - Random-walk step 1828/7000: motor target x=285485nm y=-402059nm
2026-08-18 01:44:57,658 - corrector.core.run - INFO - Random-walk step 1829/7000: motor target x=286516nm y=-400494nm
2026-08-18 01:45:02,859 - corrector.core.run - INFO - Random-walk step 1830/7000: motor target x=284686nm y=-400576nm
2026-08-18 01:45:08,961 - corrector.core.run - INFO - Random-walk step 1831/7000: motor target x=276266nm y=-399579nm
2026-08-18 01:45:14,518 - corrector.core.run - INFO - Random-walk step 1832/7000: motor target x=276455nm y=-400202nm
2026-08-18 01:45:20,590 - corrector.core.run - INFO - Random-walk step 1833/7000: motor target x=277939nm y=-399178nm
2026-08-18 01:45:25,934 - corrector.core.run - INFO - Random-walk step 1834/7000: motor target x=278680nm y=-399197nm
2026-08-18 01:45:31,954 - corrector.core.run - INFO - Random-walk step 1835/7000: motor target x=277342nm y=-402865nm
2026-08-18 01:45:37,625 - corrector.core.run - INFO - Random-walk step 1836/7000: motor target x=276938nm y=-404004nm
2026-08-18 01:45:43,333 - corrector.core.run - INFO - Random-walk step 1837/7000: motor target x=277354nm y=-402971nm
2026-08-18 01:45:48,780 - corrector.core.run - INFO - Random-walk step 1838/7000: motor target x=277871nm y=-403075nm
2026-08-18 01:45:54,755 - corrector.core.run - INFO - Random-walk step 1839/7000: motor target x=277904nm y=-402177nm
2026-08-18 01:46:00,537 - corrector.core.run - INFO - Random-walk step 1840/7000: motor target x=278331nm y=-401125nm
2026-08-18 01:46:05,925 - corrector.core.run - INFO - Random-walk step 1841/7000: motor target x=278226nm y=-401575nm
2026-08-18 01:46:11,587 - corrector.core.run - INFO - Random-walk step 1842/7000: motor target x=278289nm y=-401234nm
2026-08-18 01:46:17,344 - corrector.core.run - INFO - Random-walk step 1843/7000: motor target x=278636nm y=-401222nm
2026-08-18 01:46:23,292 - corrector.core.run - INFO - Random-walk step 1844/7000: motor target x=276859nm y=-401870nm
2026-08-18 01:46:29,057 - corrector.core.run - INFO - Random-walk step 1845/7000: motor target x=277676nm y=-400263nm
2026-08-18 01:46:35,129 - corrector.core.run - INFO - Random-walk step 1846/7000: motor target x=272940nm y=-401745nm
2026-08-18 01:46:40,239 - corrector.core.run - INFO - Random-walk step 1847/7000: motor target x=273249nm y=-401929nm
2026-08-18 01:46:45,908 - corrector.core.run - INFO - Random-walk step 1848/7000: motor target x=273259nm y=-401798nm
2026-08-18 01:46:51,915 - corrector.core.run - INFO - Random-walk step 1849/7000: motor target x=273669nm y=-402384nm
2026-08-18 01:46:57,327 - corrector.core.run - INFO - Random-walk step 1850/7000: motor target x=273671nm y=-402307nm
2026-08-18 01:47:03,184 - corrector.core.run - INFO - Random-walk step 1851/7000: motor target x=273667nm y=-402531nm
2026-08-18 01:47:09,105 - corrector.core.run - INFO - Random-walk step 1852/7000: motor target x=277031nm y=-401849nm
2026-08-18 01:47:14,851 - corrector.core.run - INFO - Random-walk step 1853/7000: motor target x=276203nm y=-401292nm
2026-08-18 01:47:20,348 - corrector.core.run - INFO - Random-walk step 1854/7000: motor target x=276414nm y=-400951nm
2026-08-18 01:47:26,268 - corrector.core.run - INFO - Random-walk step 1855/7000: motor target x=275644nm y=-401133nm
2026-08-18 01:47:31,742 - corrector.core.run - INFO - Random-walk step 1856/7000: motor target x=275700nm y=-404752nm
2026-08-18 01:47:37,609 - corrector.core.run - INFO - Random-walk step 1857/7000: motor target x=276174nm y=-404762nm
2026-08-18 01:47:43,505 - corrector.core.run - INFO - Random-walk step 1858/7000: motor target x=275813nm y=-403959nm
2026-08-18 01:47:49,044 - corrector.core.run - INFO - Random-walk step 1859/7000: motor target x=275928nm y=-404356nm
2026-08-18 01:47:54,919 - corrector.core.run - INFO - Random-walk step 1860/7000: motor target x=275131nm y=-404448nm
2026-08-18 01:48:00,841 - corrector.core.run - INFO - Random-walk step 1861/7000: motor target x=276393nm y=-405020nm
2026-08-18 01:48:06,610 - corrector.core.run - INFO - Random-walk step 1862/7000: motor target x=276652nm y=-403585nm
2026-08-18 01:48:12,293 - corrector.core.run - INFO - Random-walk step 1863/7000: motor target x=275899nm y=-404872nm
2026-08-18 01:48:17,902 - corrector.core.run - INFO - Random-walk step 1864/7000: motor target x=276208nm y=-403956nm
2026-08-18 01:48:23,420 - corrector.core.run - INFO - Random-walk step 1865/7000: motor target x=276703nm y=-407942nm
2026-08-18 01:48:28,997 - corrector.core.run - INFO - Random-walk step 1866/7000: motor target x=276536nm y=-407809nm
2026-08-18 01:48:35,300 - corrector.core.run - INFO - Random-walk step 1867/7000: motor target x=278070nm y=-409223nm
2026-08-18 01:48:40,678 - corrector.core.run - INFO - Random-walk step 1868/7000: motor target x=278776nm y=-409459nm
2026-08-18 01:48:46,296 - corrector.core.run - INFO - Random-walk step 1869/7000: motor target x=279162nm y=-409922nm
2026-08-18 01:48:52,166 - corrector.core.run - INFO - Random-walk step 1870/7000: motor target x=278883nm y=-409222nm
2026-08-18 01:48:58,151 - corrector.core.run - INFO - Random-walk step 1871/7000: motor target x=279073nm y=-409190nm
2026-08-18 01:49:03,484 - corrector.core.run - INFO - Random-walk step 1872/7000: motor target x=276074nm y=-412176nm
2026-08-18 01:49:09,237 - corrector.core.run - INFO - Random-walk step 1873/7000: motor target x=276624nm y=-411704nm
2026-08-18 01:49:14,958 - corrector.core.run - INFO - Random-walk step 1874/7000: motor target x=277200nm y=-411744nm
2026-08-18 01:49:20,617 - corrector.core.run - INFO - Random-walk step 1875/7000: motor target x=273741nm y=-409430nm
2026-08-18 01:49:29,682 - corrector.core.run - INFO - Random-walk step 1876/7000: motor target x=272710nm y=-409608nm
2026-08-18 01:49:35,090 - corrector.core.run - INFO - Random-walk step 1877/7000: motor target x=275680nm y=-406416nm
2026-08-18 01:49:40,737 - corrector.core.run - INFO - Random-walk step 1878/7000: motor target x=275637nm y=-406391nm
2026-08-18 01:49:46,456 - corrector.core.run - INFO - Random-walk step 1879/7000: motor target x=275708nm y=-406336nm
2026-08-18 01:49:55,489 - corrector.core.run - INFO - Random-walk step 1880/7000: motor target x=276321nm y=-406182nm
2026-08-18 01:50:01,255 - corrector.core.run - INFO - Random-walk step 1881/7000: motor target x=276985nm y=-406671nm
2026-08-18 01:50:06,737 - corrector.core.run - INFO - Random-walk step 1882/7000: motor target x=277175nm y=-406399nm
2026-08-18 01:50:12,590 - corrector.core.run - INFO - Random-walk step 1883/7000: motor target x=277356nm y=-406103nm
2026-08-18 01:50:18,104 - corrector.core.run - INFO - Random-walk step 1884/7000: motor target x=277331nm y=-406026nm
2026-08-18 01:50:23,857 - corrector.core.run - INFO - Random-walk step 1885/7000: motor target x=277394nm y=-406061nm
2026-08-18 01:50:29,676 - corrector.core.run - INFO - Random-walk step 1886/7000: motor target x=277623nm y=-406066nm
2026-08-18 01:50:35,615 - corrector.core.run - INFO - Random-walk step 1887/7000: motor target x=277710nm y=-405372nm
2026-08-18 01:50:41,970 - corrector.core.run - INFO - Random-walk step 1888/7000: motor target x=277645nm y=-405454nm
2026-08-18 01:50:47,916 - corrector.core.run - INFO - Random-walk step 1889/7000: motor target x=280714nm y=-404982nm
2026-08-18 01:50:53,580 - corrector.core.run - INFO - Random-walk step 1890/7000: motor target x=280397nm y=-404831nm
2026-08-18 01:50:59,489 - corrector.core.run - INFO - Random-walk step 1891/7000: motor target x=279971nm y=-405716nm
2026-08-18 01:51:04,984 - corrector.core.run - INFO - Random-walk step 1892/7000: motor target x=274476nm y=-400237nm
2026-08-18 01:51:10,740 - corrector.core.run - INFO - Random-walk step 1893/7000: motor target x=274306nm y=-408552nm
2026-08-18 01:51:16,827 - corrector.core.run - INFO - Random-walk step 1894/7000: motor target x=273973nm y=-407405nm
2026-08-18 01:51:22,205 - corrector.core.run - INFO - Random-walk step 1895/7000: motor target x=274243nm y=-406920nm
2026-08-18 01:51:28,360 - corrector.core.run - INFO - Random-walk step 1896/7000: motor target x=273077nm y=-408391nm
2026-08-18 01:51:33,650 - corrector.core.run - INFO - Random-walk step 1897/7000: motor target x=273612nm y=-406624nm
2026-08-18 01:51:39,394 - corrector.core.run - INFO - Random-walk step 1898/7000: motor target x=273680nm y=-406031nm
2026-08-18 01:51:45,046 - corrector.core.run - INFO - Random-walk step 1899/7000: motor target x=273308nm y=-406260nm
2026-08-18 01:51:50,720 - corrector.core.run - INFO - Random-walk step 1900/7000: motor target x=273451nm y=-407780nm
2026-08-18 01:51:56,562 - corrector.core.run - INFO - Random-walk step 1901/7000: motor target x=274031nm y=-408369nm
2026-08-18 01:52:02,280 - corrector.core.run - INFO - Random-walk step 1902/7000: motor target x=273550nm y=-408761nm
2026-08-18 01:52:08,372 - corrector.core.run - INFO - Random-walk step 1903/7000: motor target x=274867nm y=-409744nm
2026-08-18 01:52:13,879 - corrector.core.run - INFO - Random-walk step 1904/7000: motor target x=273938nm y=-409887nm
2026-08-18 01:52:19,769 - corrector.core.run - INFO - Random-walk step 1905/7000: motor target x=273169nm y=-410946nm
2026-08-18 01:52:25,555 - corrector.core.run - INFO - Random-walk step 1906/7000: motor target x=273199nm y=-409671nm
2026-08-18 01:52:30,769 - corrector.core.run - INFO - Random-walk step 1907/7000: motor target x=273207nm y=-409543nm
2026-08-18 01:52:36,767 - corrector.core.run - INFO - Random-walk step 1908/7000: motor target x=273741nm y=-409241nm
2026-08-18 01:52:42,501 - corrector.core.run - INFO - Random-walk step 1909/7000: motor target x=273877nm y=-409790nm
2026-08-18 01:52:48,317 - corrector.core.run - INFO - Random-walk step 1910/7000: motor target x=273424nm y=-410661nm
2026-08-18 01:52:53,948 - corrector.core.run - INFO - Random-walk step 1911/7000: motor target x=273505nm y=-411302nm
2026-08-18 01:52:59,628 - corrector.core.run - INFO - Random-walk step 1912/7000: motor target x=273609nm y=-412045nm
2026-08-18 01:53:05,330 - corrector.core.run - INFO - Random-walk step 1913/7000: motor target x=273018nm y=-411522nm
2026-08-18 01:53:10,824 - corrector.core.run - INFO - Random-walk step 1914/7000: motor target x=272980nm y=-411466nm
2026-08-18 01:53:16,694 - corrector.core.run - INFO - Random-walk step 1915/7000: motor target x=273056nm y=-411850nm
2026-08-18 01:53:22,701 - corrector.core.run - INFO - Random-walk step 1916/7000: motor target x=273626nm y=-411501nm
2026-08-18 01:53:28,315 - corrector.core.run - INFO - Random-walk step 1917/7000: motor target x=273444nm y=-410959nm
2026-08-18 01:53:33,910 - corrector.core.run - INFO - Random-walk step 1918/7000: motor target x=273913nm y=-410685nm
2026-08-18 01:53:39,668 - corrector.core.run - INFO - Random-walk step 1919/7000: motor target x=273705nm y=-410237nm
2026-08-18 01:53:45,736 - corrector.core.run - INFO - Random-walk step 1920/7000: motor target x=274931nm y=-414911nm
2026-08-18 01:53:52,468 - corrector.core.run - INFO - Random-walk step 1921/7000: motor target x=275070nm y=-414782nm
2026-08-18 01:53:58,598 - corrector.core.run - INFO - Random-walk step 1922/7000: motor target x=276097nm y=-415310nm
2026-08-18 01:54:04,484 - corrector.core.run - INFO - Random-walk step 1923/7000: motor target x=276695nm y=-413905nm
2026-08-18 01:54:09,804 - corrector.core.run - INFO - Random-walk step 1924/7000: motor target x=276365nm y=-412232nm
2026-08-18 01:54:17,259 - corrector.core.run - INFO - Random-walk step 1925/7000: motor target x=274473nm y=-411311nm
2026-08-18 01:54:22,917 - corrector.core.run - INFO - Random-walk step 1926/7000: motor target x=275078nm y=-411642nm
2026-08-18 01:54:28,430 - corrector.core.run - INFO - Random-walk step 1927/7000: motor target x=273103nm y=-408013nm
2026-08-18 01:54:34,362 - corrector.core.run - INFO - Random-walk step 1928/7000: motor target x=273089nm y=-407360nm
2026-08-18 01:54:40,171 - corrector.core.run - INFO - Random-walk step 1929/7000: motor target x=273856nm y=-409470nm
2026-08-18 01:54:46,063 - corrector.core.run - INFO - Random-walk step 1930/7000: motor target x=272658nm y=-408379nm
2026-08-18 01:54:51,922 - corrector.core.run - INFO - Random-walk step 1931/7000: motor target x=274115nm y=-407366nm
2026-08-18 01:54:57,527 - corrector.core.run - INFO - Random-walk step 1932/7000: motor target x=274750nm y=-406288nm
2026-08-18 01:55:04,501 - corrector.core.run - INFO - Random-walk step 1933/7000: motor target x=274381nm y=-406999nm
2026-08-18 01:55:10,383 - corrector.core.run - INFO - Random-walk step 1934/7000: motor target x=273436nm y=-407098nm
2026-08-18 01:55:16,272 - corrector.core.run - INFO - Random-walk step 1935/7000: motor target x=275237nm y=-405698nm
2026-08-18 01:55:21,656 - corrector.core.run - INFO - Random-walk step 1936/7000: motor target x=274769nm y=-405119nm
2026-08-18 01:55:27,412 - corrector.core.run - INFO - Random-walk step 1937/7000: motor target x=274621nm y=-405874nm
2026-08-18 01:55:33,013 - corrector.core.run - INFO - Random-walk step 1938/7000: motor target x=275122nm y=-405862nm
2026-08-18 01:55:38,692 - corrector.core.run - INFO - Random-walk step 1939/7000: motor target x=274814nm y=-405645nm
2026-08-18 01:55:44,414 - corrector.core.run - INFO - Random-walk step 1940/7000: motor target x=274515nm y=-405744nm
2026-08-18 01:55:50,392 - corrector.core.run - INFO - Random-walk step 1941/7000: motor target x=279241nm y=-404957nm
2026-08-18 01:55:56,246 - corrector.core.run - INFO - Random-walk step 1942/7000: motor target x=277996nm y=-404507nm
2026-08-18 01:56:01,710 - corrector.core.run - INFO - Random-walk step 1943/7000: motor target x=278604nm y=-403957nm
2026-08-18 01:56:07,335 - corrector.core.run - INFO - Random-walk step 1944/7000: motor target x=278895nm y=-403650nm
2026-08-18 01:56:13,272 - corrector.core.run - INFO - Random-walk step 1945/7000: motor target x=287834nm y=-402970nm
2026-08-18 01:56:19,036 - corrector.core.run - INFO - Random-walk step 1946/7000: motor target x=287057nm y=-403284nm
2026-08-18 01:56:24,866 - corrector.core.run - INFO - Random-walk step 1947/7000: motor target x=288254nm y=-399299nm
2026-08-18 01:56:30,498 - corrector.core.run - INFO - Random-walk step 1948/7000: motor target x=289040nm y=-399834nm
2026-08-18 01:56:36,452 - corrector.core.run - INFO - Random-walk step 1949/7000: motor target x=290490nm y=-400982nm
2026-08-18 01:56:41,698 - corrector.core.run - INFO - Random-walk step 1950/7000: motor target x=290176nm y=-400694nm
2026-08-18 01:56:47,398 - corrector.core.run - INFO - Random-walk step 1951/7000: motor target x=292158nm y=-402505nm
2026-08-18 01:56:53,240 - corrector.core.run - INFO - Random-walk step 1952/7000: motor target x=291778nm y=-402652nm
2026-08-18 01:56:58,959 - corrector.core.run - INFO - Random-walk step 1953/7000: motor target x=293913nm y=-403049nm
2026-08-18 01:57:05,017 - corrector.core.run - INFO - Random-walk step 1954/7000: motor target x=295161nm y=-402062nm
2026-08-18 01:57:10,389 - corrector.core.run - INFO - Random-walk step 1955/7000: motor target x=297353nm y=-401556nm
2026-08-18 01:57:15,958 - corrector.core.run - INFO - Random-walk step 1956/7000: motor target x=297530nm y=-401469nm
2026-08-18 01:57:21,678 - corrector.core.run - INFO - Random-walk step 1957/7000: motor target x=297664nm y=-401323nm
2026-08-18 01:57:27,547 - corrector.core.run - INFO - Random-walk step 1958/7000: motor target x=305537nm y=-398169nm
2026-08-18 01:57:33,345 - corrector.core.run - INFO - Random-walk step 1959/7000: motor target x=305105nm y=-397672nm
2026-08-18 01:57:40,775 - corrector.core.run - INFO - Random-walk step 1960/7000: motor target x=303104nm y=-396572nm
2026-08-18 01:57:46,197 - corrector.core.run - INFO - Random-walk step 1961/7000: motor target x=303314nm y=-396078nm
2026-08-18 01:57:52,387 - corrector.core.run - INFO - Random-walk step 1962/7000: motor target x=301740nm y=-393539nm
2026-08-18 01:58:00,937 - corrector.core.run - INFO - Random-walk step 1963/7000: motor target x=302758nm y=-394307nm
2026-08-18 01:58:06,299 - corrector.core.run - INFO - Random-walk step 1964/7000: motor target x=302707nm y=-394095nm
2026-08-18 01:58:12,080 - corrector.core.run - INFO - Random-walk step 1965/7000: motor target x=299570nm y=-397833nm
2026-08-18 01:58:17,773 - corrector.core.run - INFO - Random-walk step 1966/7000: motor target x=299737nm y=-397867nm
2026-08-18 01:58:23,562 - corrector.core.run - INFO - Random-walk step 1967/7000: motor target x=299980nm y=-400289nm
2026-08-18 01:58:29,272 - corrector.core.run - INFO - Random-walk step 1968/7000: motor target x=299764nm y=-400499nm
2026-08-18 01:58:35,083 - corrector.core.run - INFO - Random-walk step 1969/7000: motor target x=297196nm y=-403414nm
2026-08-18 01:58:40,676 - corrector.core.run - INFO - Random-walk step 1970/7000: motor target x=296964nm y=-403361nm
2026-08-18 01:58:46,686 - corrector.core.run - INFO - Random-walk step 1971/7000: motor target x=293659nm y=-404040nm
2026-08-18 01:58:52,096 - corrector.core.run - INFO - Random-walk step 1972/7000: motor target x=293604nm y=-404097nm
2026-08-18 01:58:58,310 - corrector.core.run - INFO - Random-walk step 1973/7000: motor target x=294821nm y=-403181nm
2026-08-18 01:59:03,624 - corrector.core.run - INFO - Random-walk step 1974/7000: motor target x=294552nm y=-403458nm
2026-08-18 01:59:09,408 - corrector.core.run - INFO - Random-walk step 1975/7000: motor target x=294899nm y=-403223nm
2026-08-18 01:59:15,034 - corrector.core.run - INFO - Random-walk step 1976/7000: motor target x=294988nm y=-403354nm
2026-08-18 01:59:21,034 - corrector.core.run - INFO - Random-walk step 1977/7000: motor target x=294378nm y=-403748nm
2026-08-18 01:59:26,627 - corrector.core.run - INFO - Random-walk step 1978/7000: motor target x=292713nm y=-403583nm
2026-08-18 01:59:32,515 - corrector.core.run - INFO - Random-walk step 1979/7000: motor target x=292451nm y=-404268nm
2026-08-18 01:59:38,111 - corrector.core.run - INFO - Random-walk step 1980/7000: motor target x=284753nm y=-410077nm
2026-08-18 01:59:44,012 - corrector.core.run - INFO - Random-walk step 1981/7000: motor target x=284597nm y=-410946nm
2026-08-18 01:59:49,830 - corrector.core.run - INFO - Random-walk step 1982/7000: motor target x=284401nm y=-410008nm
2026-08-18 01:59:55,497 - corrector.core.run - INFO - Random-walk step 1983/7000: motor target x=285222nm y=-410260nm
2026-08-18 02:00:01,535 - corrector.core.run - INFO - Random-walk step 1984/7000: motor target x=284001nm y=-408704nm
2026-08-18 02:00:06,888 - corrector.core.run - INFO - Random-walk step 1985/7000: motor target x=284752nm y=-408874nm
2026-08-18 02:00:12,441 - corrector.core.run - INFO - Random-walk step 1986/7000: motor target x=290149nm y=-411472nm
2026-08-18 02:00:18,413 - corrector.core.run - INFO - Random-walk step 1987/7000: motor target x=290914nm y=-411209nm
2026-08-18 02:00:25,818 - corrector.core.run - INFO - Random-walk step 1988/7000: motor target x=291466nm y=-411198nm
2026-08-18 02:00:32,149 - corrector.core.run - INFO - Random-walk step 1989/7000: motor target x=291436nm y=-410652nm
2026-08-18 02:00:37,768 - corrector.core.run - INFO - Random-walk step 1990/7000: motor target x=291656nm y=-410401nm
2026-08-18 02:00:43,975 - corrector.core.run - INFO - Random-walk step 1991/7000: motor target x=293743nm y=-411705nm
2026-08-18 02:00:49,307 - corrector.core.run - INFO - Random-walk step 1992/7000: motor target x=286945nm y=-415933nm
2026-08-18 02:00:55,009 - corrector.core.run - INFO - Random-walk step 1993/7000: motor target x=287369nm y=-415544nm
2026-08-18 02:01:01,199 - corrector.core.run - INFO - Random-walk step 1994/7000: motor target x=288810nm y=-414604nm
2026-08-18 02:01:06,553 - corrector.core.run - INFO - Random-walk step 1995/7000: motor target x=289406nm y=-410857nm
2026-08-18 02:01:12,319 - corrector.core.run - INFO - Random-walk step 1996/7000: motor target x=289949nm y=-411563nm
2026-08-18 02:01:17,892 - corrector.core.run - INFO - Random-walk step 1997/7000: motor target x=290291nm y=-411556nm
2026-08-18 02:01:23,618 - corrector.core.run - INFO - Random-walk step 1998/7000: motor target x=296796nm y=-418690nm
2026-08-18 02:01:29,326 - corrector.core.run - INFO - Random-walk step 1999/7000: motor target x=294387nm y=-418818nm
2026-08-18 02:01:35,376 - corrector.core.run - INFO - Random-walk step 2000/7000: motor target x=295409nm y=-418520nm
2026-08-18 02:01:41,056 - corrector.core.run - INFO - Random-walk step 2001/7000: motor target x=296192nm y=-419016nm
2026-08-18 02:01:46,718 - corrector.core.run - INFO - Random-walk step 2002/7000: motor target x=296304nm y=-419661nm
2026-08-18 02:01:52,317 - corrector.core.run - INFO - Random-walk step 2003/7000: motor target x=298161nm y=-420061nm
2026-08-18 02:01:57,871 - corrector.core.run - INFO - Random-walk step 2004/7000: motor target x=298222nm y=-420061nm
2026-08-18 02:02:03,799 - corrector.core.run - INFO - Random-walk step 2005/7000: motor target x=295902nm y=-419689nm
2026-08-18 02:02:09,408 - corrector.core.run - INFO - Random-walk step 2006/7000: motor target x=296042nm y=-419470nm
2026-08-18 02:02:15,117 - corrector.core.run - INFO - Random-walk step 2007/7000: motor target x=296259nm y=-419437nm
2026-08-18 02:02:20,899 - corrector.core.run - INFO - Random-walk step 2008/7000: motor target x=295921nm y=-419574nm
2026-08-18 02:02:26,703 - corrector.core.run - INFO - Random-walk step 2009/7000: motor target x=294254nm y=-419467nm
2026-08-18 02:02:32,315 - corrector.core.run - INFO - Random-walk step 2010/7000: motor target x=294514nm y=-419322nm
2026-08-18 02:02:38,333 - corrector.core.run - INFO - Random-walk step 2011/7000: motor target x=294665nm y=-420183nm
2026-08-18 02:02:43,821 - corrector.core.run - INFO - Random-walk step 2012/7000: motor target x=294699nm y=-418071nm
2026-08-18 02:02:49,609 - corrector.core.run - INFO - Random-walk step 2013/7000: motor target x=292276nm y=-418284nm
2026-08-18 02:02:55,298 - corrector.core.run - INFO - Random-walk step 2014/7000: motor target x=291966nm y=-418274nm
2026-08-18 02:03:01,090 - corrector.core.run - INFO - Random-walk step 2015/7000: motor target x=293516nm y=-409065nm
2026-08-18 02:03:06,631 - corrector.core.run - INFO - Random-walk step 2016/7000: motor target x=293375nm y=-408952nm
2026-08-18 02:03:12,562 - corrector.core.run - INFO - Random-walk step 2017/7000: motor target x=293781nm y=-404423nm
2026-08-18 02:03:18,643 - corrector.core.run - INFO - Random-walk step 2018/7000: motor target x=294509nm y=-402894nm
2026-08-18 02:03:23,803 - corrector.core.run - INFO - Random-walk step 2019/7000: motor target x=294605nm y=-402893nm
2026-08-18 02:03:29,859 - corrector.core.run - INFO - Random-walk step 2020/7000: motor target x=295463nm y=-402907nm
2026-08-18 02:03:35,623 - corrector.core.run - INFO - Random-walk step 2021/7000: motor target x=295667nm y=-401965nm
2026-08-18 02:03:41,072 - corrector.core.run - INFO - Random-walk step 2022/7000: motor target x=295397nm y=-401654nm
2026-08-18 02:03:47,011 - corrector.core.run - INFO - Random-walk step 2023/7000: motor target x=295182nm y=-400945nm
2026-08-18 02:03:52,714 - corrector.core.run - INFO - Random-walk step 2024/7000: motor target x=294454nm y=-396193nm
2026-08-18 02:03:58,232 - corrector.core.run - INFO - Random-walk step 2025/7000: motor target x=294773nm y=-396351nm
2026-08-18 02:04:04,004 - corrector.core.run - INFO - Random-walk step 2026/7000: motor target x=292853nm y=-392338nm
2026-08-18 02:04:09,880 - corrector.core.run - INFO - Random-walk step 2027/7000: motor target x=292192nm y=-392416nm
2026-08-18 02:04:15,486 - corrector.core.run - INFO - Random-walk step 2028/7000: motor target x=292114nm y=-392087nm
2026-08-18 02:04:21,060 - corrector.core.run - INFO - Random-walk step 2029/7000: motor target x=291994nm y=-392014nm
2026-08-18 02:04:27,175 - corrector.core.run - INFO - Random-walk step 2030/7000: motor target x=293564nm y=-391009nm
2026-08-18 02:04:32,874 - corrector.core.run - INFO - Random-walk step 2031/7000: motor target x=294437nm y=-390566nm
2026-08-18 02:04:38,325 - corrector.core.run - INFO - Random-walk step 2032/7000: motor target x=297072nm y=-395269nm
2026-08-18 02:04:44,216 - corrector.core.run - INFO - Random-walk step 2033/7000: motor target x=296573nm y=-389876nm
2026-08-18 02:04:49,825 - corrector.core.run - INFO - Random-walk step 2034/7000: motor target x=296121nm y=-389546nm
2026-08-18 02:04:55,764 - corrector.core.run - INFO - Random-walk step 2035/7000: motor target x=295247nm y=-389955nm
2026-08-18 02:05:01,163 - corrector.core.run - INFO - Random-walk step 2036/7000: motor target x=295152nm y=-390045nm
2026-08-18 02:05:07,037 - corrector.core.run - INFO - Random-walk step 2037/7000: motor target x=300655nm y=-397143nm
2026-08-18 02:05:12,853 - corrector.core.run - INFO - Random-walk step 2038/7000: motor target x=300727nm y=-397723nm
2026-08-18 02:05:18,303 - corrector.core.run - INFO - Random-walk step 2039/7000: motor target x=300741nm y=-397665nm
2026-08-18 02:05:24,314 - corrector.core.run - INFO - Random-walk step 2040/7000: motor target x=300180nm y=-393247nm
2026-08-18 02:05:29,829 - corrector.core.run - INFO - Random-walk step 2041/7000: motor target x=300114nm y=-393506nm
2026-08-18 02:05:36,015 - corrector.core.run - INFO - Random-walk step 2042/7000: motor target x=298788nm y=-392778nm
2026-08-18 02:05:41,295 - corrector.core.run - INFO - Random-walk step 2043/7000: motor target x=298555nm y=-392869nm
2026-08-18 02:05:47,262 - corrector.core.run - INFO - Random-walk step 2044/7000: motor target x=297745nm y=-401114nm
2026-08-18 02:05:53,278 - corrector.core.run - INFO - Random-walk step 2045/7000: motor target x=299602nm y=-399564nm
2026-08-18 02:05:58,367 - corrector.core.run - INFO - Random-walk step 2046/7000: motor target x=299643nm y=-399531nm
2026-08-18 02:06:04,198 - corrector.core.run - INFO - Random-walk step 2047/7000: motor target x=299433nm y=-399361nm
2026-08-18 02:06:10,038 - corrector.core.run - INFO - Random-walk step 2048/7000: motor target x=295955nm y=-399000nm
2026-08-18 02:06:16,196 - corrector.core.run - INFO - Random-walk step 2049/7000: motor target x=294127nm y=-397505nm
2026-08-18 02:06:21,571 - corrector.core.run - INFO - Random-walk step 2050/7000: motor target x=293637nm y=-398011nm
2026-08-18 02:06:27,260 - corrector.core.run - INFO - Random-walk step 2051/7000: motor target x=294133nm y=-398168nm
2026-08-18 02:06:33,114 - corrector.core.run - INFO - Random-walk step 2052/7000: motor target x=294268nm y=-397373nm
2026-08-18 02:06:38,597 - corrector.core.run - INFO - Random-walk step 2053/7000: motor target x=295885nm y=-395551nm
2026-08-18 02:06:44,446 - corrector.core.run - INFO - Random-walk step 2054/7000: motor target x=295445nm y=-395707nm
2026-08-18 02:06:50,137 - corrector.core.run - INFO - Random-walk step 2055/7000: motor target x=294982nm y=-395574nm
2026-08-18 02:06:56,250 - corrector.core.run - INFO - Random-walk step 2056/7000: motor target x=298979nm y=-396937nm
2026-08-18 02:07:01,500 - corrector.core.run - INFO - Random-walk step 2057/7000: motor target x=299277nm y=-397137nm
2026-08-18 02:07:07,142 - corrector.core.run - INFO - Random-walk step 2058/7000: motor target x=299372nm y=-397128nm
2026-08-18 02:07:12,919 - corrector.core.run - INFO - Random-walk step 2059/7000: motor target x=299242nm y=-397277nm
2026-08-18 02:07:18,758 - corrector.core.run - INFO - Random-walk step 2060/7000: motor target x=297503nm y=-397000nm
2026-08-18 02:07:24,494 - corrector.core.run - INFO - Random-walk step 2061/7000: motor target x=297185nm y=-395363nm
2026-08-18 02:07:30,078 - corrector.core.run - INFO - Random-walk step 2062/7000: motor target x=297113nm y=-395462nm
2026-08-18 02:07:36,336 - corrector.core.run - INFO - Random-walk step 2063/7000: motor target x=298721nm y=-396915nm
2026-08-18 02:07:41,716 - corrector.core.run - INFO - Random-walk step 2064/7000: motor target x=296336nm y=-397414nm
2026-08-18 02:07:47,369 - corrector.core.run - INFO - Random-walk step 2065/7000: motor target x=296313nm y=-397869nm
2026-08-18 02:07:53,450 - corrector.core.run - INFO - Random-walk step 2066/7000: motor target x=297830nm y=-396599nm
2026-08-18 02:07:58,663 - corrector.core.run - INFO - Random-walk step 2067/7000: motor target x=297838nm y=-396520nm
2026-08-18 02:08:04,681 - corrector.core.run - INFO - Random-walk step 2068/7000: motor target x=298483nm y=-395980nm
2026-08-18 02:08:10,231 - corrector.core.run - INFO - Random-walk step 2069/7000: motor target x=298209nm y=-395890nm
2026-08-18 02:08:15,933 - corrector.core.run - INFO - Random-walk step 2070/7000: motor target x=293949nm y=-396151nm
2026-08-18 02:08:22,190 - corrector.core.run - INFO - Random-walk step 2071/7000: motor target x=297713nm y=-397581nm
2026-08-18 02:08:27,377 - corrector.core.run - INFO - Random-walk step 2072/7000: motor target x=294960nm y=-395689nm
2026-08-18 02:08:33,691 - corrector.core.run - INFO - Random-walk step 2073/7000: motor target x=297790nm y=-394153nm
2026-08-18 02:08:38,815 - corrector.core.run - INFO - Random-walk step 2074/7000: motor target x=297906nm y=-394250nm
2026-08-18 02:08:44,872 - corrector.core.run - INFO - Random-walk step 2075/7000: motor target x=298700nm y=-393929nm
2026-08-18 02:08:50,340 - corrector.core.run - INFO - Random-walk step 2076/7000: motor target x=301976nm y=-391153nm
2026-08-18 02:08:56,204 - corrector.core.run - INFO - Random-walk step 2077/7000: motor target x=302533nm y=-391441nm
2026-08-18 02:09:02,060 - corrector.core.run - INFO - Random-walk step 2078/7000: motor target x=302231nm y=-392157nm
2026-08-18 02:09:07,490 - corrector.core.run - INFO - Random-walk step 2079/7000: motor target x=302166nm y=-392450nm
2026-08-18 02:09:13,470 - corrector.core.run - INFO - Random-walk step 2080/7000: motor target x=301288nm y=-392188nm
2026-08-18 02:09:18,917 - corrector.core.run - INFO - Random-walk step 2081/7000: motor target x=301333nm y=-391951nm
2026-08-18 02:09:24,620 - corrector.core.run - INFO - Random-walk step 2082/7000: motor target x=301329nm y=-391678nm
2026-08-18 02:09:30,762 - corrector.core.run - INFO - Random-walk step 2083/7000: motor target x=302468nm y=-393366nm
2026-08-18 02:09:36,226 - corrector.core.run - INFO - Random-walk step 2084/7000: motor target x=299778nm y=-396473nm
2026-08-18 02:09:41,926 - corrector.core.run - INFO - Random-walk step 2085/7000: motor target x=301984nm y=-396492nm
2026-08-18 02:09:47,615 - corrector.core.run - INFO - Random-walk step 2086/7000: motor target x=302042nm y=-396180nm
2026-08-18 02:09:53,408 - corrector.core.run - INFO - Random-walk step 2087/7000: motor target x=306166nm y=-398705nm
2026-08-18 02:09:59,046 - corrector.core.run - INFO - Random-walk step 2088/7000: motor target x=306402nm y=-398385nm
2026-08-18 02:10:05,185 - corrector.core.run - INFO - Random-walk step 2089/7000: motor target x=306108nm y=-399648nm
2026-08-18 02:10:10,874 - corrector.core.run - INFO - Random-walk step 2090/7000: motor target x=304968nm y=-399688nm
2026-08-18 02:10:16,158 - corrector.core.run - INFO - Random-walk step 2091/7000: motor target x=305095nm y=-399699nm
2026-08-18 02:10:22,345 - corrector.core.run - INFO - Random-walk step 2092/7000: motor target x=305160nm y=-398575nm
2026-08-18 02:10:27,936 - corrector.core.run - INFO - Random-walk step 2093/7000: motor target x=305382nm y=-397767nm
2026-08-18 02:10:33,603 - corrector.core.run - INFO - Random-walk step 2094/7000: motor target x=306029nm y=-397455nm
2026-08-18 02:10:39,583 - corrector.core.run - INFO - Random-walk step 2095/7000: motor target x=304689nm y=-398100nm
2026-08-18 02:10:44,873 - corrector.core.run - INFO - Random-walk step 2096/7000: motor target x=308121nm y=-395757nm
2026-08-18 02:10:50,498 - corrector.core.run - INFO - Random-walk step 2097/7000: motor target x=308158nm y=-395800nm
2026-08-18 02:10:56,229 - corrector.core.run - INFO - Random-walk step 2098/7000: motor target x=308249nm y=-395756nm
2026-08-18 02:11:02,405 - corrector.core.run - INFO - Random-walk step 2099/7000: motor target x=308256nm y=-396736nm
2026-08-18 02:11:07,822 - corrector.core.run - INFO - Random-walk step 2100/7000: motor target x=308585nm y=-396794nm
2026-08-18 02:11:13,783 - corrector.core.run - INFO - Random-walk step 2101/7000: motor target x=306196nm y=-397782nm
2026-08-18 02:11:19,395 - corrector.core.run - INFO - Random-walk step 2102/7000: motor target x=308175nm y=-397141nm
2026-08-18 02:11:24,919 - corrector.core.run - INFO - Random-walk step 2103/7000: motor target x=305987nm y=-397256nm
2026-08-18 02:11:30,712 - corrector.core.run - INFO - Random-walk step 2104/7000: motor target x=306379nm y=-396857nm
2026-08-18 02:11:36,609 - corrector.core.run - INFO - Random-walk step 2105/7000: motor target x=306017nm y=-397447nm
2026-08-18 02:11:42,414 - corrector.core.run - INFO - Random-walk step 2106/7000: motor target x=305758nm y=-396548nm
2026-08-18 02:11:48,016 - corrector.core.run - INFO - Random-walk step 2107/7000: motor target x=304979nm y=-396714nm
2026-08-18 02:11:53,545 - corrector.core.run - INFO - Random-walk step 2108/7000: motor target x=304900nm y=-396515nm
2026-08-18 02:11:59,670 - corrector.core.run - INFO - Random-walk step 2109/7000: motor target x=304343nm y=-397657nm
2026-08-18 02:12:05,184 - corrector.core.run - INFO - Random-walk step 2110/7000: motor target x=303767nm y=-396996nm
2026-08-18 02:12:10,784 - corrector.core.run - INFO - Random-walk step 2111/7000: motor target x=304044nm y=-396688nm
2026-08-18 02:12:16,483 - corrector.core.run - INFO - Random-walk step 2112/7000: motor target x=301739nm y=-400689nm
2026-08-18 02:12:22,334 - corrector.core.run - INFO - Random-walk step 2113/7000: motor target x=301617nm y=-401106nm
2026-08-18 02:12:28,410 - corrector.core.run - INFO - Random-walk step 2114/7000: motor target x=302120nm y=-402511nm
2026-08-18 02:12:33,698 - corrector.core.run - INFO - Random-walk step 2115/7000: motor target x=301774nm y=-402533nm
2026-08-18 02:12:39,358 - corrector.core.run - INFO - Random-walk step 2116/7000: motor target x=301481nm y=-402292nm
2026-08-18 02:12:45,338 - corrector.core.run - INFO - Random-walk step 2117/7000: motor target x=304130nm y=-403021nm
2026-08-18 02:12:51,071 - corrector.core.run - INFO - Random-walk step 2118/7000: motor target x=303393nm y=-403208nm
2026-08-18 02:12:56,702 - corrector.core.run - INFO - Random-walk step 2119/7000: motor target x=302806nm y=-403341nm
2026-08-18 02:13:02,292 - corrector.core.run - INFO - Random-walk step 2120/7000: motor target x=299875nm y=-400518nm
2026-08-18 02:13:08,097 - corrector.core.run - INFO - Random-walk step 2121/7000: motor target x=300148nm y=-402695nm
2026-08-18 02:13:13,875 - corrector.core.run - INFO - Random-walk step 2122/7000: motor target x=298240nm y=-402334nm
2026-08-18 02:13:19,737 - corrector.core.run - INFO - Random-walk step 2123/7000: motor target x=302605nm y=-401580nm
2026-08-18 02:13:25,185 - corrector.core.run - INFO - Random-walk step 2124/7000: motor target x=302412nm y=-401684nm
2026-08-18 02:13:31,297 - corrector.core.run - INFO - Random-walk step 2125/7000: motor target x=302651nm y=-402846nm
2026-08-18 02:13:36,800 - corrector.core.run - INFO - Random-walk step 2126/7000: motor target x=302765nm y=-402369nm
2026-08-18 02:13:42,403 - corrector.core.run - INFO - Random-walk step 2127/7000: motor target x=294261nm y=-405466nm
2026-08-18 02:13:48,360 - corrector.core.run - INFO - Random-walk step 2128/7000: motor target x=294164nm y=-406239nm
2026-08-18 02:13:53,839 - corrector.core.run - INFO - Random-walk step 2129/7000: motor target x=294411nm y=-405973nm
2026-08-18 02:13:59,699 - corrector.core.run - INFO - Random-walk step 2130/7000: motor target x=294104nm y=-406428nm
2026-08-18 02:14:05,260 - corrector.core.run - INFO - Random-walk step 2131/7000: motor target x=294098nm y=-406210nm
2026-08-18 02:14:11,453 - corrector.core.run - INFO - Random-walk step 2132/7000: motor target x=291085nm y=-407543nm
2026-08-18 02:14:17,216 - corrector.core.run - INFO - Random-walk step 2133/7000: motor target x=289694nm y=-408527nm
2026-08-18 02:14:22,683 - corrector.core.run - INFO - Random-walk step 2134/7000: motor target x=288897nm y=-409298nm
2026-08-18 02:14:28,672 - corrector.core.run - INFO - Random-walk step 2135/7000: motor target x=289330nm y=-407831nm
2026-08-18 02:14:34,103 - corrector.core.run - INFO - Random-walk step 2136/7000: motor target x=288628nm y=-407282nm
2026-08-18 02:14:39,654 - corrector.core.run - INFO - Random-walk step 2137/7000: motor target x=288331nm y=-407622nm
2026-08-18 02:14:45,360 - corrector.core.run - INFO - Random-walk step 2138/7000: motor target x=288297nm y=-404036nm
2026-08-18 02:14:51,102 - corrector.core.run - INFO - Random-walk step 2139/7000: motor target x=288457nm y=-403815nm
2026-08-18 02:14:57,164 - corrector.core.run - INFO - Random-walk step 2140/7000: motor target x=287951nm y=-404671nm
2026-08-18 02:15:02,558 - corrector.core.run - INFO - Random-walk step 2141/7000: motor target x=287729nm y=-404512nm
2026-08-18 02:15:08,227 - corrector.core.run - INFO - Random-walk step 2142/7000: motor target x=287814nm y=-404487nm
2026-08-18 02:15:14,025 - corrector.core.run - INFO - Random-walk step 2143/7000: motor target x=287926nm y=-404721nm
2026-08-18 02:15:20,015 - corrector.core.run - INFO - Random-walk step 2144/7000: motor target x=287207nm y=-404445nm
2026-08-18 02:15:25,732 - corrector.core.run - INFO - Random-walk step 2145/7000: motor target x=286951nm y=-405188nm
2026-08-18 02:15:31,712 - corrector.core.run - INFO - Random-walk step 2146/7000: motor target x=285540nm y=-403139nm
2026-08-18 02:15:36,862 - corrector.core.run - INFO - Random-walk step 2147/7000: motor target x=285572nm y=-403093nm
2026-08-18 02:15:42,769 - corrector.core.run - INFO - Random-walk step 2148/7000: motor target x=285253nm y=-403279nm
2026-08-18 02:15:48,627 - corrector.core.run - INFO - Random-walk step 2149/7000: motor target x=285383nm y=-402656nm
2026-08-18 02:15:54,212 - corrector.core.run - INFO - Random-walk step 2150/7000: motor target x=288616nm y=-399457nm
2026-08-18 02:15:59,886 - corrector.core.run - INFO - Random-walk step 2151/7000: motor target x=288333nm y=-399120nm
2026-08-18 02:16:05,702 - corrector.core.run - INFO - Random-walk step 2152/7000: motor target x=288202nm y=-398711nm
2026-08-18 02:16:11,543 - corrector.core.run - INFO - Random-walk step 2153/7000: motor target x=287534nm y=-398281nm
2026-08-18 02:16:17,193 - corrector.core.run - INFO - Random-walk step 2154/7000: motor target x=287962nm y=-396725nm
2026-08-18 02:16:23,060 - corrector.core.run - INFO - Random-walk step 2155/7000: motor target x=287210nm y=-397139nm
2026-08-18 02:16:28,929 - corrector.core.run - INFO - Random-walk step 2156/7000: motor target x=287307nm y=-397496nm
2026-08-18 02:16:34,481 - corrector.core.run - INFO - Random-walk step 2157/7000: motor target x=287181nm y=-397605nm
2026-08-18 02:16:40,691 - corrector.core.run - INFO - Random-walk step 2158/7000: motor target x=288522nm y=-400382nm
2026-08-18 02:16:46,735 - corrector.core.run - INFO - Random-walk step 2159/7000: motor target x=286628nm y=-403310nm
2026-08-18 02:16:52,449 - corrector.core.run - INFO - Random-walk step 2160/7000: motor target x=283051nm y=-399870nm
2026-08-18 02:16:58,158 - corrector.core.run - INFO - Random-walk step 2161/7000: motor target x=279151nm y=-405049nm
2026-08-18 02:17:05,030 - corrector.core.run - INFO - Random-walk step 2162/7000: motor target x=279115nm y=-405737nm
2026-08-18 02:17:10,946 - corrector.core.run - INFO - Random-walk step 2163/7000: motor target x=282419nm y=-408286nm
2026-08-18 02:17:16,839 - corrector.core.run - INFO - Random-walk step 2164/7000: motor target x=281690nm y=-410067nm
2026-08-18 02:17:22,643 - corrector.core.run - INFO - Random-walk step 2165/7000: motor target x=282076nm y=-409097nm
2026-08-18 02:17:28,247 - corrector.core.run - INFO - Random-walk step 2166/7000: motor target x=281477nm y=-413125nm
2026-08-18 02:17:37,015 - corrector.core.run - INFO - Random-walk step 2167/7000: motor target x=282119nm y=-410893nm
2026-08-18 02:17:44,164 - corrector.core.run - INFO - Random-walk step 2168/7000: motor target x=281718nm y=-410772nm
2026-08-18 02:17:49,947 - corrector.core.run - INFO - Random-walk step 2169/7000: motor target x=281903nm y=-410179nm
2026-08-18 02:17:55,450 - corrector.core.run - INFO - Random-walk step 2170/7000: motor target x=281839nm y=-410145nm
2026-08-18 02:18:02,746 - corrector.core.run - INFO - Random-walk step 2171/7000: motor target x=281750nm y=-410032nm
2026-08-18 02:18:08,590 - corrector.core.run - INFO - Random-walk step 2172/7000: motor target x=279710nm y=-413169nm
2026-08-18 02:18:14,253 - corrector.core.run - INFO - Random-walk step 2173/7000: motor target x=279866nm y=-412996nm
2026-08-18 02:18:20,121 - corrector.core.run - INFO - Random-walk step 2174/7000: motor target x=280371nm y=-413124nm
2026-08-18 02:18:25,779 - corrector.core.run - INFO - Random-walk step 2175/7000: motor target x=277636nm y=-412941nm
2026-08-18 02:18:33,100 - corrector.core.run - INFO - Random-walk step 2176/7000: motor target x=277085nm y=-412837nm
2026-08-18 02:18:38,882 - corrector.core.run - INFO - Random-walk step 2177/7000: motor target x=277198nm y=-413607nm
2026-08-18 02:18:44,445 - corrector.core.run - INFO - Random-walk step 2178/7000: motor target x=280079nm y=-411616nm
2026-08-18 02:18:50,124 - corrector.core.run - INFO - Random-walk step 2179/7000: motor target x=280295nm y=-411294nm
2026-08-18 02:18:55,925 - corrector.core.run - INFO - Random-walk step 2180/7000: motor target x=279904nm y=-411810nm
2026-08-18 02:19:02,001 - corrector.core.run - INFO - Random-walk step 2181/7000: motor target x=279509nm y=-413094nm
2026-08-18 02:19:07,273 - corrector.core.run - INFO - Random-walk step 2182/7000: motor target x=279332nm y=-413116nm
2026-08-18 02:19:13,067 - corrector.core.run - INFO - Random-walk step 2183/7000: motor target x=275672nm y=-404801nm
2026-08-18 02:19:18,776 - corrector.core.run - INFO - Random-walk step 2184/7000: motor target x=272933nm y=-407317nm
2026-08-18 02:19:24,703 - corrector.core.run - INFO - Random-walk step 2185/7000: motor target x=272540nm y=-407808nm
2026-08-18 02:19:30,407 - corrector.core.run - INFO - Random-walk step 2186/7000: motor target x=276820nm y=-407311nm
2026-08-18 02:19:35,964 - corrector.core.run - INFO - Random-walk step 2187/7000: motor target x=274982nm y=-411234nm
2026-08-18 02:19:41,786 - corrector.core.run - INFO - Random-walk step 2188/7000: motor target x=274598nm y=-408814nm
2026-08-18 02:19:47,404 - corrector.core.run - INFO - Random-walk step 2189/7000: motor target x=276714nm y=-406217nm
2026-08-18 02:19:53,585 - corrector.core.run - INFO - Random-walk step 2190/7000: motor target x=278116nm y=-405279nm
2026-08-18 02:19:59,208 - corrector.core.run - INFO - Random-walk step 2191/7000: motor target x=279169nm y=-405619nm
2026-08-18 02:20:04,617 - corrector.core.run - INFO - Random-walk step 2192/7000: motor target x=278761nm y=-405615nm
2026-08-18 02:20:10,602 - corrector.core.run - INFO - Random-walk step 2193/7000: motor target x=279686nm y=-407325nm
2026-08-18 02:20:16,354 - corrector.core.run - INFO - Random-walk step 2194/7000: motor target x=280723nm y=-407471nm
2026-08-18 02:20:22,110 - corrector.core.run - INFO - Random-walk step 2195/7000: motor target x=279586nm y=-407301nm
2026-08-18 02:20:27,500 - corrector.core.run - INFO - Random-walk step 2196/7000: motor target x=279319nm y=-407058nm
2026-08-18 02:20:33,235 - corrector.core.run - INFO - Random-walk step 2197/7000: motor target x=278943nm y=-407156nm
2026-08-18 02:20:39,070 - corrector.core.run - INFO - Random-walk step 2198/7000: motor target x=279511nm y=-406560nm
2026-08-18 02:20:44,990 - corrector.core.run - INFO - Random-walk step 2199/7000: motor target x=282364nm y=-405841nm
2026-08-18 02:20:50,670 - corrector.core.run - INFO - Random-walk step 2200/7000: motor target x=283031nm y=-406239nm
2026-08-18 02:20:56,518 - corrector.core.run - INFO - Random-walk step 2201/7000: motor target x=282798nm y=-407473nm
2026-08-18 02:21:01,881 - corrector.core.run - INFO - Random-walk step 2202/7000: motor target x=280918nm y=-403872nm
2026-08-18 02:21:07,828 - corrector.core.run - INFO - Random-walk step 2203/7000: motor target x=280141nm y=-405607nm
2026-08-18 02:21:13,294 - corrector.core.run - INFO - Random-walk step 2204/7000: motor target x=280257nm y=-405522nm
2026-08-18 02:21:18,977 - corrector.core.run - INFO - Random-walk step 2205/7000: motor target x=280191nm y=-405535nm
2026-08-18 02:21:24,869 - corrector.core.run - INFO - Random-walk step 2206/7000: motor target x=281742nm y=-407298nm
2026-08-18 02:21:30,704 - corrector.core.run - INFO - Random-walk step 2207/7000: motor target x=282349nm y=-407130nm
2026-08-18 02:21:36,185 - corrector.core.run - INFO - Random-walk step 2208/7000: motor target x=282273nm y=-407200nm
2026-08-18 02:21:42,277 - corrector.core.run - INFO - Random-walk step 2209/7000: motor target x=283228nm y=-407429nm
2026-08-18 02:21:47,691 - corrector.core.run - INFO - Random-walk step 2210/7000: motor target x=282967nm y=-407314nm
2026-08-18 02:21:53,619 - corrector.core.run - INFO - Random-walk step 2211/7000: motor target x=283392nm y=-406654nm
2026-08-18 02:21:59,228 - corrector.core.run - INFO - Random-walk step 2212/7000: motor target x=281249nm y=-403373nm
2026-08-18 02:22:05,221 - corrector.core.run - INFO - Random-walk step 2213/7000: motor target x=282246nm y=-406575nm
2026-08-18 02:22:10,880 - corrector.core.run - INFO - Random-walk step 2214/7000: motor target x=283048nm y=-406048nm
2026-08-18 02:22:16,883 - corrector.core.run - INFO - Random-walk step 2215/7000: motor target x=281570nm y=-405102nm
2026-08-18 02:22:21,979 - corrector.core.run - INFO - Random-walk step 2216/7000: motor target x=281621nm y=-405044nm
2026-08-18 02:22:27,795 - corrector.core.run - INFO - Random-walk step 2217/7000: motor target x=279375nm y=-407091nm
2026-08-18 02:22:33,994 - corrector.core.run - INFO - Random-walk step 2218/7000: motor target x=279664nm y=-408496nm
2026-08-18 02:22:39,628 - corrector.core.run - INFO - Random-walk step 2219/7000: motor target x=280809nm y=-408142nm
2026-08-18 02:22:44,910 - corrector.core.run - INFO - Random-walk step 2220/7000: motor target x=280962nm y=-408066nm
2026-08-18 02:22:50,991 - corrector.core.run - INFO - Random-walk step 2221/7000: motor target x=280310nm y=-408988nm
2026-08-18 02:22:56,828 - corrector.core.run - INFO - Random-walk step 2222/7000: motor target x=281242nm y=-410155nm
2026-08-18 02:23:02,232 - corrector.core.run - INFO - Random-walk step 2223/7000: motor target x=280811nm y=-408356nm
2026-08-18 02:23:08,162 - corrector.core.run - INFO - Random-walk step 2224/7000: motor target x=279941nm y=-408008nm
2026-08-18 02:23:13,570 - corrector.core.run - INFO - Random-walk step 2225/7000: motor target x=279750nm y=-408028nm
2026-08-18 02:23:19,343 - corrector.core.run - INFO - Random-walk step 2226/7000: motor target x=275250nm y=-408294nm
2026-08-18 02:23:25,230 - corrector.core.run - INFO - Random-walk step 2227/7000: motor target x=275406nm y=-408869nm
2026-08-18 02:23:31,122 - corrector.core.run - INFO - Random-walk step 2228/7000: motor target x=275214nm y=-407937nm
2026-08-18 02:23:36,744 - corrector.core.run - INFO - Random-walk step 2229/7000: motor target x=275488nm y=-407345nm
2026-08-18 02:23:42,357 - corrector.core.run - INFO - Random-walk step 2230/7000: motor target x=277487nm y=-411142nm
2026-08-18 02:23:48,019 - corrector.core.run - INFO - Random-walk step 2231/7000: motor target x=277197nm y=-411084nm
2026-08-18 02:23:53,828 - corrector.core.run - INFO - Random-walk step 2232/7000: motor target x=282723nm y=-412696nm
2026-08-18 02:23:59,619 - corrector.core.run - INFO - Random-walk step 2233/7000: motor target x=282188nm y=-404130nm
2026-08-18 02:24:05,203 - corrector.core.run - INFO - Random-walk step 2234/7000: motor target x=282447nm y=-404451nm
2026-08-18 02:24:11,113 - corrector.core.run - INFO - Random-walk step 2235/7000: motor target x=281832nm y=-404791nm
2026-08-18 02:24:16,661 - corrector.core.run - INFO - Random-walk step 2236/7000: motor target x=282062nm y=-404470nm
2026-08-18 02:24:22,490 - corrector.core.run - INFO - Random-walk step 2237/7000: motor target x=281903nm y=-405038nm
2026-08-18 02:24:27,983 - corrector.core.run - INFO - Random-walk step 2238/7000: motor target x=281937nm y=-405077nm
2026-08-18 02:24:34,316 - corrector.core.run - INFO - Random-walk step 2239/7000: motor target x=283453nm y=-404347nm
2026-08-18 02:24:39,589 - corrector.core.run - INFO - Random-walk step 2240/7000: motor target x=285516nm y=-403965nm
2026-08-18 02:24:45,586 - corrector.core.run - INFO - Random-walk step 2241/7000: motor target x=284617nm y=-403364nm
2026-08-18 02:24:51,084 - corrector.core.run - INFO - Random-walk step 2242/7000: motor target x=284622nm y=-403907nm
2026-08-18 02:24:56,837 - corrector.core.run - INFO - Random-walk step 2243/7000: motor target x=285223nm y=-403791nm
2026-08-18 02:25:02,760 - corrector.core.run - INFO - Random-walk step 2244/7000: motor target x=286157nm y=-403327nm
2026-08-18 02:25:08,188 - corrector.core.run - INFO - Random-walk step 2245/7000: motor target x=288516nm y=-400897nm
2026-08-18 02:25:14,424 - corrector.core.run - INFO - Random-walk step 2246/7000: motor target x=288454nm y=-399425nm
2026-08-18 02:25:19,562 - corrector.core.run - INFO - Random-walk step 2247/7000: motor target x=288409nm y=-399350nm
2026-08-18 02:25:25,445 - corrector.core.run - INFO - Random-walk step 2248/7000: motor target x=288637nm y=-399366nm
2026-08-18 02:25:31,570 - corrector.core.run - INFO - Random-walk step 2249/7000: motor target x=289278nm y=-398071nm
2026-08-18 02:25:36,999 - corrector.core.run - INFO - Random-walk step 2250/7000: motor target x=289980nm y=-398197nm
2026-08-18 02:25:42,689 - corrector.core.run - INFO - Random-walk step 2251/7000: motor target x=289554nm y=-397539nm
2026-08-18 02:25:48,285 - corrector.core.run - INFO - Random-walk step 2252/7000: motor target x=289238nm y=-397530nm
2026-08-18 02:25:53,993 - corrector.core.run - INFO - Random-walk step 2253/7000: motor target x=289104nm y=-397371nm
2026-08-18 02:25:59,771 - corrector.core.run - INFO - Random-walk step 2254/7000: motor target x=288750nm y=-397501nm
2026-08-18 02:26:05,673 - corrector.core.run - INFO - Random-walk step 2255/7000: motor target x=289365nm y=-398045nm
2026-08-18 02:26:11,124 - corrector.core.run - INFO - Random-walk step 2256/7000: motor target x=289466nm y=-398083nm
2026-08-18 02:26:17,323 - corrector.core.run - INFO - Random-walk step 2257/7000: motor target x=289598nm y=-397067nm
2026-08-18 02:26:23,127 - corrector.core.run - INFO - Random-walk step 2258/7000: motor target x=288781nm y=-395709nm
2026-08-18 02:26:28,889 - corrector.core.run - INFO - Random-walk step 2259/7000: motor target x=289718nm y=-397125nm
2026-08-18 02:26:34,207 - corrector.core.run - INFO - Random-walk step 2260/7000: motor target x=289233nm y=-396543nm
2026-08-18 02:26:39,895 - corrector.core.run - INFO - Random-walk step 2261/7000: motor target x=289322nm y=-396055nm
2026-08-18 02:26:45,531 - corrector.core.run - INFO - Random-walk step 2262/7000: motor target x=287127nm y=-393235nm
2026-08-18 02:26:51,248 - corrector.core.run - INFO - Random-walk step 2263/7000: motor target x=286931nm y=-393489nm
2026-08-18 02:26:57,008 - corrector.core.run - INFO - Random-walk step 2264/7000: motor target x=287001nm y=-393317nm
2026-08-18 02:27:02,677 - corrector.core.run - INFO - Random-walk step 2265/7000: motor target x=286744nm y=-393423nm
2026-08-18 02:27:08,687 - corrector.core.run - INFO - Random-walk step 2266/7000: motor target x=286811nm y=-394219nm
2026-08-18 02:27:14,206 - corrector.core.run - INFO - Random-walk step 2267/7000: motor target x=286797nm y=-396085nm
2026-08-18 02:27:20,006 - corrector.core.run - INFO - Random-walk step 2268/7000: motor target x=281856nm y=-395661nm
2026-08-18 02:27:26,149 - corrector.core.run - INFO - Random-walk step 2269/7000: motor target x=283035nm y=-394200nm
2026-08-18 02:27:31,557 - corrector.core.run - INFO - Random-walk step 2270/7000: motor target x=282266nm y=-394579nm
2026-08-18 02:27:37,128 - corrector.core.run - INFO - Random-walk step 2271/7000: motor target x=278693nm y=-398034nm
2026-08-18 02:27:43,087 - corrector.core.run - INFO - Random-walk step 2272/7000: motor target x=279657nm y=-394649nm
2026-08-18 02:27:48,462 - corrector.core.run - INFO - Random-walk step 2273/7000: motor target x=279825nm y=-394703nm
2026-08-18 02:27:54,606 - corrector.core.run - INFO - Random-walk step 2274/7000: motor target x=281715nm y=-395841nm
2026-08-18 02:27:59,976 - corrector.core.run - INFO - Random-walk step 2275/7000: motor target x=283942nm y=-398887nm
2026-08-18 02:28:05,610 - corrector.core.run - INFO - Random-walk step 2276/7000: motor target x=283826nm y=-398962nm
2026-08-18 02:28:11,574 - corrector.core.run - INFO - Random-walk step 2277/7000: motor target x=283368nm y=-396737nm
2026-08-18 02:28:17,292 - corrector.core.run - INFO - Random-walk step 2278/7000: motor target x=290744nm y=-398451nm
2026-08-18 02:28:23,081 - corrector.core.run - INFO - Random-walk step 2279/7000: motor target x=290969nm y=-397824nm
2026-08-18 02:28:28,770 - corrector.core.run - INFO - Random-walk step 2280/7000: motor target x=291456nm y=-395160nm
2026-08-18 02:28:34,830 - corrector.core.run - INFO - Random-walk step 2281/7000: motor target x=289956nm y=-397004nm
2026-08-18 02:28:40,052 - corrector.core.run - INFO - Random-walk step 2282/7000: motor target x=293948nm y=-394930nm
2026-08-18 02:28:45,754 - corrector.core.run - INFO - Random-walk step 2283/7000: motor target x=293628nm y=-394691nm
2026-08-18 02:28:51,679 - corrector.core.run - INFO - Random-walk step 2284/7000: motor target x=293078nm y=-396235nm
2026-08-18 02:28:57,207 - corrector.core.run - INFO - Random-walk step 2285/7000: motor target x=292936nm y=-396498nm
2026-08-18 02:29:02,959 - corrector.core.run - INFO - Random-walk step 2286/7000: motor target x=293272nm y=-396140nm
2026-08-18 02:29:08,844 - corrector.core.run - INFO - Random-walk step 2287/7000: motor target x=293614nm y=-396638nm
2026-08-18 02:29:14,391 - corrector.core.run - INFO - Random-walk step 2288/7000: motor target x=293337nm y=-396911nm
2026-08-18 02:29:20,259 - corrector.core.run - INFO - Random-walk step 2289/7000: motor target x=293773nm y=-396612nm
2026-08-18 02:29:25,940 - corrector.core.run - INFO - Random-walk step 2290/7000: motor target x=294206nm y=-396302nm
2026-08-18 02:29:31,857 - corrector.core.run - INFO - Random-walk step 2291/7000: motor target x=293871nm y=-396376nm
2026-08-18 02:29:39,865 - corrector.core.run - INFO - Random-walk step 2292/7000: motor target x=293620nm y=-397270nm
2026-08-18 02:29:46,071 - corrector.core.run - INFO - Random-walk step 2293/7000: motor target x=290961nm y=-394161nm
2026-08-18 02:29:52,041 - corrector.core.run - INFO - Random-walk step 2294/7000: motor target x=291691nm y=-394154nm
2026-08-18 02:29:57,848 - corrector.core.run - INFO - Random-walk step 2295/7000: motor target x=292602nm y=-394622nm
2026-08-18 02:30:04,830 - corrector.core.run - INFO - Random-walk step 2296/7000: motor target x=292107nm y=-394727nm
2026-08-18 02:30:10,484 - corrector.core.run - INFO - Random-walk step 2297/7000: motor target x=291790nm y=-394658nm
2026-08-18 02:30:16,164 - corrector.core.run - INFO - Random-walk step 2298/7000: motor target x=291736nm y=-394729nm
2026-08-18 02:30:22,062 - corrector.core.run - INFO - Random-walk step 2299/7000: motor target x=282646nm y=-397387nm
2026-08-18 02:30:27,699 - corrector.core.run - INFO - Random-walk step 2300/7000: motor target x=289559nm y=-399050nm
2026-08-18 02:30:33,609 - corrector.core.run - INFO - Random-walk step 2301/7000: motor target x=290268nm y=-398851nm
2026-08-18 02:30:39,158 - corrector.core.run - INFO - Random-walk step 2302/7000: motor target x=290642nm y=-398645nm
2026-08-18 02:30:45,200 - corrector.core.run - INFO - Random-walk step 2303/7000: motor target x=291652nm y=-398176nm
2026-08-18 02:30:50,586 - corrector.core.run - INFO - Random-walk step 2304/7000: motor target x=289543nm y=-397905nm
2026-08-18 02:30:56,288 - corrector.core.run - INFO - Random-walk step 2305/7000: motor target x=289714nm y=-397668nm
2026-08-18 02:31:01,969 - corrector.core.run - INFO - Random-walk step 2306/7000: motor target x=289825nm y=-397539nm
2026-08-18 02:31:07,834 - corrector.core.run - INFO - Random-walk step 2307/7000: motor target x=289634nm y=-397302nm
2026-08-18 02:31:13,571 - corrector.core.run - INFO - Random-walk step 2308/7000: motor target x=295324nm y=-390870nm
2026-08-18 02:31:19,231 - corrector.core.run - INFO - Random-walk step 2309/7000: motor target x=295065nm y=-390490nm
2026-08-18 02:31:25,038 - corrector.core.run - INFO - Random-walk step 2310/7000: motor target x=294496nm y=-389975nm
2026-08-18 02:31:30,937 - corrector.core.run - INFO - Random-walk step 2311/7000: motor target x=293686nm y=-390082nm
2026-08-18 02:31:36,681 - corrector.core.run - INFO - Random-walk step 2312/7000: motor target x=292730nm y=-389812nm
2026-08-18 02:31:42,132 - corrector.core.run - INFO - Random-walk step 2313/7000: motor target x=285380nm y=-389728nm
2026-08-18 02:31:48,137 - corrector.core.run - INFO - Random-walk step 2314/7000: motor target x=285348nm y=-388750nm
2026-08-18 02:31:53,679 - corrector.core.run - INFO - Random-walk step 2315/7000: motor target x=285044nm y=-389336nm
2026-08-18 02:31:59,778 - corrector.core.run - INFO - Random-walk step 2316/7000: motor target x=283497nm y=-389273nm
2026-08-18 02:32:05,401 - corrector.core.run - INFO - Random-walk step 2317/7000: motor target x=282301nm y=-390989nm
2026-08-18 02:32:11,119 - corrector.core.run - INFO - Random-walk step 2318/7000: motor target x=282694nm y=-392127nm
2026-08-18 02:32:16,912 - corrector.core.run - INFO - Random-walk step 2319/7000: motor target x=282813nm y=-390812nm
2026-08-18 02:32:22,201 - corrector.core.run - INFO - Random-walk step 2320/7000: motor target x=283180nm y=-391170nm
2026-08-18 02:32:28,014 - corrector.core.run - INFO - Random-walk step 2321/7000: motor target x=283862nm y=-391684nm
2026-08-18 02:32:33,599 - corrector.core.run - INFO - Random-walk step 2322/7000: motor target x=286103nm y=-394262nm
2026-08-18 02:32:39,287 - corrector.core.run - INFO - Random-walk step 2323/7000: motor target x=286170nm y=-394356nm
2026-08-18 02:32:45,191 - corrector.core.run - INFO - Random-walk step 2324/7000: motor target x=286654nm y=-394304nm
2026-08-18 02:32:51,022 - corrector.core.run - INFO - Random-walk step 2325/7000: motor target x=286583nm y=-393430nm
2026-08-18 02:32:56,710 - corrector.core.run - INFO - Random-walk step 2326/7000: motor target x=285834nm y=-395348nm
2026-08-18 02:33:02,113 - corrector.core.run - INFO - Random-walk step 2327/7000: motor target x=285825nm y=-395413nm
2026-08-18 02:33:07,860 - corrector.core.run - INFO - Random-walk step 2328/7000: motor target x=285740nm y=-395470nm
2026-08-18 02:33:13,593 - corrector.core.run - INFO - Random-walk step 2329/7000: motor target x=285779nm y=-395392nm
2026-08-18 02:33:19,480 - corrector.core.run - INFO - Random-walk step 2330/7000: motor target x=281429nm y=-397626nm
2026-08-18 02:33:25,327 - corrector.core.run - INFO - Random-walk step 2331/7000: motor target x=281478nm y=-396989nm
2026-08-18 02:33:30,943 - corrector.core.run - INFO - Random-walk step 2332/7000: motor target x=281214nm y=-396815nm
2026-08-18 02:33:36,509 - corrector.core.run - INFO - Random-walk step 2333/7000: motor target x=281072nm y=-396808nm
2026-08-18 02:33:42,195 - corrector.core.run - INFO - Random-walk step 2334/7000: motor target x=281050nm y=-396742nm
2026-08-18 02:33:47,976 - corrector.core.run - INFO - Random-walk step 2335/7000: motor target x=281068nm y=-396581nm
2026-08-18 02:33:53,849 - corrector.core.run - INFO - Random-walk step 2336/7000: motor target x=274486nm y=-404046nm
2026-08-18 02:33:59,471 - corrector.core.run - INFO - Random-walk step 2337/7000: motor target x=274764nm y=-403875nm
2026-08-18 02:34:05,334 - corrector.core.run - INFO - Random-walk step 2338/7000: motor target x=274982nm y=-404314nm
2026-08-18 02:34:11,092 - corrector.core.run - INFO - Random-walk step 2339/7000: motor target x=275503nm y=-406393nm
2026-08-18 02:34:16,618 - corrector.core.run - INFO - Random-walk step 2340/7000: motor target x=275681nm y=-406308nm
2026-08-18 02:34:22,369 - corrector.core.run - INFO - Random-walk step 2341/7000: motor target x=275662nm y=-406550nm
2026-08-18 02:34:28,571 - corrector.core.run - INFO - Random-walk step 2342/7000: motor target x=280392nm y=-407877nm
2026-08-18 02:34:34,001 - corrector.core.run - INFO - Random-walk step 2343/7000: motor target x=280024nm y=-407418nm
2026-08-18 02:34:39,591 - corrector.core.run - INFO - Random-walk step 2344/7000: motor target x=279638nm y=-407349nm
2026-08-18 02:34:45,771 - corrector.core.run - INFO - Random-walk step 2345/7000: motor target x=281449nm y=-408857nm
2026-08-18 02:34:51,041 - corrector.core.run - INFO - Random-walk step 2346/7000: motor target x=281494nm y=-409217nm
2026-08-18 02:34:56,724 - corrector.core.run - INFO - Random-walk step 2347/7000: motor target x=283548nm y=-414470nm
2026-08-18 02:35:02,588 - corrector.core.run - INFO - Random-walk step 2348/7000: motor target x=284015nm y=-414587nm
2026-08-18 02:35:08,251 - corrector.core.run - INFO - Random-walk step 2349/7000: motor target x=283767nm y=-416307nm
2026-08-18 02:35:13,925 - corrector.core.run - INFO - Random-walk step 2350/7000: motor target x=280945nm y=-414705nm
2026-08-18 02:35:19,803 - corrector.core.run - INFO - Random-walk step 2351/7000: motor target x=278996nm y=-414207nm
2026-08-18 02:35:25,644 - corrector.core.run - INFO - Random-walk step 2352/7000: motor target x=278218nm y=-414732nm
2026-08-18 02:35:31,192 - corrector.core.run - INFO - Random-walk step 2353/7000: motor target x=278508nm y=-415326nm
2026-08-18 02:35:36,842 - corrector.core.run - INFO - Random-walk step 2354/7000: motor target x=281033nm y=-412105nm
2026-08-18 02:35:42,705 - corrector.core.run - INFO - Random-walk step 2355/7000: motor target x=280527nm y=-411545nm
2026-08-18 02:35:48,258 - corrector.core.run - INFO - Random-walk step 2356/7000: motor target x=280836nm y=-411678nm
2026-08-18 02:35:54,208 - corrector.core.run - INFO - Random-walk step 2357/7000: motor target x=281615nm y=-413911nm
2026-08-18 02:35:59,874 - corrector.core.run - INFO - Random-walk step 2358/7000: motor target x=285601nm y=-419915nm
2026-08-18 02:36:05,468 - corrector.core.run - INFO - Random-walk step 2359/7000: motor target x=288414nm y=-414758nm
2026-08-18 02:36:11,246 - corrector.core.run - INFO - Random-walk step 2360/7000: motor target x=286028nm y=-417605nm
2026-08-18 02:36:17,046 - corrector.core.run - INFO - Random-walk step 2361/7000: motor target x=289345nm y=-418059nm
2026-08-18 02:36:23,032 - corrector.core.run - INFO - Random-walk step 2362/7000: motor target x=289481nm y=-419338nm
2026-08-18 02:36:28,358 - corrector.core.run - INFO - Random-walk step 2363/7000: motor target x=291547nm y=-419095nm
2026-08-18 02:36:34,026 - corrector.core.run - INFO - Random-walk step 2364/7000: motor target x=291792nm y=-419104nm
2026-08-18 02:36:40,341 - corrector.core.run - INFO - Random-walk step 2365/7000: motor target x=290552nm y=-418457nm
2026-08-18 02:36:45,957 - corrector.core.run - INFO - Random-walk step 2366/7000: motor target x=289227nm y=-421010nm
2026-08-18 02:36:51,483 - corrector.core.run - INFO - Random-walk step 2367/7000: motor target x=289948nm y=-421463nm
2026-08-18 02:36:57,041 - corrector.core.run - INFO - Random-walk step 2368/7000: motor target x=289584nm y=-421823nm
2026-08-18 02:37:02,998 - corrector.core.run - INFO - Random-walk step 2369/7000: motor target x=289948nm y=-421001nm
2026-08-18 02:37:08,397 - corrector.core.run - INFO - Random-walk step 2370/7000: motor target x=290057nm y=-421132nm
2026-08-18 02:37:14,273 - corrector.core.run - INFO - Random-walk step 2371/7000: motor target x=292253nm y=-418903nm
2026-08-18 02:37:20,199 - corrector.core.run - INFO - Random-walk step 2372/7000: motor target x=292984nm y=-420584nm
2026-08-18 02:37:25,653 - corrector.core.run - INFO - Random-walk step 2373/7000: motor target x=291418nm y=-418437nm
2026-08-18 02:37:31,750 - corrector.core.run - INFO - Random-walk step 2374/7000: motor target x=290308nm y=-416274nm
2026-08-18 02:37:37,068 - corrector.core.run - INFO - Random-walk step 2375/7000: motor target x=290487nm y=-416266nm
2026-08-18 02:37:42,744 - corrector.core.run - INFO - Random-walk step 2376/7000: motor target x=290361nm y=-416304nm
2026-08-18 02:37:48,644 - corrector.core.run - INFO - Random-walk step 2377/7000: motor target x=290489nm y=-415983nm
2026-08-18 02:37:54,606 - corrector.core.run - INFO - Random-walk step 2378/7000: motor target x=289382nm y=-415879nm
2026-08-18 02:38:00,096 - corrector.core.run - INFO - Random-walk step 2379/7000: motor target x=285553nm y=-414154nm
2026-08-18 02:38:06,134 - corrector.core.run - INFO - Random-walk step 2380/7000: motor target x=286654nm y=-413814nm
2026-08-18 02:38:11,510 - corrector.core.run - INFO - Random-walk step 2381/7000: motor target x=284966nm y=-414150nm
2026-08-18 02:38:17,157 - corrector.core.run - INFO - Random-walk step 2382/7000: motor target x=285168nm y=-414139nm
2026-08-18 02:38:23,334 - corrector.core.run - INFO - Random-walk step 2383/7000: motor target x=289040nm y=-412934nm
2026-08-18 02:38:28,706 - corrector.core.run - INFO - Random-walk step 2384/7000: motor target x=287221nm y=-412963nm
2026-08-18 02:38:34,287 - corrector.core.run - INFO - Random-walk step 2385/7000: motor target x=287156nm y=-412907nm
2026-08-18 02:38:40,051 - corrector.core.run - INFO - Random-walk step 2386/7000: motor target x=287239nm y=-412858nm
2026-08-18 02:38:46,046 - corrector.core.run - INFO - Random-walk step 2387/7000: motor target x=287825nm y=-415232nm
2026-08-18 02:38:51,627 - corrector.core.run - INFO - Random-walk step 2388/7000: motor target x=287914nm y=-415518nm
2026-08-18 02:38:57,423 - corrector.core.run - INFO - Random-walk step 2389/7000: motor target x=288051nm y=-415039nm
2026-08-18 02:39:03,126 - corrector.core.run - INFO - Random-walk step 2390/7000: motor target x=287685nm y=-414808nm
2026-08-18 02:39:08,861 - corrector.core.run - INFO - Random-walk step 2391/7000: motor target x=287305nm y=-414664nm
2026-08-18 02:39:14,837 - corrector.core.run - INFO - Random-walk step 2392/7000: motor target x=288443nm y=-412649nm
2026-08-18 02:39:20,612 - corrector.core.run - INFO - Random-walk step 2393/7000: motor target x=292877nm y=-413918nm
2026-08-18 02:39:25,923 - corrector.core.run - INFO - Random-walk step 2394/7000: motor target x=292844nm y=-413610nm
2026-08-18 02:39:32,046 - corrector.core.run - INFO - Random-walk step 2395/7000: motor target x=294060nm y=-413112nm
2026-08-18 02:39:37,622 - corrector.core.run - INFO - Random-walk step 2396/7000: motor target x=294830nm y=-413295nm
2026-08-18 02:39:43,361 - corrector.core.run - INFO - Random-walk step 2397/7000: motor target x=295528nm y=-414096nm
2026-08-18 02:39:49,245 - corrector.core.run - INFO - Random-walk step 2398/7000: motor target x=296718nm y=-412028nm
2026-08-18 02:39:54,695 - corrector.core.run - INFO - Random-walk step 2399/7000: motor target x=297154nm y=-412617nm
2026-08-18 02:40:00,419 - corrector.core.run - INFO - Random-walk step 2400/7000: motor target x=296566nm y=-412827nm
2026-08-18 02:40:06,156 - corrector.core.run - INFO - Random-walk step 2401/7000: motor target x=295983nm y=-412298nm
2026-08-18 02:40:11,701 - corrector.core.run - INFO - Random-walk step 2402/7000: motor target x=295761nm y=-412111nm
2026-08-18 02:40:17,657 - corrector.core.run - INFO - Random-walk step 2403/7000: motor target x=296365nm y=-412655nm
2026-08-18 02:40:23,558 - corrector.core.run - INFO - Random-walk step 2404/7000: motor target x=296566nm y=-411537nm
2026-08-18 02:40:29,109 - corrector.core.run - INFO - Random-walk step 2405/7000: motor target x=296887nm y=-412345nm
2026-08-18 02:40:34,805 - corrector.core.run - INFO - Random-walk step 2406/7000: motor target x=296178nm y=-410036nm
2026-08-18 02:40:40,633 - corrector.core.run - INFO - Random-walk step 2407/7000: motor target x=295412nm y=-411809nm
2026-08-18 02:40:46,115 - corrector.core.run - INFO - Random-walk step 2408/7000: motor target x=295195nm y=-412093nm
2026-08-18 02:40:52,212 - corrector.core.run - INFO - Random-walk step 2409/7000: motor target x=296346nm y=-411397nm
2026-08-18 02:40:57,830 - corrector.core.run - INFO - Random-walk step 2410/7000: motor target x=295418nm y=-411103nm
2026-08-18 02:41:03,268 - corrector.core.run - INFO - Random-walk step 2411/7000: motor target x=295569nm y=-409365nm
2026-08-18 02:41:09,386 - corrector.core.run - INFO - Random-walk step 2412/7000: motor target x=294301nm y=-409047nm
2026-08-18 02:41:15,013 - corrector.core.run - INFO - Random-walk step 2413/7000: motor target x=295887nm y=-408197nm
2026-08-18 02:41:20,832 - corrector.core.run - INFO - Random-walk step 2414/7000: motor target x=294690nm y=-403842nm
2026-08-18 02:41:26,411 - corrector.core.run - INFO - Random-walk step 2415/7000: motor target x=295479nm y=-403934nm
2026-08-18 02:41:31,797 - corrector.core.run - INFO - Random-walk step 2416/7000: motor target x=295535nm y=-403938nm
2026-08-18 02:41:38,157 - corrector.core.run - INFO - Random-walk step 2417/7000: motor target x=296505nm y=-405335nm
2026-08-18 02:41:43,837 - corrector.core.run - INFO - Random-walk step 2418/7000: motor target x=297890nm y=-405046nm
2026-08-18 02:41:49,102 - corrector.core.run - INFO - Random-walk step 2419/7000: motor target x=298119nm y=-404754nm
2026-08-18 02:41:55,082 - corrector.core.run - INFO - Random-walk step 2420/7000: motor target x=298609nm y=-405522nm
2026-08-18 02:42:00,413 - corrector.core.run - INFO - Random-walk step 2421/7000: motor target x=298592nm y=-405452nm
2026-08-18 02:42:06,649 - corrector.core.run - INFO - Random-walk step 2422/7000: motor target x=300644nm y=-404316nm
2026-08-18 02:42:12,373 - corrector.core.run - INFO - Random-walk step 2423/7000: motor target x=299587nm y=-400874nm
2026-08-18 02:42:18,055 - corrector.core.run - INFO - Random-walk step 2424/7000: motor target x=299507nm y=-401854nm
2026-08-18 02:42:23,487 - corrector.core.run - INFO - Random-walk step 2425/7000: motor target x=293988nm y=-406665nm
2026-08-18 02:42:29,077 - corrector.core.run - INFO - Random-walk step 2426/7000: motor target x=293963nm y=-406592nm
2026-08-18 02:42:35,144 - corrector.core.run - INFO - Random-walk step 2427/7000: motor target x=294464nm y=-405992nm
2026-08-18 02:42:41,124 - corrector.core.run - INFO - Random-walk step 2428/7000: motor target x=295829nm y=-402878nm
2026-08-18 02:42:46,874 - corrector.core.run - INFO - Random-walk step 2429/7000: motor target x=294327nm y=-402413nm
2026-08-18 02:42:52,287 - corrector.core.run - INFO - Random-walk step 2430/7000: motor target x=293831nm y=-407297nm
2026-08-18 02:42:58,276 - corrector.core.run - INFO - Random-walk step 2431/7000: motor target x=288049nm y=-405970nm
2026-08-18 02:43:03,936 - corrector.core.run - INFO - Random-walk step 2432/7000: motor target x=290029nm y=-404872nm
2026-08-18 02:43:09,314 - corrector.core.run - INFO - Random-walk step 2433/7000: motor target x=285950nm y=-401893nm
2026-08-18 02:43:14,973 - corrector.core.run - INFO - Random-walk step 2434/7000: motor target x=285808nm y=-402076nm
2026-08-18 02:43:20,675 - corrector.core.run - INFO - Random-walk step 2435/7000: motor target x=285708nm y=-402256nm
2026-08-18 02:43:26,558 - corrector.core.run - INFO - Random-walk step 2436/7000: motor target x=288127nm y=-404955nm
2026-08-18 02:43:32,322 - corrector.core.run - INFO - Random-walk step 2437/7000: motor target x=285707nm y=-404724nm
2026-08-18 02:43:37,858 - corrector.core.run - INFO - Random-walk step 2438/7000: motor target x=285535nm y=-404909nm
2026-08-18 02:43:43,724 - corrector.core.run - INFO - Random-walk step 2439/7000: motor target x=287428nm y=-404709nm
2026-08-18 02:43:49,648 - corrector.core.run - INFO - Random-walk step 2440/7000: motor target x=287398nm y=-405573nm
2026-08-18 02:43:55,283 - corrector.core.run - INFO - Random-walk step 2441/7000: motor target x=286890nm y=-405646nm
2026-08-18 02:44:00,756 - corrector.core.run - INFO - Random-walk step 2442/7000: motor target x=287087nm y=-405627nm
2026-08-18 02:44:06,862 - corrector.core.run - INFO - Random-walk step 2443/7000: motor target x=288052nm y=-405493nm
2026-08-18 02:44:12,681 - corrector.core.run - INFO - Random-walk step 2444/7000: motor target x=289133nm y=-405089nm
2026-08-18 02:44:18,228 - corrector.core.run - INFO - Random-walk step 2445/7000: motor target x=289824nm y=-404846nm
2026-08-18 02:44:23,894 - corrector.core.run - INFO - Random-walk step 2446/7000: motor target x=289131nm y=-404766nm
2026-08-18 02:44:29,545 - corrector.core.run - INFO - Random-walk step 2447/7000: motor target x=291018nm y=-405224nm
2026-08-18 02:44:35,081 - corrector.core.run - INFO - Random-walk step 2448/7000: motor target x=291037nm y=-405166nm
2026-08-18 02:44:40,855 - corrector.core.run - INFO - Random-walk step 2449/7000: motor target x=291022nm y=-405239nm
2026-08-18 02:44:46,896 - corrector.core.run - INFO - Random-walk step 2450/7000: motor target x=291750nm y=-400114nm
2026-08-18 02:44:52,296 - corrector.core.run - INFO - Random-walk step 2451/7000: motor target x=291823nm y=-400142nm
2026-08-18 02:44:58,435 - corrector.core.run - INFO - Random-walk step 2452/7000: motor target x=290814nm y=-398435nm
2026-08-18 02:45:04,068 - corrector.core.run - INFO - Random-walk step 2453/7000: motor target x=290115nm y=-399028nm
2026-08-18 02:45:09,565 - corrector.core.run - INFO - Random-walk step 2454/7000: motor target x=292832nm y=-398943nm
2026-08-18 02:45:15,453 - corrector.core.run - INFO - Random-walk step 2455/7000: motor target x=292286nm y=-398508nm
2026-08-18 02:45:21,233 - corrector.core.run - INFO - Random-walk step 2456/7000: motor target x=292189nm y=-399235nm
2026-08-18 02:45:26,749 - corrector.core.run - INFO - Random-walk step 2457/7000: motor target x=292581nm y=-399045nm
2026-08-18 02:45:33,010 - corrector.core.run - INFO - Random-walk step 2458/7000: motor target x=294239nm y=-400539nm
2026-08-18 02:45:38,429 - corrector.core.run - INFO - Random-walk step 2459/7000: motor target x=289095nm y=-401252nm
2026-08-18 02:45:43,907 - corrector.core.run - INFO - Random-walk step 2460/7000: motor target x=288841nm y=-401016nm
2026-08-18 02:45:49,614 - corrector.core.run - INFO - Random-walk step 2461/7000: motor target x=287065nm y=-401240nm
2026-08-18 02:45:55,535 - corrector.core.run - INFO - Random-walk step 2462/7000: motor target x=287619nm y=-401520nm
2026-08-18 02:46:01,327 - corrector.core.run - INFO - Random-walk step 2463/7000: motor target x=287361nm y=-400765nm
2026-08-18 02:46:07,100 - corrector.core.run - INFO - Random-walk step 2464/7000: motor target x=287004nm y=-401669nm
2026-08-18 02:46:12,456 - corrector.core.run - INFO - Random-walk step 2465/7000: motor target x=286884nm y=-401754nm
2026-08-18 02:46:18,424 - corrector.core.run - INFO - Random-walk step 2466/7000: motor target x=286914nm y=-402333nm
2026-08-18 02:46:23,974 - corrector.core.run - INFO - Random-walk step 2467/7000: motor target x=287101nm y=-399982nm
2026-08-18 02:46:29,808 - corrector.core.run - INFO - Random-walk step 2468/7000: motor target x=282934nm y=-401740nm
2026-08-18 02:46:35,390 - corrector.core.run - INFO - Random-walk step 2469/7000: motor target x=282966nm y=-401607nm
2026-08-18 02:46:41,196 - corrector.core.run - INFO - Random-walk step 2470/7000: motor target x=283287nm y=-401732nm
2026-08-18 02:46:46,978 - corrector.core.run - INFO - Random-walk step 2471/7000: motor target x=287616nm y=-393237nm
2026-08-18 02:46:52,896 - corrector.core.run - INFO - Random-walk step 2472/7000: motor target x=286772nm y=-388485nm
2026-08-18 02:46:58,430 - corrector.core.run - INFO - Random-walk step 2473/7000: motor target x=284592nm y=-394534nm
2026-08-18 02:47:04,079 - corrector.core.run - INFO - Random-walk step 2474/7000: motor target x=286470nm y=-390137nm
2026-08-18 02:47:09,754 - corrector.core.run - INFO - Random-walk step 2475/7000: motor target x=286392nm y=-390276nm
2026-08-18 02:47:15,716 - corrector.core.run - INFO - Random-walk step 2476/7000: motor target x=285784nm y=-390005nm
2026-08-18 02:47:21,139 - corrector.core.run - INFO - Random-walk step 2477/7000: motor target x=285735nm y=-390047nm
2026-08-18 02:47:27,267 - corrector.core.run - INFO - Random-walk step 2478/7000: motor target x=285247nm y=-390839nm
2026-08-18 02:47:33,048 - corrector.core.run - INFO - Random-walk step 2479/7000: motor target x=287202nm y=-389843nm
2026-08-18 02:47:38,947 - corrector.core.run - INFO - Random-walk step 2480/7000: motor target x=285190nm y=-388409nm
2026-08-18 02:47:44,391 - corrector.core.run - INFO - Random-walk step 2481/7000: motor target x=284711nm y=-389047nm
2026-08-18 02:47:50,051 - corrector.core.run - INFO - Random-walk step 2482/7000: motor target x=285387nm y=-388880nm
2026-08-18 02:47:55,521 - corrector.core.run - INFO - Random-walk step 2483/7000: motor target x=285341nm y=-388950nm
2026-08-18 02:48:03,186 - corrector.core.run - INFO - Random-walk step 2484/7000: motor target x=285824nm y=-387955nm
2026-08-18 02:48:08,605 - corrector.core.run - INFO - Random-walk step 2485/7000: motor target x=288046nm y=-387698nm
2026-08-18 02:48:14,456 - corrector.core.run - INFO - Random-walk step 2486/7000: motor target x=288221nm y=-388159nm
2026-08-18 02:48:21,857 - corrector.core.run - INFO - Random-walk step 2487/7000: motor target x=288717nm y=-387286nm
2026-08-18 02:48:29,016 - corrector.core.run - INFO - Random-walk step 2488/7000: motor target x=291556nm y=-387883nm
2026-08-18 02:48:34,833 - corrector.core.run - INFO - Random-walk step 2489/7000: motor target x=291959nm y=-386985nm
2026-08-18 02:48:40,298 - corrector.core.run - INFO - Random-walk step 2490/7000: motor target x=291856nm y=-386706nm
2026-08-18 02:48:45,942 - corrector.core.run - INFO - Random-walk step 2491/7000: motor target x=291995nm y=-386740nm
2026-08-18 02:48:51,810 - corrector.core.run - INFO - Random-walk step 2492/7000: motor target x=287317nm y=-394412nm
2026-08-18 02:48:57,399 - corrector.core.run - INFO - Random-walk step 2493/7000: motor target x=287096nm y=-394192nm
2026-08-18 02:49:03,478 - corrector.core.run - INFO - Random-walk step 2494/7000: motor target x=287969nm y=-395753nm
2026-08-18 02:49:08,868 - corrector.core.run - INFO - Random-walk step 2495/7000: motor target x=287844nm y=-395894nm
2026-08-18 02:49:15,370 - corrector.core.run - INFO - Random-walk step 2496/7000: motor target x=288204nm y=-395518nm
2026-08-18 02:49:20,412 - corrector.core.run - INFO - Random-walk step 2497/7000: motor target x=288543nm y=-399586nm
2026-08-18 02:49:26,397 - corrector.core.run - INFO - Random-walk step 2498/7000: motor target x=287612nm y=-402203nm
2026-08-18 02:49:31,929 - corrector.core.run - INFO - Random-walk step 2499/7000: motor target x=284974nm y=-402573nm
2026-08-18 02:49:38,262 - corrector.core.run - INFO - Random-walk step 2500/7000: motor target x=285174nm y=-402476nm
2026-08-18 02:49:43,490 - corrector.core.run - INFO - Random-walk step 2501/7000: motor target x=284678nm y=-403218nm
2026-08-18 02:49:49,303 - corrector.core.run - INFO - Random-walk step 2502/7000: motor target x=285564nm y=-403970nm
2026-08-18 02:49:54,735 - corrector.core.run - INFO - Random-walk step 2503/7000: motor target x=287220nm y=-403917nm
2026-08-18 02:50:00,501 - corrector.core.run - INFO - Random-walk step 2504/7000: motor target x=287338nm y=-404087nm
2026-08-18 02:50:06,139 - corrector.core.run - INFO - Random-walk step 2505/7000: motor target x=287531nm y=-403890nm
2026-08-18 02:50:12,075 - corrector.core.run - INFO - Random-walk step 2506/7000: motor target x=287689nm y=-403315nm
2026-08-18 02:50:17,590 - corrector.core.run - INFO - Random-walk step 2507/7000: motor target x=287443nm y=-403363nm
2026-08-18 02:50:23,314 - corrector.core.run - INFO - Random-walk step 2508/7000: motor target x=287607nm y=-403544nm
2026-08-18 02:50:29,034 - corrector.core.run - INFO - Random-walk step 2509/7000: motor target x=287395nm y=-403364nm
2026-08-18 02:50:34,901 - corrector.core.run - INFO - Random-walk step 2510/7000: motor target x=289089nm y=-405130nm
2026-08-18 02:50:40,477 - corrector.core.run - INFO - Random-walk step 2511/7000: motor target x=289001nm y=-405072nm
2026-08-18 02:50:46,418 - corrector.core.run - INFO - Random-walk step 2512/7000: motor target x=289028nm y=-404565nm
2026-08-18 02:50:52,159 - corrector.core.run - INFO - Random-walk step 2513/7000: motor target x=289614nm y=-404513nm
2026-08-18 02:50:58,111 - corrector.core.run - INFO - Random-walk step 2514/7000: motor target x=291151nm y=-403374nm
2026-08-18 02:51:03,714 - corrector.core.run - INFO - Random-walk step 2515/7000: motor target x=291120nm y=-402574nm
2026-08-18 02:51:09,149 - corrector.core.run - INFO - Random-walk step 2516/7000: motor target x=291323nm y=-402433nm
2026-08-18 02:51:15,318 - corrector.core.run - INFO - Random-walk step 2517/7000: motor target x=292587nm y=-402846nm
2026-08-18 02:51:20,577 - corrector.core.run - INFO - Random-walk step 2518/7000: motor target x=292476nm y=-403015nm
2026-08-18 02:51:26,634 - corrector.core.run - INFO - Random-walk step 2519/7000: motor target x=291609nm y=-404767nm
2026-08-18 02:51:32,220 - corrector.core.run - INFO - Random-walk step 2520/7000: motor target x=291080nm y=-404686nm
2026-08-18 02:51:37,934 - corrector.core.run - INFO - Random-walk step 2521/7000: motor target x=291562nm y=-408138nm
2026-08-18 02:51:43,655 - corrector.core.run - INFO - Random-walk step 2522/7000: motor target x=293406nm y=-407756nm
2026-08-18 02:51:49,532 - corrector.core.run - INFO - Random-walk step 2523/7000: motor target x=292499nm y=-408030nm
2026-08-18 02:51:55,047 - corrector.core.run - INFO - Random-walk step 2524/7000: motor target x=292394nm y=-407798nm
2026-08-18 02:52:01,237 - corrector.core.run - INFO - Random-walk step 2525/7000: motor target x=294272nm y=-406296nm
2026-08-18 02:52:06,730 - corrector.core.run - INFO - Random-walk step 2526/7000: motor target x=293356nm y=-403656nm
2026-08-18 02:52:12,116 - corrector.core.run - INFO - Random-walk step 2527/7000: motor target x=293215nm y=-403603nm
2026-08-18 02:52:18,289 - corrector.core.run - INFO - Random-walk step 2528/7000: motor target x=293830nm y=-402402nm
2026-08-18 02:52:24,145 - corrector.core.run - INFO - Random-walk step 2529/7000: motor target x=295340nm y=-404563nm
2026-08-18 02:52:29,421 - corrector.core.run - INFO - Random-walk step 2530/7000: motor target x=295079nm y=-404173nm
2026-08-18 02:52:35,243 - corrector.core.run - INFO - Random-walk step 2531/7000: motor target x=295603nm y=-403568nm
2026-08-18 02:52:40,750 - corrector.core.run - INFO - Random-walk step 2532/7000: motor target x=295588nm y=-403713nm
2026-08-18 02:52:46,425 - corrector.core.run - INFO - Random-walk step 2533/7000: motor target x=295662nm y=-403758nm
2026-08-18 02:52:52,345 - corrector.core.run - INFO - Random-walk step 2534/7000: motor target x=295542nm y=-404249nm
2026-08-18 02:52:58,081 - corrector.core.run - INFO - Random-walk step 2535/7000: motor target x=295891nm y=-402538nm
2026-08-18 02:53:04,169 - corrector.core.run - INFO - Random-walk step 2536/7000: motor target x=297453nm y=-403960nm
2026-08-18 02:53:09,494 - corrector.core.run - INFO - Random-walk step 2537/7000: motor target x=297900nm y=-402133nm
2026-08-18 02:53:15,599 - corrector.core.run - INFO - Random-walk step 2538/7000: motor target x=296979nm y=-403268nm
2026-08-18 02:53:21,042 - corrector.core.run - INFO - Random-walk step 2539/7000: motor target x=297716nm y=-402841nm
2026-08-18 02:53:26,595 - corrector.core.run - INFO - Random-walk step 2540/7000: motor target x=297579nm y=-398000nm
2026-08-18 02:53:32,373 - corrector.core.run - INFO - Random-walk step 2541/7000: motor target x=297259nm y=-397539nm
2026-08-18 02:53:38,027 - corrector.core.run - INFO - Random-walk step 2542/7000: motor target x=294168nm y=-402707nm
2026-08-18 02:53:43,884 - corrector.core.run - INFO - Random-walk step 2543/7000: motor target x=294537nm y=-410211nm
2026-08-18 02:53:49,793 - corrector.core.run - INFO - Random-walk step 2544/7000: motor target x=293650nm y=-409814nm
2026-08-18 02:53:55,267 - corrector.core.run - INFO - Random-walk step 2545/7000: motor target x=295871nm y=-410319nm
2026-08-18 02:54:01,147 - corrector.core.run - INFO - Random-walk step 2546/7000: motor target x=295983nm y=-411063nm
2026-08-18 02:54:07,111 - corrector.core.run - INFO - Random-walk step 2547/7000: motor target x=297377nm y=-409303nm
2026-08-18 02:54:12,282 - corrector.core.run - INFO - Random-walk step 2548/7000: motor target x=297323nm y=-409261nm
2026-08-18 02:54:18,320 - corrector.core.run - INFO - Random-walk step 2549/7000: motor target x=299588nm y=-409948nm
2026-08-18 02:54:23,921 - corrector.core.run - INFO - Random-walk step 2550/7000: motor target x=300179nm y=-410124nm
2026-08-18 02:54:29,608 - corrector.core.run - INFO - Random-walk step 2551/7000: motor target x=299804nm y=-410049nm
2026-08-18 02:54:35,510 - corrector.core.run - INFO - Random-walk step 2552/7000: motor target x=299849nm y=-410769nm
2026-08-18 02:54:41,310 - corrector.core.run - INFO - Random-walk step 2553/7000: motor target x=298869nm y=-410919nm
2026-08-18 02:54:46,662 - corrector.core.run - INFO - Random-walk step 2554/7000: motor target x=298864nm y=-411074nm
2026-08-18 02:54:52,871 - corrector.core.run - INFO - Random-walk step 2555/7000: motor target x=300163nm y=-411012nm
2026-08-18 02:54:58,118 - corrector.core.run - INFO - Random-walk step 2556/7000: motor target x=300235nm y=-410957nm
2026-08-18 02:55:04,472 - corrector.core.run - INFO - Random-walk step 2557/7000: motor target x=302140nm y=-409424nm
2026-08-18 02:55:09,770 - corrector.core.run - INFO - Random-walk step 2558/7000: motor target x=302590nm y=-409942nm
2026-08-18 02:55:15,371 - corrector.core.run - INFO - Random-walk step 2559/7000: motor target x=297187nm y=-409744nm
2026-08-18 02:55:21,127 - corrector.core.run - INFO - Random-walk step 2560/7000: motor target x=296856nm y=-409408nm
2026-08-18 02:55:26,838 - corrector.core.run - INFO - Random-walk step 2561/7000: motor target x=296879nm y=-409757nm
2026-08-18 02:55:32,817 - corrector.core.run - INFO - Random-walk step 2562/7000: motor target x=297694nm y=-407993nm
2026-08-18 02:55:38,295 - corrector.core.run - INFO - Random-walk step 2563/7000: motor target x=301488nm y=-410909nm
2026-08-18 02:55:44,328 - corrector.core.run - INFO - Random-walk step 2564/7000: motor target x=302515nm y=-413157nm
2026-08-18 02:55:49,743 - corrector.core.run - INFO - Random-walk step 2565/7000: motor target x=306602nm y=-415428nm
2026-08-18 02:55:55,501 - corrector.core.run - INFO - Random-walk step 2566/7000: motor target x=309822nm y=-415467nm
2026-08-18 02:56:01,120 - corrector.core.run - INFO - Random-walk step 2567/7000: motor target x=309719nm y=-415599nm
2026-08-18 02:56:07,194 - corrector.core.run - INFO - Random-walk step 2568/7000: motor target x=310172nm y=-414745nm
2026-08-18 02:56:12,835 - corrector.core.run - INFO - Random-walk step 2569/7000: motor target x=310012nm y=-414115nm
2026-08-18 02:56:18,646 - corrector.core.run - INFO - Random-walk step 2570/7000: motor target x=309515nm y=-414934nm
2026-08-18 02:56:24,207 - corrector.core.run - INFO - Random-walk step 2571/7000: motor target x=309361nm y=-415559nm
2026-08-18 02:56:29,858 - corrector.core.run - INFO - Random-walk step 2572/7000: motor target x=309585nm y=-415130nm
2026-08-18 02:56:35,500 - corrector.core.run - INFO - Random-walk step 2573/7000: motor target x=309760nm y=-415318nm
2026-08-18 02:56:41,514 - corrector.core.run - INFO - Random-walk step 2574/7000: motor target x=309070nm y=-413394nm
2026-08-18 02:56:47,038 - corrector.core.run - INFO - Random-walk step 2575/7000: motor target x=309056nm y=-413872nm
2026-08-18 02:56:52,728 - corrector.core.run - INFO - Random-walk step 2576/7000: motor target x=308812nm y=-414098nm
2026-08-18 02:56:59,505 - corrector.core.run - INFO - Random-walk step 2577/7000: motor target x=308219nm y=-414389nm
2026-08-18 02:57:05,322 - corrector.core.run - INFO - Random-walk step 2578/7000: motor target x=308625nm y=-415195nm
2026-08-18 02:57:10,732 - corrector.core.run - INFO - Random-walk step 2579/7000: motor target x=308565nm y=-415149nm
2026-08-18 02:57:16,601 - corrector.core.run - INFO - Random-walk step 2580/7000: motor target x=308372nm y=-413096nm
2026-08-18 02:57:22,150 - corrector.core.run - INFO - Random-walk step 2581/7000: motor target x=308333nm y=-412943nm
2026-08-18 02:57:28,051 - corrector.core.run - INFO - Random-walk step 2582/7000: motor target x=308512nm y=-413322nm
2026-08-18 02:57:34,033 - corrector.core.run - INFO - Random-walk step 2583/7000: motor target x=307787nm y=-414374nm
2026-08-18 02:57:39,483 - corrector.core.run - INFO - Random-walk step 2584/7000: motor target x=302558nm y=-417514nm
2026-08-18 02:57:45,584 - corrector.core.run - INFO - Random-walk step 2585/7000: motor target x=301631nm y=-418804nm
2026-08-18 02:57:51,295 - corrector.core.run - INFO - Random-walk step 2586/7000: motor target x=293317nm y=-417519nm
2026-08-18 02:57:56,600 - corrector.core.run - INFO - Random-walk step 2587/7000: motor target x=293662nm y=-417757nm
2026-08-18 02:58:02,719 - corrector.core.run - INFO - Random-walk step 2588/7000: motor target x=292330nm y=-417636nm
2026-08-18 02:58:08,016 - corrector.core.run - INFO - Random-walk step 2589/7000: motor target x=294220nm y=-413955nm
2026-08-18 02:58:13,702 - corrector.core.run - INFO - Random-walk step 2590/7000: motor target x=294021nm y=-414022nm
2026-08-18 02:58:19,794 - corrector.core.run - INFO - Random-walk step 2591/7000: motor target x=294967nm y=-413332nm
2026-08-18 02:58:25,395 - corrector.core.run - INFO - Random-walk step 2592/7000: motor target x=294707nm y=-412650nm
2026-08-18 02:58:31,335 - corrector.core.run - INFO - Random-walk step 2593/7000: motor target x=291849nm y=-411415nm
2026-08-18 02:58:36,902 - corrector.core.run - INFO - Random-walk step 2594/7000: motor target x=292419nm y=-412163nm
2026-08-18 02:58:42,359 - corrector.core.run - INFO - Random-walk step 2595/7000: motor target x=292309nm y=-411879nm
2026-08-18 02:58:48,100 - corrector.core.run - INFO - Random-walk step 2596/7000: motor target x=294756nm y=-414980nm
2026-08-18 02:58:54,263 - corrector.core.run - INFO - Random-walk step 2597/7000: motor target x=295726nm y=-416269nm
2026-08-18 02:58:59,594 - corrector.core.run - INFO - Random-walk step 2598/7000: motor target x=295307nm y=-416487nm
2026-08-18 02:59:05,314 - corrector.core.run - INFO - Random-walk step 2599/7000: motor target x=293542nm y=-412031nm
2026-08-18 02:59:11,372 - corrector.core.run - INFO - Random-walk step 2600/7000: motor target x=294546nm y=-411301nm
2026-08-18 02:59:17,675 - corrector.core.run - INFO - Random-walk step 2601/7000: motor target x=291162nm y=-412109nm
2026-08-18 02:59:23,956 - corrector.core.run - INFO - Random-walk step 2602/7000: motor target x=291109nm y=-410332nm
2026-08-18 02:59:29,720 - corrector.core.run - INFO - Random-walk step 2603/7000: motor target x=290820nm y=-410124nm
2026-08-18 02:59:36,339 - corrector.core.run - INFO - Random-walk step 2604/7000: motor target x=291374nm y=-408982nm
2026-08-18 02:59:42,405 - corrector.core.run - INFO - Random-walk step 2605/7000: motor target x=290427nm y=-412252nm
2026-08-18 02:59:47,788 - corrector.core.run - INFO - Random-walk step 2606/7000: motor target x=290492nm y=-412287nm
2026-08-18 02:59:53,456 - corrector.core.run - INFO - Random-walk step 2607/7000: motor target x=290564nm y=-412339nm
2026-08-18 03:00:00,265 - corrector.core.run - INFO - Random-walk step 2608/7000: motor target x=290477nm y=-412886nm
2026-08-18 03:00:06,874 - corrector.core.run - INFO - Random-walk step 2609/7000: motor target x=291151nm y=-411841nm
2026-08-18 03:00:13,990 - corrector.core.run - INFO - Random-walk step 2610/7000: motor target x=290993nm y=-412604nm
2026-08-18 03:00:21,084 - corrector.core.run - INFO - Random-walk step 2611/7000: motor target x=291493nm y=-414475nm
2026-08-18 03:00:28,632 - corrector.core.run - INFO - Random-walk step 2612/7000: motor target x=291371nm y=-415560nm
2026-08-18 03:00:37,429 - corrector.core.run - INFO - Random-walk step 2613/7000: motor target x=291748nm y=-416869nm
2026-08-18 03:00:44,653 - corrector.core.run - INFO - Random-walk step 2614/7000: motor target x=292839nm y=-415777nm
2026-08-18 03:00:49,979 - corrector.core.run - INFO - Random-walk step 2615/7000: motor target x=292511nm y=-415825nm
2026-08-18 03:00:55,701 - corrector.core.run - INFO - Random-walk step 2616/7000: motor target x=288467nm y=-415675nm
2026-08-18 03:01:03,301 - corrector.core.run - INFO - Random-walk step 2617/7000: motor target x=287469nm y=-413756nm
2026-08-18 03:01:08,577 - corrector.core.run - INFO - Random-walk step 2618/7000: motor target x=287405nm y=-413725nm
2026-08-18 03:01:14,285 - corrector.core.run - INFO - Random-walk step 2619/7000: motor target x=287424nm y=-413678nm
2026-08-18 03:01:20,235 - corrector.core.run - INFO - Random-walk step 2620/7000: motor target x=279947nm y=-407847nm
2026-08-18 03:01:27,609 - corrector.core.run - INFO - Random-walk step 2621/7000: motor target x=280055nm y=-407164nm
2026-08-18 03:01:32,997 - corrector.core.run - INFO - Random-walk step 2622/7000: motor target x=280002nm y=-407086nm
2026-08-18 03:01:39,293 - corrector.core.run - INFO - Random-walk step 2623/7000: motor target x=278373nm y=-408488nm
2026-08-18 03:01:44,668 - corrector.core.run - INFO - Random-walk step 2624/7000: motor target x=273484nm y=-408871nm
2026-08-18 03:01:51,799 - corrector.core.run - INFO - Random-walk step 2625/7000: motor target x=273492nm y=-409112nm
2026-08-18 03:01:59,337 - corrector.core.run - INFO - Random-walk step 2626/7000: motor target x=273549nm y=-410109nm
2026-08-18 03:02:04,765 - corrector.core.run - INFO - Random-walk step 2627/7000: motor target x=273651nm y=-410392nm
2026-08-18 03:02:11,002 - corrector.core.run - INFO - Random-walk step 2628/7000: motor target x=279115nm y=-411846nm
2026-08-18 03:02:16,466 - corrector.core.run - INFO - Random-walk step 2629/7000: motor target x=279551nm y=-412500nm
2026-08-18 03:02:22,209 - corrector.core.run - INFO - Random-walk step 2630/7000: motor target x=280311nm y=-412026nm
2026-08-18 03:02:27,661 - corrector.core.run - INFO - Random-walk step 2631/7000: motor target x=280513nm y=-412004nm
2026-08-18 03:02:33,920 - corrector.core.run - INFO - Random-walk step 2632/7000: motor target x=282261nm y=-410527nm
2026-08-18 03:02:39,185 - corrector.core.run - INFO - Random-walk step 2633/7000: motor target x=282685nm y=-410563nm
2026-08-18 03:02:44,979 - corrector.core.run - INFO - Random-walk step 2634/7000: motor target x=281096nm y=-410247nm
2026-08-18 03:02:50,526 - corrector.core.run - INFO - Random-walk step 2635/7000: motor target x=281135nm y=-410179nm
2026-08-18 03:02:56,732 - corrector.core.run - INFO - Random-walk step 2636/7000: motor target x=282323nm y=-412478nm
2026-08-18 03:03:02,164 - corrector.core.run - INFO - Random-walk step 2637/7000: motor target x=284777nm y=-419663nm
2026-08-18 03:03:07,929 - corrector.core.run - INFO - Random-walk step 2638/7000: motor target x=289193nm y=-414138nm
2026-08-18 03:03:13,803 - corrector.core.run - INFO - Random-walk step 2639/7000: motor target x=289997nm y=-414041nm
2026-08-18 03:03:19,249 - corrector.core.run - INFO - Random-walk step 2640/7000: motor target x=290102nm y=-414168nm
2026-08-18 03:03:25,143 - corrector.core.run - INFO - Random-walk step 2641/7000: motor target x=289974nm y=-414528nm
2026-08-18 03:03:30,673 - corrector.core.run - INFO - Random-walk step 2642/7000: motor target x=289888nm y=-414581nm
2026-08-18 03:03:36,819 - corrector.core.run - INFO - Random-walk step 2643/7000: motor target x=288839nm y=-416245nm
2026-08-18 03:03:42,128 - corrector.core.run - INFO - Random-walk step 2644/7000: motor target x=288993nm y=-416359nm
2026-08-18 03:03:48,241 - corrector.core.run - INFO - Random-walk step 2645/7000: motor target x=287911nm y=-416019nm
2026-08-18 03:03:53,804 - corrector.core.run - INFO - Random-walk step 2646/7000: motor target x=287248nm y=-415315nm
2026-08-18 03:03:59,618 - corrector.core.run - INFO - Random-walk step 2647/7000: motor target x=287616nm y=-414540nm
2026-08-18 03:04:05,383 - corrector.core.run - INFO - Random-walk step 2648/7000: motor target x=288444nm y=-409624nm
2026-08-18 03:04:11,081 - corrector.core.run - INFO - Random-walk step 2649/7000: motor target x=289205nm y=-409945nm
2026-08-18 03:04:16,860 - corrector.core.run - INFO - Random-walk step 2650/7000: motor target x=292801nm y=-410848nm
2026-08-18 03:04:22,274 - corrector.core.run - INFO - Random-walk step 2651/7000: motor target x=295150nm y=-412742nm
2026-08-18 03:04:28,040 - corrector.core.run - INFO - Random-walk step 2652/7000: motor target x=295420nm y=-413081nm
2026-08-18 03:04:34,261 - corrector.core.run - INFO - Random-walk step 2653/7000: motor target x=294987nm y=-414578nm
2026-08-18 03:04:39,500 - corrector.core.run - INFO - Random-walk step 2654/7000: motor target x=295318nm y=-414386nm
2026-08-18 03:04:45,518 - corrector.core.run - INFO - Random-walk step 2655/7000: motor target x=292928nm y=-413339nm
2026-08-18 03:04:50,882 - corrector.core.run - INFO - Random-walk step 2656/7000: motor target x=292940nm y=-413067nm
2026-08-18 03:04:56,964 - corrector.core.run - INFO - Random-walk step 2657/7000: motor target x=291940nm y=-415235nm
2026-08-18 03:05:02,274 - corrector.core.run - INFO - Random-walk step 2658/7000: motor target x=291958nm y=-415125nm
2026-08-18 03:05:07,994 - corrector.core.run - INFO - Random-walk step 2659/7000: motor target x=291887nm y=-415081nm
2026-08-18 03:05:14,006 - corrector.core.run - INFO - Random-walk step 2660/7000: motor target x=292573nm y=-414461nm
2026-08-18 03:05:19,603 - corrector.core.run - INFO - Random-walk step 2661/7000: motor target x=292375nm y=-418954nm
2026-08-18 03:05:25,612 - corrector.core.run - INFO - Random-walk step 2662/7000: motor target x=289777nm y=-420103nm
2026-08-18 03:05:31,023 - corrector.core.run - INFO - Random-walk step 2663/7000: motor target x=290202nm y=-420140nm
2026-08-18 03:05:36,841 - corrector.core.run - INFO - Random-walk step 2664/7000: motor target x=291772nm y=-419702nm
2026-08-18 03:05:43,633 - corrector.core.run - INFO - Random-walk step 2665/7000: motor target x=291229nm y=-421006nm
2026-08-18 03:05:49,738 - corrector.core.run - INFO - Random-walk step 2666/7000: motor target x=290982nm y=-421468nm
2026-08-18 03:05:56,764 - corrector.core.run - INFO - Random-walk step 2667/7000: motor target x=292728nm y=-422606nm
2026-08-18 03:06:02,337 - corrector.core.run - INFO - Random-walk step 2668/7000: motor target x=293071nm y=-422684nm
2026-08-18 03:06:08,161 - corrector.core.run - INFO - Random-walk step 2669/7000: motor target x=293098nm y=-423075nm
2026-08-18 03:06:13,823 - corrector.core.run - INFO - Random-walk step 2670/7000: motor target x=293271nm y=-422962nm
2026-08-18 03:06:19,991 - corrector.core.run - INFO - Random-walk step 2671/7000: motor target x=297809nm y=-421635nm
2026-08-18 03:06:25,805 - corrector.core.run - INFO - Random-walk step 2672/7000: motor target x=297871nm y=-412898nm
2026-08-18 03:06:31,815 - corrector.core.run - INFO - Random-walk step 2673/7000: motor target x=298449nm y=-413964nm
2026-08-18 03:06:37,217 - corrector.core.run - INFO - Random-walk step 2674/7000: motor target x=298333nm y=-414350nm
2026-08-18 03:06:42,847 - corrector.core.run - INFO - Random-walk step 2675/7000: motor target x=298436nm y=-414405nm
2026-08-18 03:06:49,367 - corrector.core.run - INFO - Random-walk step 2676/7000: motor target x=298649nm y=-414826nm
2026-08-18 03:06:54,615 - corrector.core.run - INFO - Random-walk step 2677/7000: motor target x=298568nm y=-413979nm
2026-08-18 03:07:00,226 - corrector.core.run - INFO - Random-walk step 2678/7000: motor target x=303590nm y=-406158nm
2026-08-18 03:07:05,813 - corrector.core.run - INFO - Random-walk step 2679/7000: motor target x=303719nm y=-406341nm
2026-08-18 03:07:12,450 - corrector.core.run - INFO - Random-walk step 2680/7000: motor target x=304350nm y=-404140nm
2026-08-18 03:07:21,757 - corrector.core.run - INFO - Random-walk step 2681/7000: motor target x=303949nm y=-405569nm
2026-08-18 03:07:27,780 - corrector.core.run - INFO - Random-walk step 2682/7000: motor target x=310221nm y=-398840nm
2026-08-18 03:07:33,398 - corrector.core.run - INFO - Random-walk step 2683/7000: motor target x=310228nm y=-399175nm
2026-08-18 03:07:41,938 - corrector.core.run - INFO - Random-walk step 2684/7000: motor target x=310663nm y=-399462nm
2026-08-18 03:07:48,802 - corrector.core.run - INFO - Random-walk step 2685/7000: motor target x=309186nm y=-403885nm
2026-08-18 03:07:54,240 - corrector.core.run - INFO - Random-walk step 2686/7000: motor target x=308624nm y=-398251nm
2026-08-18 03:07:59,737 - corrector.core.run - INFO - Random-walk step 2687/7000: motor target x=308441nm y=-398488nm
2026-08-18 03:08:05,619 - corrector.core.run - INFO - Random-walk step 2688/7000: motor target x=309000nm y=-397965nm
2026-08-18 03:08:11,204 - corrector.core.run - INFO - Random-walk step 2689/7000: motor target x=308757nm y=-398142nm
2026-08-18 03:08:18,859 - corrector.core.run - INFO - Random-walk step 2690/7000: motor target x=306656nm y=-396945nm
2026-08-18 03:08:24,143 - corrector.core.run - INFO - Random-walk step 2691/7000: motor target x=306532nm y=-397025nm
2026-08-18 03:08:29,877 - corrector.core.run - INFO - Random-walk step 2692/7000: motor target x=306763nm y=-397208nm
2026-08-18 03:08:35,720 - corrector.core.run - INFO - Random-walk step 2693/7000: motor target x=303800nm y=-397312nm
2026-08-18 03:08:41,540 - corrector.core.run - INFO - Random-walk step 2694/7000: motor target x=303699nm y=-397943nm
2026-08-18 03:08:47,319 - corrector.core.run - INFO - Random-walk step 2695/7000: motor target x=303063nm y=-402704nm
2026-08-18 03:08:52,886 - corrector.core.run - INFO - Random-walk step 2696/7000: motor target x=303486nm y=-402272nm
2026-08-18 03:08:58,601 - corrector.core.run - INFO - Random-walk step 2697/7000: motor target x=303520nm y=-402730nm
2026-08-18 03:09:04,377 - corrector.core.run - INFO - Random-walk step 2698/7000: motor target x=303521nm y=-402099nm
2026-08-18 03:09:09,938 - corrector.core.run - INFO - Random-walk step 2699/7000: motor target x=303359nm y=-401958nm
2026-08-18 03:09:16,032 - corrector.core.run - INFO - Random-walk step 2700/7000: motor target x=303714nm y=-401073nm
2026-08-18 03:09:21,420 - corrector.core.run - INFO - Random-walk step 2701/7000: motor target x=301871nm y=-401081nm
2026-08-18 03:09:27,188 - corrector.core.run - INFO - Random-walk step 2702/7000: motor target x=302143nm y=-400802nm
2026-08-18 03:09:33,159 - corrector.core.run - INFO - Random-walk step 2703/7000: motor target x=302976nm y=-400669nm
2026-08-18 03:09:38,618 - corrector.core.run - INFO - Random-walk step 2704/7000: motor target x=302778nm y=-400852nm
2026-08-18 03:09:44,497 - corrector.core.run - INFO - Random-walk step 2705/7000: motor target x=302414nm y=-400415nm
2026-08-18 03:09:50,387 - corrector.core.run - INFO - Random-walk step 2706/7000: motor target x=303997nm y=-399501nm
2026-08-18 03:09:55,876 - corrector.core.run - INFO - Random-walk step 2707/7000: motor target x=304239nm y=-399956nm
2026-08-18 03:10:01,947 - corrector.core.run - INFO - Random-walk step 2708/7000: motor target x=305346nm y=-398743nm
2026-08-18 03:10:07,338 - corrector.core.run - INFO - Random-walk step 2709/7000: motor target x=304931nm y=-399188nm
2026-08-18 03:10:13,000 - corrector.core.run - INFO - Random-walk step 2710/7000: motor target x=304904nm y=-401472nm
2026-08-18 03:10:18,861 - corrector.core.run - INFO - Random-walk step 2711/7000: motor target x=305345nm y=-401143nm
2026-08-18 03:10:24,368 - corrector.core.run - INFO - Random-walk step 2712/7000: motor target x=305355nm y=-401211nm
2026-08-18 03:10:30,428 - corrector.core.run - INFO - Random-walk step 2713/7000: motor target x=306009nm y=-401822nm
2026-08-18 03:10:36,084 - corrector.core.run - INFO - Random-walk step 2714/7000: motor target x=305742nm y=-401310nm
2026-08-18 03:10:41,658 - corrector.core.run - INFO - Random-walk step 2715/7000: motor target x=305400nm y=-401675nm
2026-08-18 03:10:47,438 - corrector.core.run - INFO - Random-walk step 2716/7000: motor target x=305834nm y=-401297nm
2026-08-18 03:10:53,344 - corrector.core.run - INFO - Random-walk step 2717/7000: motor target x=306568nm y=-401178nm
2026-08-18 03:10:58,864 - corrector.core.run - INFO - Random-walk step 2718/7000: motor target x=308321nm y=-410546nm
2026-08-18 03:11:05,025 - corrector.core.run - INFO - Random-walk step 2719/7000: motor target x=306991nm y=-409735nm
2026-08-18 03:11:10,273 - corrector.core.run - INFO - Random-walk step 2720/7000: motor target x=306777nm y=-409454nm
2026-08-18 03:11:16,078 - corrector.core.run - INFO - Random-walk step 2721/7000: motor target x=306687nm y=-409855nm
2026-08-18 03:11:22,067 - corrector.core.run - INFO - Random-walk step 2722/7000: motor target x=307666nm y=-409123nm
2026-08-18 03:11:27,845 - corrector.core.run - INFO - Random-walk step 2723/7000: motor target x=307656nm y=-407965nm
2026-08-18 03:11:33,255 - corrector.core.run - INFO - Random-walk step 2724/7000: motor target x=307244nm y=-407642nm
2026-08-18 03:11:38,903 - corrector.core.run - INFO - Random-walk step 2725/7000: motor target x=307480nm y=-407677nm
2026-08-18 03:11:44,599 - corrector.core.run - INFO - Random-walk step 2726/7000: motor target x=307381nm y=-407751nm
2026-08-18 03:11:50,328 - corrector.core.run - INFO - Random-walk step 2727/7000: motor target x=307277nm y=-407625nm
2026-08-18 03:11:56,152 - corrector.core.run - INFO - Random-walk step 2728/7000: motor target x=307286nm y=-405762nm
2026-08-18 03:12:02,425 - corrector.core.run - INFO - Random-walk step 2729/7000: motor target x=305807nm y=-407353nm
2026-08-18 03:12:07,570 - corrector.core.run - INFO - Random-walk step 2730/7000: motor target x=305969nm y=-406948nm
2026-08-18 03:12:13,528 - corrector.core.run - INFO - Random-walk step 2731/7000: motor target x=305257nm y=-406314nm
2026-08-18 03:12:19,540 - corrector.core.run - INFO - Random-walk step 2732/7000: motor target x=306772nm y=-409026nm
2026-08-18 03:12:24,773 - corrector.core.run - INFO - Random-walk step 2733/7000: motor target x=300238nm y=-403063nm
2026-08-18 03:12:30,804 - corrector.core.run - INFO - Random-walk step 2734/7000: motor target x=300035nm y=-401994nm
2026-08-18 03:12:36,540 - corrector.core.run - INFO - Random-walk step 2735/7000: motor target x=301842nm y=-400879nm
2026-08-18 03:12:41,988 - corrector.core.run - INFO - Random-walk step 2736/7000: motor target x=302002nm y=-400579nm
2026-08-18 03:12:47,914 - corrector.core.run - INFO - Random-walk step 2737/7000: motor target x=302435nm y=-399875nm
2026-08-18 03:12:53,366 - corrector.core.run - INFO - Random-walk step 2738/7000: motor target x=298064nm y=-399883nm
2026-08-18 03:12:59,549 - corrector.core.run - INFO - Random-walk step 2739/7000: motor target x=297208nm y=-398678nm
2026-08-18 03:13:05,128 - corrector.core.run - INFO - Random-walk step 2740/7000: motor target x=298167nm y=-398950nm
2026-08-18 03:13:10,560 - corrector.core.run - INFO - Random-walk step 2741/7000: motor target x=297951nm y=-397044nm
2026-08-18 03:13:16,531 - corrector.core.run - INFO - Random-walk step 2742/7000: motor target x=298704nm y=-396583nm
2026-08-18 03:13:22,162 - corrector.core.run - INFO - Random-walk step 2743/7000: motor target x=298285nm y=-397223nm
2026-08-18 03:13:27,708 - corrector.core.run - INFO - Random-walk step 2744/7000: motor target x=299877nm y=-394600nm
2026-08-18 03:13:33,628 - corrector.core.run - INFO - Random-walk step 2745/7000: motor target x=300388nm y=-392962nm
2026-08-18 03:13:39,467 - corrector.core.run - INFO - Random-walk step 2746/7000: motor target x=299376nm y=-390982nm
2026-08-18 03:13:44,939 - corrector.core.run - INFO - Random-walk step 2747/7000: motor target x=298959nm y=-391021nm
2026-08-18 03:13:50,971 - corrector.core.run - INFO - Random-walk step 2748/7000: motor target x=300041nm y=-390629nm
2026-08-18 03:13:56,329 - corrector.core.run - INFO - Random-walk step 2749/7000: motor target x=300368nm y=-390671nm
2026-08-18 03:14:02,099 - corrector.core.run - INFO - Random-walk step 2750/7000: motor target x=300538nm y=-390683nm
2026-08-18 03:14:08,109 - corrector.core.run - INFO - Random-walk step 2751/7000: motor target x=300583nm y=-391666nm
2026-08-18 03:14:13,603 - corrector.core.run - INFO - Random-walk step 2752/7000: motor target x=293878nm y=-391730nm
2026-08-18 03:14:19,625 - corrector.core.run - INFO - Random-walk step 2753/7000: motor target x=295991nm y=-392864nm
2026-08-18 03:14:24,959 - corrector.core.run - INFO - Random-walk step 2754/7000: motor target x=297637nm y=-390447nm
2026-08-18 03:14:30,703 - corrector.core.run - INFO - Random-walk step 2755/7000: motor target x=297977nm y=-390154nm
2026-08-18 03:14:36,944 - corrector.core.run - INFO - Random-walk step 2756/7000: motor target x=299504nm y=-391459nm
2026-08-18 03:14:42,164 - corrector.core.run - INFO - Random-walk step 2757/7000: motor target x=303155nm y=-391872nm
2026-08-18 03:14:47,908 - corrector.core.run - INFO - Random-walk step 2758/7000: motor target x=303298nm y=-392297nm
2026-08-18 03:14:53,906 - corrector.core.run - INFO - Random-walk step 2759/7000: motor target x=302178nm y=-391882nm
2026-08-18 03:14:59,786 - corrector.core.run - INFO - Random-walk step 2760/7000: motor target x=299340nm y=-390438nm
2026-08-18 03:15:05,105 - corrector.core.run - INFO - Random-walk step 2761/7000: motor target x=298893nm y=-390794nm
2026-08-18 03:15:11,002 - corrector.core.run - INFO - Random-walk step 2762/7000: motor target x=300923nm y=-391662nm
2026-08-18 03:15:16,477 - corrector.core.run - INFO - Random-walk step 2763/7000: motor target x=300875nm y=-391926nm
2026-08-18 03:15:22,318 - corrector.core.run - INFO - Random-walk step 2764/7000: motor target x=301407nm y=-391472nm
2026-08-18 03:15:28,091 - corrector.core.run - INFO - Random-walk step 2765/7000: motor target x=300861nm y=-391356nm
2026-08-18 03:15:34,070 - corrector.core.run - INFO - Random-walk step 2766/7000: motor target x=300752nm y=-392594nm
2026-08-18 03:15:39,429 - corrector.core.run - INFO - Random-walk step 2767/7000: motor target x=298575nm y=-395570nm
2026-08-18 03:15:45,349 - corrector.core.run - INFO - Random-walk step 2768/7000: motor target x=298770nm y=-394777nm
2026-08-18 03:15:50,806 - corrector.core.run - INFO - Random-walk step 2769/7000: motor target x=298735nm y=-394597nm
2026-08-18 03:15:56,648 - corrector.core.run - INFO - Random-walk step 2770/7000: motor target x=300854nm y=-398292nm
2026-08-18 03:16:02,462 - corrector.core.run - INFO - Random-walk step 2771/7000: motor target x=301326nm y=-397829nm
2026-08-18 03:16:08,141 - corrector.core.run - INFO - Random-walk step 2772/7000: motor target x=301834nm y=-398382nm
2026-08-18 03:16:13,778 - corrector.core.run - INFO - Random-walk step 2773/7000: motor target x=299434nm y=-388762nm
2026-08-18 03:16:19,481 - corrector.core.run - INFO - Random-walk step 2774/7000: motor target x=297060nm y=-388633nm
2026-08-18 03:16:25,293 - corrector.core.run - INFO - Random-walk step 2775/7000: motor target x=297613nm y=-389194nm
2026-08-18 03:16:30,921 - corrector.core.run - INFO - Random-walk step 2776/7000: motor target x=299670nm y=-389459nm
2026-08-18 03:16:36,979 - corrector.core.run - INFO - Random-walk step 2777/7000: motor target x=298647nm y=-388560nm
2026-08-18 03:16:42,661 - corrector.core.run - INFO - Random-walk step 2778/7000: motor target x=300252nm y=-389472nm
2026-08-18 03:16:48,309 - corrector.core.run - INFO - Random-walk step 2779/7000: motor target x=300991nm y=-389242nm
2026-08-18 03:16:54,343 - corrector.core.run - INFO - Random-walk step 2780/7000: motor target x=299440nm y=-388598nm
2026-08-18 03:16:59,527 - corrector.core.run - INFO - Random-walk step 2781/7000: motor target x=299600nm y=-388803nm
2026-08-18 03:17:05,677 - corrector.core.run - INFO - Random-walk step 2782/7000: motor target x=298538nm y=-387965nm
2026-08-18 03:17:11,031 - corrector.core.run - INFO - Random-walk step 2783/7000: motor target x=304976nm y=-394156nm
2026-08-18 03:17:16,733 - corrector.core.run - INFO - Random-walk step 2784/7000: motor target x=304884nm y=-395698nm
2026-08-18 03:17:22,823 - corrector.core.run - INFO - Random-walk step 2785/7000: motor target x=303886nm y=-393893nm
2026-08-18 03:17:28,542 - corrector.core.run - INFO - Random-walk step 2786/7000: motor target x=305538nm y=-392891nm
2026-08-18 03:17:34,425 - corrector.core.run - INFO - Random-walk step 2787/7000: motor target x=304596nm y=-391443nm
2026-08-18 03:17:39,651 - corrector.core.run - INFO - Random-walk step 2788/7000: motor target x=302738nm y=-399741nm
2026-08-18 03:17:45,466 - corrector.core.run - INFO - Random-walk step 2789/7000: motor target x=302655nm y=-400349nm
2026-08-18 03:17:51,095 - corrector.core.run - INFO - Random-walk step 2790/7000: motor target x=302393nm y=-400712nm
2026-08-18 03:17:56,720 - corrector.core.run - INFO - Random-walk step 2791/7000: motor target x=302436nm y=-400641nm
2026-08-18 03:18:02,948 - corrector.core.run - INFO - Random-walk step 2792/7000: motor target x=302457nm y=-399287nm
2026-08-18 03:18:08,270 - corrector.core.run - INFO - Random-walk step 2793/7000: motor target x=304578nm y=-403390nm
2026-08-18 03:18:14,270 - corrector.core.run - INFO - Random-walk step 2794/7000: motor target x=303650nm y=-403308nm
2026-08-18 03:18:19,832 - corrector.core.run - INFO - Random-walk step 2795/7000: motor target x=304116nm y=-403259nm
2026-08-18 03:18:25,715 - corrector.core.run - INFO - Random-walk step 2796/7000: motor target x=303258nm y=-406557nm
2026-08-18 03:18:31,191 - corrector.core.run - INFO - Random-walk step 2797/7000: motor target x=303514nm y=-406137nm
2026-08-18 03:18:36,807 - corrector.core.run - INFO - Random-walk step 2798/7000: motor target x=303482nm y=-406061nm
2026-08-18 03:18:43,123 - corrector.core.run - INFO - Random-walk step 2799/7000: motor target x=302796nm y=-404588nm
2026-08-18 03:18:48,462 - corrector.core.run - INFO - Random-walk step 2800/7000: motor target x=299144nm y=-397223nm
2026-08-18 03:18:54,512 - corrector.core.run - INFO - Random-walk step 2801/7000: motor target x=303451nm y=-395880nm
2026-08-18 03:18:59,827 - corrector.core.run - INFO - Random-walk step 2802/7000: motor target x=303622nm y=-395557nm
2026-08-18 03:19:05,467 - corrector.core.run - INFO - Random-walk step 2803/7000: motor target x=303717nm y=-395410nm
2026-08-18 03:19:11,249 - corrector.core.run - INFO - Random-walk step 2804/7000: motor target x=303798nm y=-395562nm
2026-08-18 03:19:17,068 - corrector.core.run - INFO - Random-walk step 2805/7000: motor target x=303698nm y=-397715nm
2026-08-18 03:19:22,727 - corrector.core.run - INFO - Random-walk step 2806/7000: motor target x=303932nm y=-397849nm
2026-08-18 03:19:28,447 - corrector.core.run - INFO - Random-walk step 2807/7000: motor target x=305613nm y=-396217nm
2026-08-18 03:19:34,427 - corrector.core.run - INFO - Random-walk step 2808/7000: motor target x=306412nm y=-395588nm
2026-08-18 03:19:40,136 - corrector.core.run - INFO - Random-walk step 2809/7000: motor target x=305631nm y=-393578nm
2026-08-18 03:19:45,557 - corrector.core.run - INFO - Random-walk step 2810/7000: motor target x=305577nm y=-393580nm
2026-08-18 03:19:51,459 - corrector.core.run - INFO - Random-walk step 2811/7000: motor target x=303446nm y=-393882nm
2026-08-18 03:19:57,532 - corrector.core.run - INFO - Random-walk step 2812/7000: motor target x=302039nm y=-390050nm
2026-08-18 03:20:02,794 - corrector.core.run - INFO - Random-walk step 2813/7000: motor target x=301879nm y=-390285nm
2026-08-18 03:20:08,816 - corrector.core.run - INFO - Random-walk step 2814/7000: motor target x=303440nm y=-391168nm
2026-08-18 03:20:14,660 - corrector.core.run - INFO - Random-walk step 2815/7000: motor target x=304674nm y=-391681nm
2026-08-18 03:20:20,148 - corrector.core.run - INFO - Random-walk step 2816/7000: motor target x=305199nm y=-392365nm
2026-08-18 03:20:25,884 - corrector.core.run - INFO - Random-walk step 2817/7000: motor target x=305815nm y=-392994nm
2026-08-18 03:20:31,614 - corrector.core.run - INFO - Random-walk step 2818/7000: motor target x=306018nm y=-392294nm
2026-08-18 03:20:37,448 - corrector.core.run - INFO - Random-walk step 2819/7000: motor target x=305311nm y=-395064nm
2026-08-18 03:20:42,834 - corrector.core.run - INFO - Random-walk step 2820/7000: motor target x=305336nm y=-394982nm
2026-08-18 03:20:48,884 - corrector.core.run - INFO - Random-walk step 2821/7000: motor target x=304624nm y=-394916nm
2026-08-18 03:20:54,920 - corrector.core.run - INFO - Random-walk step 2822/7000: motor target x=303070nm y=-391816nm
2026-08-18 03:21:00,217 - corrector.core.run - INFO - Random-walk step 2823/7000: motor target x=304675nm y=-391247nm
2026-08-18 03:21:06,107 - corrector.core.run - INFO - Random-walk step 2824/7000: motor target x=303881nm y=-393144nm
2026-08-18 03:21:11,832 - corrector.core.run - INFO - Random-walk step 2825/7000: motor target x=301019nm y=-394010nm
2026-08-18 03:21:17,317 - corrector.core.run - INFO - Random-walk step 2826/7000: motor target x=301392nm y=-392272nm
2026-08-18 03:21:23,455 - corrector.core.run - INFO - Random-walk step 2827/7000: motor target x=300060nm y=-392400nm
2026-08-18 03:21:28,885 - corrector.core.run - INFO - Random-walk step 2828/7000: motor target x=300794nm y=-392333nm
2026-08-18 03:21:34,795 - corrector.core.run - INFO - Random-walk step 2829/7000: motor target x=300718nm y=-391415nm
2026-08-18 03:21:40,170 - corrector.core.run - INFO - Random-walk step 2830/7000: motor target x=300353nm y=-391195nm
2026-08-18 03:21:45,802 - corrector.core.run - INFO - Random-walk step 2831/7000: motor target x=300220nm y=-391199nm
2026-08-18 03:21:51,937 - corrector.core.run - INFO - Random-walk step 2832/7000: motor target x=295883nm y=-392216nm
2026-08-18 03:21:57,415 - corrector.core.run - INFO - Random-walk step 2833/7000: motor target x=299444nm y=-401309nm
2026-08-18 03:22:03,075 - corrector.core.run - INFO - Random-walk step 2834/7000: motor target x=299733nm y=-401512nm
2026-08-18 03:22:09,212 - corrector.core.run - INFO - Random-walk step 2835/7000: motor target x=301017nm y=-403555nm
2026-08-18 03:22:14,791 - corrector.core.run - INFO - Random-walk step 2836/7000: motor target x=298290nm y=-404179nm
2026-08-18 03:22:20,461 - corrector.core.run - INFO - Random-walk step 2837/7000: motor target x=297633nm y=-404638nm
2026-08-18 03:22:26,101 - corrector.core.run - INFO - Random-walk step 2838/7000: motor target x=298289nm y=-404513nm
2026-08-18 03:22:32,184 - corrector.core.run - INFO - Random-walk step 2839/7000: motor target x=296809nm y=-406470nm
2026-08-18 03:22:37,597 - corrector.core.run - INFO - Random-walk step 2840/7000: motor target x=297541nm y=-406552nm
2026-08-18 03:22:43,411 - corrector.core.run - INFO - Random-walk step 2841/7000: motor target x=294402nm y=-405826nm
2026-08-18 03:22:48,922 - corrector.core.run - INFO - Random-walk step 2842/7000: motor target x=293995nm y=-405527nm
2026-08-18 03:22:54,563 - corrector.core.run - INFO - Random-walk step 2843/7000: motor target x=293878nm y=-405804nm
2026-08-18 03:23:00,391 - corrector.core.run - INFO - Random-walk step 2844/7000: motor target x=293542nm y=-406250nm
2026-08-18 03:23:06,676 - corrector.core.run - INFO - Random-walk step 2845/7000: motor target x=292924nm y=-404720nm
2026-08-18 03:23:11,792 - corrector.core.run - INFO - Random-walk step 2846/7000: motor target x=291191nm y=-408527nm
2026-08-18 03:23:17,882 - corrector.core.run - INFO - Random-walk step 2847/7000: motor target x=290374nm y=-409700nm
2026-08-18 03:23:23,548 - corrector.core.run - INFO - Random-walk step 2848/7000: motor target x=290264nm y=-410670nm
2026-08-18 03:23:28,950 - corrector.core.run - INFO - Random-walk step 2849/7000: motor target x=290531nm y=-410754nm
2026-08-18 03:23:34,830 - corrector.core.run - INFO - Random-walk step 2850/7000: motor target x=292551nm y=-411267nm
2026-08-18 03:23:40,766 - corrector.core.run - INFO - Random-walk step 2851/7000: motor target x=290434nm y=-410172nm
2026-08-18 03:23:46,269 - corrector.core.run - INFO - Random-walk step 2852/7000: motor target x=287637nm y=-409763nm
2026-08-18 03:23:51,930 - corrector.core.run - INFO - Random-walk step 2853/7000: motor target x=289511nm y=-410003nm
2026-08-18 03:23:57,921 - corrector.core.run - INFO - Random-walk step 2854/7000: motor target x=290512nm y=-410786nm
2026-08-18 03:24:03,309 - corrector.core.run - INFO - Random-walk step 2855/7000: motor target x=293642nm y=-408079nm
2026-08-18 03:24:09,005 - corrector.core.run - INFO - Random-walk step 2856/7000: motor target x=293881nm y=-408224nm
2026-08-18 03:24:14,729 - corrector.core.run - INFO - Random-walk step 2857/7000: motor target x=293721nm y=-407949nm
2026-08-18 03:24:20,403 - corrector.core.run - INFO - Random-walk step 2858/7000: motor target x=293760nm y=-407993nm
2026-08-18 03:24:26,543 - corrector.core.run - INFO - Random-walk step 2859/7000: motor target x=294821nm y=-409804nm
2026-08-18 03:24:31,845 - corrector.core.run - INFO - Random-walk step 2860/7000: motor target x=294789nm y=-409875nm
2026-08-18 03:24:37,627 - corrector.core.run - INFO - Random-walk step 2861/7000: motor target x=294684nm y=-410037nm
2026-08-18 03:24:43,579 - corrector.core.run - INFO - Random-walk step 2862/7000: motor target x=294149nm y=-411724nm
2026-08-18 03:24:49,549 - corrector.core.run - INFO - Random-walk step 2863/7000: motor target x=293730nm y=-410362nm
2026-08-18 03:24:55,397 - corrector.core.run - INFO - Random-walk step 2864/7000: motor target x=295251nm y=-411105nm
2026-08-18 03:25:00,811 - corrector.core.run - INFO - Random-walk step 2865/7000: motor target x=295447nm y=-410223nm
2026-08-18 03:25:06,385 - corrector.core.run - INFO - Random-walk step 2866/7000: motor target x=295935nm y=-409865nm
2026-08-18 03:25:12,193 - corrector.core.run - INFO - Random-walk step 2867/7000: motor target x=296614nm y=-409325nm
2026-08-18 03:25:17,753 - corrector.core.run - INFO - Random-walk step 2868/7000: motor target x=296826nm y=-407309nm
2026-08-18 03:25:23,508 - corrector.core.run - INFO - Random-walk step 2869/7000: motor target x=294974nm y=-406983nm
2026-08-18 03:25:29,602 - corrector.core.run - INFO - Random-walk step 2870/7000: motor target x=295575nm y=-408170nm
2026-08-18 03:25:34,999 - corrector.core.run - INFO - Random-walk step 2871/7000: motor target x=293356nm y=-407759nm
2026-08-18 03:25:40,684 - corrector.core.run - INFO - Random-walk step 2872/7000: motor target x=285506nm y=-412207nm
2026-08-18 03:25:46,576 - corrector.core.run - INFO - Random-walk step 2873/7000: motor target x=287625nm y=-412868nm
2026-08-18 03:25:52,320 - corrector.core.run - INFO - Random-walk step 2874/7000: motor target x=288339nm y=-409382nm
2026-08-18 03:25:57,970 - corrector.core.run - INFO - Random-walk step 2875/7000: motor target x=283923nm y=-409764nm
2026-08-18 03:26:03,776 - corrector.core.run - INFO - Random-walk step 2876/7000: motor target x=284595nm y=-410149nm
2026-08-18 03:26:09,312 - corrector.core.run - INFO - Random-walk step 2877/7000: motor target x=288790nm y=-412004nm
2026-08-18 03:26:15,191 - corrector.core.run - INFO - Random-walk step 2878/7000: motor target x=288501nm y=-411463nm
2026-08-18 03:26:20,891 - corrector.core.run - INFO - Random-walk step 2879/7000: motor target x=288761nm y=-412119nm
2026-08-18 03:26:26,560 - corrector.core.run - INFO - Random-walk step 2880/7000: motor target x=288611nm y=-411608nm
2026-08-18 03:26:32,691 - corrector.core.run - INFO - Random-walk step 2881/7000: motor target x=285152nm y=-410142nm
2026-08-18 03:26:37,995 - corrector.core.run - INFO - Random-walk step 2882/7000: motor target x=284660nm y=-410412nm
2026-08-18 03:26:43,573 - corrector.core.run - INFO - Random-walk step 2883/7000: motor target x=284724nm y=-410432nm
2026-08-18 03:26:49,825 - corrector.core.run - INFO - Random-walk step 2884/7000: motor target x=285358nm y=-409081nm
2026-08-18 03:26:55,373 - corrector.core.run - INFO - Random-walk step 2885/7000: motor target x=285275nm y=-409936nm
2026-08-18 03:27:00,835 - corrector.core.run - INFO - Random-walk step 2886/7000: motor target x=285317nm y=-409620nm
2026-08-18 03:27:06,845 - corrector.core.run - INFO - Random-walk step 2887/7000: motor target x=288187nm y=-410389nm
2026-08-18 03:27:12,314 - corrector.core.run - INFO - Random-walk step 2888/7000: motor target x=288075nm y=-410032nm
2026-08-18 03:27:18,487 - corrector.core.run - INFO - Random-walk step 2889/7000: motor target x=290019nm y=-411356nm
2026-08-18 03:27:24,005 - corrector.core.run - INFO - Random-walk step 2890/7000: motor target x=289187nm y=-411599nm
2026-08-18 03:27:29,490 - corrector.core.run - INFO - Random-walk step 2891/7000: motor target x=288955nm y=-411423nm
2026-08-18 03:27:35,724 - corrector.core.run - INFO - Random-walk step 2892/7000: motor target x=292258nm y=-412914nm
2026-08-18 03:27:41,349 - corrector.core.run - INFO - Random-walk step 2893/7000: motor target x=288719nm y=-414138nm
2026-08-18 03:27:46,672 - corrector.core.run - INFO - Random-walk step 2894/7000: motor target x=290664nm y=-409992nm
2026-08-18 03:27:52,454 - corrector.core.run - INFO - Random-walk step 2895/7000: motor target x=293262nm y=-408065nm
2026-08-18 03:27:58,030 - corrector.core.run - INFO - Random-walk step 2896/7000: motor target x=293385nm y=-408028nm
2026-08-18 03:28:04,364 - corrector.core.run - INFO - Random-walk step 2897/7000: motor target x=293476nm y=-406504nm
2026-08-18 03:28:09,771 - corrector.core.run - INFO - Random-walk step 2898/7000: motor target x=292766nm y=-406220nm
2026-08-18 03:28:15,403 - corrector.core.run - INFO - Random-walk step 2899/7000: motor target x=295182nm y=-405869nm
2026-08-18 03:28:21,244 - corrector.core.run - INFO - Random-walk step 2900/7000: motor target x=295907nm y=-406261nm
2026-08-18 03:28:26,872 - corrector.core.run - INFO - Random-walk step 2901/7000: motor target x=295746nm y=-405729nm
2026-08-18 03:28:32,590 - corrector.core.run - INFO - Random-walk step 2902/7000: motor target x=296282nm y=-405301nm
2026-08-18 03:28:38,266 - corrector.core.run - INFO - Random-walk step 2903/7000: motor target x=296098nm y=-404957nm
2026-08-18 03:28:44,124 - corrector.core.run - INFO - Random-walk step 2904/7000: motor target x=296708nm y=-405160nm
2026-08-18 03:28:49,665 - corrector.core.run - INFO - Random-walk step 2905/7000: motor target x=299528nm y=-401538nm
2026-08-18 03:28:55,525 - corrector.core.run - INFO - Random-walk step 2906/7000: motor target x=296828nm y=-401981nm
2026-08-18 03:29:01,087 - corrector.core.run - INFO - Random-walk step 2907/7000: motor target x=296680nm y=-401750nm
2026-08-18 03:29:06,965 - corrector.core.run - INFO - Random-walk step 2908/7000: motor target x=296807nm y=-404073nm
2026-08-18 03:29:12,811 - corrector.core.run - INFO - Random-walk step 2909/7000: motor target x=297342nm y=-403293nm
2026-08-18 03:29:18,432 - corrector.core.run - INFO - Random-walk step 2910/7000: motor target x=296688nm y=-403917nm
2026-08-18 03:29:24,311 - corrector.core.run - INFO - Random-walk step 2911/7000: motor target x=296845nm y=-404779nm
2026-08-18 03:29:29,884 - corrector.core.run - INFO - Random-walk step 2912/7000: motor target x=296268nm y=-404326nm
2026-08-18 03:29:35,447 - corrector.core.run - INFO - Random-walk step 2913/7000: motor target x=291747nm y=-406399nm
2026-08-18 03:29:41,389 - corrector.core.run - INFO - Random-walk step 2914/7000: motor target x=291036nm y=-405845nm
2026-08-18 03:29:46,983 - corrector.core.run - INFO - Random-walk step 2915/7000: motor target x=290683nm y=-405735nm
2026-08-18 03:29:53,150 - corrector.core.run - INFO - Random-walk step 2916/7000: motor target x=290947nm y=-404312nm
2026-08-18 03:29:58,359 - corrector.core.run - INFO - Random-walk step 2917/7000: motor target x=291105nm y=-407616nm
2026-08-18 03:30:04,194 - corrector.core.run - INFO - Random-walk step 2918/7000: motor target x=290813nm y=-409480nm
2026-08-18 03:30:09,855 - corrector.core.run - INFO - Random-walk step 2919/7000: motor target x=285434nm y=-402344nm
2026-08-18 03:30:15,584 - corrector.core.run - INFO - Random-walk step 2920/7000: motor target x=285837nm y=-402668nm
2026-08-18 03:30:21,472 - corrector.core.run - INFO - Random-walk step 2921/7000: motor target x=286468nm y=-398834nm
2026-08-18 03:30:27,268 - corrector.core.run - INFO - Random-walk step 2922/7000: motor target x=287156nm y=-398746nm
2026-08-18 03:30:32,856 - corrector.core.run - INFO - Random-walk step 2923/7000: motor target x=287477nm y=-401192nm
2026-08-18 03:30:38,539 - corrector.core.run - INFO - Random-walk step 2924/7000: motor target x=285562nm y=-401064nm
2026-08-18 03:30:44,560 - corrector.core.run - INFO - Random-walk step 2925/7000: motor target x=284300nm y=-402698nm
2026-08-18 03:30:50,072 - corrector.core.run - INFO - Random-walk step 2926/7000: motor target x=284913nm y=-402521nm
2026-08-18 03:30:55,695 - corrector.core.run - INFO - Random-walk step 2927/7000: motor target x=285041nm y=-402948nm
2026-08-18 03:31:01,388 - corrector.core.run - INFO - Random-walk step 2928/7000: motor target x=285472nm y=-402738nm
2026-08-18 03:31:07,242 - corrector.core.run - INFO - Random-walk step 2929/7000: motor target x=284933nm y=-402220nm
2026-08-18 03:31:13,058 - corrector.core.run - INFO - Random-walk step 2930/7000: motor target x=285757nm y=-401930nm
2026-08-18 03:31:18,558 - corrector.core.run - INFO - Random-walk step 2931/7000: motor target x=285863nm y=-401679nm
2026-08-18 03:31:24,532 - corrector.core.run - INFO - Random-walk step 2932/7000: motor target x=285764nm y=-400871nm
2026-08-18 03:31:30,661 - corrector.core.run - INFO - Random-walk step 2933/7000: motor target x=284226nm y=-399287nm
2026-08-18 03:31:36,072 - corrector.core.run - INFO - Random-walk step 2934/7000: motor target x=282368nm y=-398346nm
2026-08-18 03:31:41,431 - corrector.core.run - INFO - Random-walk step 2935/7000: motor target x=284951nm y=-399983nm
2026-08-18 03:31:47,141 - corrector.core.run - INFO - Random-walk step 2936/7000: motor target x=285154nm y=-399853nm
2026-08-18 03:31:53,240 - corrector.core.run - INFO - Random-walk step 2937/7000: motor target x=287168nm y=-400866nm
2026-08-18 03:31:59,125 - corrector.core.run - INFO - Random-walk step 2938/7000: motor target x=291661nm y=-399408nm
2026-08-18 03:32:04,740 - corrector.core.run - INFO - Random-walk step 2939/7000: motor target x=292763nm y=-399839nm
2026-08-18 03:32:10,015 - corrector.core.run - INFO - Random-walk step 2940/7000: motor target x=292759nm y=-399892nm
2026-08-18 03:32:15,844 - corrector.core.run - INFO - Random-walk step 2941/7000: motor target x=288859nm y=-397475nm
2026-08-18 03:32:21,466 - corrector.core.run - INFO - Random-walk step 2942/7000: motor target x=288815nm y=-397520nm
2026-08-18 03:32:27,331 - corrector.core.run - INFO - Random-walk step 2943/7000: motor target x=288447nm y=-397890nm
2026-08-18 03:32:33,275 - corrector.core.run - INFO - Random-walk step 2944/7000: motor target x=285807nm y=-397141nm
2026-08-18 03:32:38,727 - corrector.core.run - INFO - Random-walk step 2945/7000: motor target x=285617nm y=-396903nm
2026-08-18 03:32:44,620 - corrector.core.run - INFO - Random-walk step 2946/7000: motor target x=285675nm y=-396281nm
2026-08-18 03:32:50,115 - corrector.core.run - INFO - Random-walk step 2947/7000: motor target x=285611nm y=-396244nm
2026-08-18 03:32:56,319 - corrector.core.run - INFO - Random-walk step 2948/7000: motor target x=285359nm y=-397488nm
2026-08-18 03:33:01,814 - corrector.core.run - INFO - Random-walk step 2949/7000: motor target x=284791nm y=-397077nm
2026-08-18 03:33:07,377 - corrector.core.run - INFO - Random-walk step 2950/7000: motor target x=282840nm y=-395357nm
2026-08-18 03:33:13,041 - corrector.core.run - INFO - Random-walk step 2951/7000: motor target x=282796nm y=-395500nm
2026-08-18 03:33:19,153 - corrector.core.run - INFO - Random-walk step 2952/7000: motor target x=283795nm y=-397070nm
2026-08-18 03:33:24,545 - corrector.core.run - INFO - Random-walk step 2953/7000: motor target x=283567nm y=-396963nm
2026-08-18 03:33:30,288 - corrector.core.run - INFO - Random-walk step 2954/7000: motor target x=283635nm y=-397262nm
2026-08-18 03:33:36,268 - corrector.core.run - INFO - Random-walk step 2955/7000: motor target x=284209nm y=-396477nm
2026-08-18 03:33:41,965 - corrector.core.run - INFO - Random-walk step 2956/7000: motor target x=283385nm y=-396807nm
2026-08-18 03:33:47,372 - corrector.core.run - INFO - Random-walk step 2957/7000: motor target x=283501nm y=-396719nm
2026-08-18 03:33:53,237 - corrector.core.run - INFO - Random-walk step 2958/7000: motor target x=279644nm y=-396774nm
2026-08-18 03:33:58,794 - corrector.core.run - INFO - Random-walk step 2959/7000: motor target x=279627nm y=-396872nm
2026-08-18 03:34:04,874 - corrector.core.run - INFO - Random-walk step 2960/7000: motor target x=278830nm y=-397213nm
2026-08-18 03:34:10,373 - corrector.core.run - INFO - Random-walk step 2961/7000: motor target x=278968nm y=-396857nm
2026-08-18 03:34:16,062 - corrector.core.run - INFO - Random-walk step 2962/7000: motor target x=279028nm y=-396674nm
2026-08-18 03:34:21,877 - corrector.core.run - INFO - Random-walk step 2963/7000: motor target x=279315nm y=-396778nm
2026-08-18 03:34:27,424 - corrector.core.run - INFO - Random-walk step 2964/7000: motor target x=279259nm y=-396785nm
2026-08-18 03:34:33,454 - corrector.core.run - INFO - Random-walk step 2965/7000: motor target x=279491nm y=-397356nm
2026-08-18 03:34:39,286 - corrector.core.run - INFO - Random-walk step 2966/7000: motor target x=280066nm y=-396568nm
2026-08-18 03:34:44,918 - corrector.core.run - INFO - Random-walk step 2967/7000: motor target x=280640nm y=-396618nm
2026-08-18 03:34:50,461 - corrector.core.run - INFO - Random-walk step 2968/7000: motor target x=282328nm y=-392754nm
2026-08-18 03:34:56,166 - corrector.core.run - INFO - Random-walk step 2969/7000: motor target x=282319nm y=-392962nm
2026-08-18 03:35:02,187 - corrector.core.run - INFO - Random-walk step 2970/7000: motor target x=282299nm y=-391988nm
2026-08-18 03:35:07,537 - corrector.core.run - INFO - Random-walk step 2971/7000: motor target x=282346nm y=-391969nm
2026-08-18 03:35:13,303 - corrector.core.run - INFO - Random-walk step 2972/7000: motor target x=282384nm y=-391844nm
2026-08-18 03:35:18,991 - corrector.core.run - INFO - Random-walk step 2973/7000: motor target x=282419nm y=-391803nm
2026-08-18 03:35:24,725 - corrector.core.run - INFO - Random-walk step 2974/7000: motor target x=282361nm y=-391765nm
2026-08-18 03:35:30,699 - corrector.core.run - INFO - Random-walk step 2975/7000: motor target x=281892nm y=-391273nm
2026-08-18 03:35:36,529 - corrector.core.run - INFO - Random-walk step 2976/7000: motor target x=281776nm y=-390299nm
2026-08-18 03:35:41,992 - corrector.core.run - INFO - Random-walk step 2977/7000: motor target x=285417nm y=-392094nm
2026-08-18 03:35:47,840 - corrector.core.run - INFO - Random-walk step 2978/7000: motor target x=284843nm y=-392686nm
2026-08-18 03:35:55,175 - corrector.core.run - INFO - Random-walk step 2979/7000: motor target x=284730nm y=-392717nm
2026-08-18 03:36:00,667 - corrector.core.run - INFO - Random-walk step 2980/7000: motor target x=283251nm y=-394218nm
2026-08-18 03:36:05,871 - corrector.core.run - INFO - Random-walk step 2981/7000: motor target x=283143nm y=-393811nm
2026-08-18 03:36:12,784 - corrector.core.run - INFO - Random-walk step 2982/7000: motor target x=281688nm y=-394371nm
2026-08-18 03:36:18,974 - corrector.core.run - INFO - Random-walk step 2983/7000: motor target x=281253nm y=-394351nm
2026-08-18 03:36:25,748 - corrector.core.run - INFO - Random-walk step 2984/7000: motor target x=279961nm y=-394991nm
2026-08-18 03:36:31,874 - corrector.core.run - INFO - Random-walk step 2985/7000: motor target x=277338nm y=-399076nm
2026-08-18 03:36:37,696 - corrector.core.run - INFO - Random-walk step 2986/7000: motor target x=277444nm y=-399378nm
2026-08-18 03:36:43,436 - corrector.core.run - INFO - Random-walk step 2987/7000: motor target x=277489nm y=-398991nm
2026-08-18 03:36:49,280 - corrector.core.run - INFO - Random-walk step 2988/7000: motor target x=276995nm y=-402708nm
2026-08-18 03:36:55,044 - corrector.core.run - INFO - Random-walk step 2989/7000: motor target x=276555nm y=-401937nm
2026-08-18 03:37:00,505 - corrector.core.run - INFO - Random-walk step 2990/7000: motor target x=276828nm y=-401962nm
2026-08-18 03:37:06,394 - corrector.core.run - INFO - Random-walk step 2991/7000: motor target x=277420nm y=-401825nm
2026-08-18 03:37:11,947 - corrector.core.run - INFO - Random-walk step 2992/7000: motor target x=277130nm y=-401755nm
2026-08-18 03:37:18,114 - corrector.core.run - INFO - Random-walk step 2993/7000: motor target x=277052nm y=-400474nm
2026-08-18 03:37:23,614 - corrector.core.run - INFO - Random-walk step 2994/7000: motor target x=277665nm y=-400403nm
2026-08-18 03:37:29,049 - corrector.core.run - INFO - Random-walk step 2995/7000: motor target x=277650nm y=-400344nm
2026-08-18 03:37:34,855 - corrector.core.run - INFO - Random-walk step 2996/7000: motor target x=277513nm y=-400311nm
2026-08-18 03:37:40,653 - corrector.core.run - INFO - Random-walk step 2997/7000: motor target x=277759nm y=-400341nm
2026-08-18 03:37:46,587 - corrector.core.run - INFO - Random-walk step 2998/7000: motor target x=276964nm y=-400292nm
2026-08-18 03:37:52,143 - corrector.core.run - INFO - Random-walk step 2999/7000: motor target x=278538nm y=-404010nm
2026-08-18 03:37:57,717 - corrector.core.run - INFO - Random-walk step 3000/7000: motor target x=278634nm y=-403921nm
2026-08-18 03:38:03,577 - corrector.core.run - INFO - Random-walk step 3001/7000: motor target x=276318nm y=-401470nm
2026-08-18 03:38:09,547 - corrector.core.run - INFO - Random-walk step 3002/7000: motor target x=276700nm y=-400601nm
2026-08-18 03:38:15,409 - corrector.core.run - INFO - Random-walk step 3003/7000: motor target x=277341nm y=-401910nm
2026-08-18 03:38:20,705 - corrector.core.run - INFO - Random-walk step 3004/7000: motor target x=283011nm y=-404190nm
2026-08-18 03:38:26,571 - corrector.core.run - INFO - Random-walk step 3005/7000: motor target x=282409nm y=-403937nm
2026-08-18 03:38:32,726 - corrector.core.run - INFO - Random-walk step 3006/7000: motor target x=281030nm y=-405416nm
2026-08-18 03:38:37,817 - corrector.core.run - INFO - Random-walk step 3007/7000: motor target x=281046nm y=-405721nm
2026-08-18 03:38:43,512 - corrector.core.run - INFO - Random-walk step 3008/7000: motor target x=281044nm y=-407324nm
2026-08-18 03:38:49,320 - corrector.core.run - INFO - Random-walk step 3009/7000: motor target x=283425nm y=-412916nm
2026-08-18 03:38:55,000 - corrector.core.run - INFO - Random-walk step 3010/7000: motor target x=281345nm y=-412858nm
2026-08-18 03:39:01,187 - corrector.core.run - INFO - Random-walk step 3011/7000: motor target x=282741nm y=-416930nm
2026-08-18 03:39:06,400 - corrector.core.run - INFO - Random-walk step 3012/7000: motor target x=282669nm y=-416793nm
2026-08-18 03:39:12,516 - corrector.core.run - INFO - Random-walk step 3013/7000: motor target x=280911nm y=-417867nm
2026-08-18 03:39:18,336 - corrector.core.run - INFO - Random-walk step 3014/7000: motor target x=279526nm y=-417798nm
2026-08-18 03:39:23,572 - corrector.core.run - INFO - Random-walk step 3015/7000: motor target x=279582nm y=-417878nm
2026-08-18 03:39:29,682 - corrector.core.run - INFO - Random-walk step 3016/7000: motor target x=278602nm y=-414245nm
2026-08-18 03:39:35,287 - corrector.core.run - INFO - Random-walk step 3017/7000: motor target x=279260nm y=-414209nm
2026-08-18 03:39:40,815 - corrector.core.run - INFO - Random-walk step 3018/7000: motor target x=279445nm y=-413906nm
2026-08-18 03:39:46,809 - corrector.core.run - INFO - Random-walk step 3019/7000: motor target x=280344nm y=-413642nm
2026-08-18 03:39:52,515 - corrector.core.run - INFO - Random-walk step 3020/7000: motor target x=281093nm y=-414241nm
2026-08-18 03:39:57,986 - corrector.core.run - INFO - Random-walk step 3021/7000: motor target x=284108nm y=-417570nm
2026-08-18 03:40:03,737 - corrector.core.run - INFO - Random-walk step 3022/7000: motor target x=285851nm y=-408755nm
2026-08-18 03:40:10,075 - corrector.core.run - INFO - Random-walk step 3023/7000: motor target x=284415nm y=-410127nm
2026-08-18 03:40:15,569 - corrector.core.run - INFO - Random-walk step 3024/7000: motor target x=285538nm y=-408285nm
2026-08-18 03:40:20,895 - corrector.core.run - INFO - Random-walk step 3025/7000: motor target x=283712nm y=-408458nm
2026-08-18 03:40:27,084 - corrector.core.run - INFO - Random-walk step 3026/7000: motor target x=283094nm y=-407142nm
2026-08-18 03:40:32,603 - corrector.core.run - INFO - Random-walk step 3027/7000: motor target x=282187nm y=-407411nm
2026-08-18 03:40:37,971 - corrector.core.run - INFO - Random-walk step 3028/7000: motor target x=282257nm y=-407414nm
2026-08-18 03:40:44,217 - corrector.core.run - INFO - Random-walk step 3029/7000: motor target x=283511nm y=-409118nm
2026-08-18 03:40:49,415 - corrector.core.run - INFO - Random-walk step 3030/7000: motor target x=283567nm y=-409135nm
2026-08-18 03:40:55,239 - corrector.core.run - INFO - Random-walk step 3031/7000: motor target x=285597nm y=-411351nm
2026-08-18 03:41:01,075 - corrector.core.run - INFO - Random-walk step 3032/7000: motor target x=288070nm y=-420555nm
2026-08-18 03:41:07,186 - corrector.core.run - INFO - Random-walk step 3033/7000: motor target x=288906nm y=-419252nm
2026-08-18 03:41:12,673 - corrector.core.run - INFO - Random-walk step 3034/7000: motor target x=285859nm y=-419836nm
2026-08-18 03:41:18,261 - corrector.core.run - INFO - Random-walk step 3035/7000: motor target x=285367nm y=-419452nm
2026-08-18 03:41:23,810 - corrector.core.run - INFO - Random-walk step 3036/7000: motor target x=285413nm y=-419535nm
2026-08-18 03:41:29,625 - corrector.core.run - INFO - Random-walk step 3037/7000: motor target x=289659nm y=-421892nm
2026-08-18 03:41:35,294 - corrector.core.run - INFO - Random-walk step 3038/7000: motor target x=289732nm y=-421872nm
2026-08-18 03:41:41,234 - corrector.core.run - INFO - Random-walk step 3039/7000: motor target x=290230nm y=-422265nm
2026-08-18 03:41:47,116 - corrector.core.run - INFO - Random-walk step 3040/7000: motor target x=288431nm y=-421379nm
2026-08-18 03:41:52,476 - corrector.core.run - INFO - Random-walk step 3041/7000: motor target x=288361nm y=-421367nm
2026-08-18 03:41:58,452 - corrector.core.run - INFO - Random-walk step 3042/7000: motor target x=288923nm y=-420791nm
2026-08-18 03:42:04,055 - corrector.core.run - INFO - Random-walk step 3043/7000: motor target x=289367nm y=-420958nm
2026-08-18 03:42:10,171 - corrector.core.run - INFO - Random-walk step 3044/7000: motor target x=290760nm y=-423133nm
2026-08-18 03:42:15,708 - corrector.core.run - INFO - Random-walk step 3045/7000: motor target x=290987nm y=-423980nm
2026-08-18 03:42:21,166 - corrector.core.run - INFO - Random-walk step 3046/7000: motor target x=290935nm y=-423645nm
2026-08-18 03:42:26,833 - corrector.core.run - INFO - Random-walk step 3047/7000: motor target x=293156nm y=-423394nm
2026-08-18 03:42:32,835 - corrector.core.run - INFO - Random-walk step 3048/7000: motor target x=292918nm y=-424165nm
2026-08-18 03:42:38,392 - corrector.core.run - INFO - Random-walk step 3049/7000: motor target x=293148nm y=-424110nm
2026-08-18 03:42:44,076 - corrector.core.run - INFO - Random-walk step 3050/7000: motor target x=293434nm y=-424136nm
2026-08-18 03:42:49,778 - corrector.core.run - INFO - Random-walk step 3051/7000: motor target x=293188nm y=-424279nm
2026-08-18 03:42:55,653 - corrector.core.run - INFO - Random-walk step 3052/7000: motor target x=293514nm y=-424770nm
2026-08-18 03:43:01,273 - corrector.core.run - INFO - Random-walk step 3053/7000: motor target x=293796nm y=-424430nm
2026-08-18 03:43:07,377 - corrector.core.run - INFO - Random-walk step 3054/7000: motor target x=293144nm y=-425490nm
2026-08-18 03:43:12,991 - corrector.core.run - INFO - Random-walk step 3055/7000: motor target x=290415nm y=-424717nm
2026-08-18 03:43:18,779 - corrector.core.run - INFO - Random-walk step 3056/7000: motor target x=290615nm y=-423590nm
2026-08-18 03:43:24,223 - corrector.core.run - INFO - Random-walk step 3057/7000: motor target x=290138nm y=-423198nm
2026-08-18 03:43:29,884 - corrector.core.run - INFO - Random-walk step 3058/7000: motor target x=290183nm y=-423543nm
2026-08-18 03:43:35,613 - corrector.core.run - INFO - Random-walk step 3059/7000: motor target x=292090nm y=-425415nm
2026-08-18 03:43:41,796 - corrector.core.run - INFO - Random-walk step 3060/7000: motor target x=294255nm y=-424143nm
2026-08-18 03:43:47,220 - corrector.core.run - INFO - Random-walk step 3061/7000: motor target x=293704nm y=-420328nm
2026-08-18 03:43:52,786 - corrector.core.run - INFO - Random-walk step 3062/7000: motor target x=294022nm y=-420131nm
2026-08-18 03:43:58,704 - corrector.core.run - INFO - Random-walk step 3063/7000: motor target x=294596nm y=-419989nm
2026-08-18 03:44:04,236 - corrector.core.run - INFO - Random-walk step 3064/7000: motor target x=294509nm y=-420210nm
2026-08-18 03:44:10,050 - corrector.core.run - INFO - Random-walk step 3065/7000: motor target x=294891nm y=-419744nm
2026-08-18 03:44:15,916 - corrector.core.run - INFO - Random-walk step 3066/7000: motor target x=295561nm y=-419386nm
2026-08-18 03:44:21,672 - corrector.core.run - INFO - Random-walk step 3067/7000: motor target x=296084nm y=-409589nm
2026-08-18 03:44:27,259 - corrector.core.run - INFO - Random-walk step 3068/7000: motor target x=296669nm y=-411833nm
2026-08-18 03:44:34,387 - corrector.core.run - INFO - Random-walk step 3069/7000: motor target x=304022nm y=-411672nm
2026-08-18 03:44:40,169 - corrector.core.run - INFO - Random-walk step 3070/7000: motor target x=303485nm y=-411524nm
2026-08-18 03:44:45,918 - corrector.core.run - INFO - Random-walk step 3071/7000: motor target x=305788nm y=-408194nm
2026-08-18 03:44:51,568 - corrector.core.run - INFO - Random-walk step 3072/7000: motor target x=305696nm y=-408200nm
2026-08-18 03:44:57,345 - corrector.core.run - INFO - Random-walk step 3073/7000: motor target x=305728nm y=-410048nm
2026-08-18 03:45:03,153 - corrector.core.run - INFO - Random-walk step 3074/7000: motor target x=305523nm y=-410483nm
2026-08-18 03:45:08,692 - corrector.core.run - INFO - Random-walk step 3075/7000: motor target x=305388nm y=-410670nm
2026-08-18 03:45:14,744 - corrector.core.run - INFO - Random-walk step 3076/7000: motor target x=304588nm y=-410954nm
2026-08-18 03:45:20,457 - corrector.core.run - INFO - Random-walk step 3077/7000: motor target x=304826nm y=-410857nm
2026-08-18 03:45:27,999 - corrector.core.run - INFO - Random-walk step 3078/7000: motor target x=305707nm y=-411306nm
2026-08-18 03:45:33,631 - corrector.core.run - INFO - Random-walk step 3079/7000: motor target x=304922nm y=-411696nm
2026-08-18 03:45:39,350 - corrector.core.run - INFO - Random-walk step 3080/7000: motor target x=304420nm y=-410970nm
2026-08-18 03:45:44,869 - corrector.core.run - INFO - Random-walk step 3081/7000: motor target x=301525nm y=-411148nm
2026-08-18 03:45:50,652 - corrector.core.run - INFO - Random-walk step 3082/7000: motor target x=301196nm y=-410872nm
2026-08-18 03:45:56,638 - corrector.core.run - INFO - Random-walk step 3083/7000: motor target x=303284nm y=-410008nm
2026-08-18 03:46:02,345 - corrector.core.run - INFO - Random-walk step 3084/7000: motor target x=302473nm y=-414329nm
2026-08-18 03:46:08,267 - corrector.core.run - INFO - Random-walk step 3085/7000: motor target x=302143nm y=-415788nm
2026-08-18 03:46:13,791 - corrector.core.run - INFO - Random-walk step 3086/7000: motor target x=303023nm y=-415014nm
2026-08-18 03:46:19,871 - corrector.core.run - INFO - Random-walk step 3087/7000: motor target x=304351nm y=-413457nm
2026-08-18 03:46:25,099 - corrector.core.run - INFO - Random-walk step 3088/7000: motor target x=304731nm y=-413841nm
2026-08-18 03:46:30,839 - corrector.core.run - INFO - Random-walk step 3089/7000: motor target x=305272nm y=-413995nm
2026-08-18 03:46:36,681 - corrector.core.run - INFO - Random-walk step 3090/7000: motor target x=306137nm y=-413781nm
2026-08-18 03:46:42,390 - corrector.core.run - INFO - Random-walk step 3091/7000: motor target x=305442nm y=-413088nm
2026-08-18 03:46:47,782 - corrector.core.run - INFO - Random-walk step 3092/7000: motor target x=305442nm y=-413213nm
2026-08-18 03:46:53,904 - corrector.core.run - INFO - Random-walk step 3093/7000: motor target x=304485nm y=-412535nm
2026-08-18 03:46:59,720 - corrector.core.run - INFO - Random-walk step 3094/7000: motor target x=304222nm y=-411281nm
2026-08-18 03:47:05,038 - corrector.core.run - INFO - Random-walk step 3095/7000: motor target x=304469nm y=-411379nm
2026-08-18 03:47:11,298 - corrector.core.run - INFO - Random-walk step 3096/7000: motor target x=305177nm y=-412914nm
2026-08-18 03:47:16,730 - corrector.core.run - INFO - Random-walk step 3097/7000: motor target x=305091nm y=-413683nm
2026-08-18 03:47:22,314 - corrector.core.run - INFO - Random-walk step 3098/7000: motor target x=304845nm y=-413402nm
2026-08-18 03:47:28,356 - corrector.core.run - INFO - Random-walk step 3099/7000: motor target x=304623nm y=-414547nm
2026-08-18 03:47:33,754 - corrector.core.run - INFO - Random-walk step 3100/7000: motor target x=304309nm y=-414932nm
2026-08-18 03:47:39,749 - corrector.core.run - INFO - Random-walk step 3101/7000: motor target x=303237nm y=-414535nm
2026-08-18 03:47:45,083 - corrector.core.run - INFO - Random-walk step 3102/7000: motor target x=303164nm y=-414329nm
2026-08-18 03:47:51,181 - corrector.core.run - INFO - Random-walk step 3103/7000: motor target x=302223nm y=-414517nm
2026-08-18 03:47:56,663 - corrector.core.run - INFO - Random-walk step 3104/7000: motor target x=302647nm y=-414970nm
2026-08-18 03:48:02,821 - corrector.core.run - INFO - Random-walk step 3105/7000: motor target x=304257nm y=-416325nm
2026-08-18 03:48:08,569 - corrector.core.run - INFO - Random-walk step 3106/7000: motor target x=302805nm y=-415519nm
2026-08-18 03:48:13,791 - corrector.core.run - INFO - Random-walk step 3107/7000: motor target x=302470nm y=-415444nm
2026-08-18 03:48:19,511 - corrector.core.run - INFO - Random-walk step 3108/7000: motor target x=302661nm y=-412315nm
2026-08-18 03:48:25,309 - corrector.core.run - INFO - Random-walk step 3109/7000: motor target x=302173nm y=-412140nm
2026-08-18 03:48:30,951 - corrector.core.run - INFO - Random-walk step 3110/7000: motor target x=295126nm y=-409356nm
2026-08-18 03:48:36,617 - corrector.core.run - INFO - Random-walk step 3111/7000: motor target x=295047nm y=-409313nm
2026-08-18 03:48:42,410 - corrector.core.run - INFO - Random-walk step 3112/7000: motor target x=295176nm y=-409281nm
2026-08-18 03:48:48,258 - corrector.core.run - INFO - Random-walk step 3113/7000: motor target x=295430nm y=-408910nm
2026-08-18 03:48:54,194 - corrector.core.run - INFO - Random-walk step 3114/7000: motor target x=297222nm y=-407860nm
2026-08-18 03:48:59,729 - corrector.core.run - INFO - Random-walk step 3115/7000: motor target x=297735nm y=-407567nm
2026-08-18 03:49:05,587 - corrector.core.run - INFO - Random-walk step 3116/7000: motor target x=297732nm y=-408452nm
2026-08-18 03:49:11,026 - corrector.core.run - INFO - Random-walk step 3117/7000: motor target x=297915nm y=-408665nm
2026-08-18 03:49:17,079 - corrector.core.run - INFO - Random-walk step 3118/7000: motor target x=297958nm y=-409533nm
2026-08-18 03:49:22,478 - corrector.core.run - INFO - Random-walk step 3119/7000: motor target x=297962nm y=-409273nm
2026-08-18 03:49:28,714 - corrector.core.run - INFO - Random-walk step 3120/7000: motor target x=296822nm y=-407802nm
2026-08-18 03:49:33,894 - corrector.core.run - INFO - Random-walk step 3121/7000: motor target x=296866nm y=-407977nm
2026-08-18 03:49:40,175 - corrector.core.run - INFO - Random-walk step 3122/7000: motor target x=298310nm y=-408073nm
2026-08-18 03:49:45,504 - corrector.core.run - INFO - Random-walk step 3123/7000: motor target x=298844nm y=-407911nm
2026-08-18 03:49:51,140 - corrector.core.run - INFO - Random-walk step 3124/7000: motor target x=291380nm y=-411791nm
2026-08-18 03:49:57,118 - corrector.core.run - INFO - Random-walk step 3125/7000: motor target x=291658nm y=-410905nm
2026-08-18 03:50:02,846 - corrector.core.run - INFO - Random-walk step 3126/7000: motor target x=290997nm y=-408789nm
2026-08-18 03:50:08,334 - corrector.core.run - INFO - Random-walk step 3127/7000: motor target x=288867nm y=-406616nm
2026-08-18 03:50:14,222 - corrector.core.run - INFO - Random-walk step 3128/7000: motor target x=289287nm y=-405939nm
2026-08-18 03:50:19,881 - corrector.core.run - INFO - Random-walk step 3129/7000: motor target x=289895nm y=-405665nm
2026-08-18 03:50:25,400 - corrector.core.run - INFO - Random-walk step 3130/7000: motor target x=290061nm y=-405695nm
2026-08-18 03:50:31,348 - corrector.core.run - INFO - Random-walk step 3131/7000: motor target x=287509nm y=-405205nm
2026-08-18 03:50:37,399 - corrector.core.run - INFO - Random-walk step 3132/7000: motor target x=288621nm y=-403811nm
2026-08-18 03:50:42,557 - corrector.core.run - INFO - Random-walk step 3133/7000: motor target x=288615nm y=-403866nm
2026-08-18 03:50:49,612 - corrector.core.run - INFO - Random-walk step 3134/7000: motor target x=283954nm y=-402898nm
2026-08-18 03:50:56,141 - corrector.core.run - INFO - Random-walk step 3135/7000: motor target x=282521nm y=-401603nm
2026-08-18 03:51:01,340 - corrector.core.run - INFO - Random-walk step 3136/7000: motor target x=282807nm y=-401496nm
2026-08-18 03:51:07,114 - corrector.core.run - INFO - Random-walk step 3137/7000: motor target x=282862nm y=-401848nm
2026-08-18 03:51:12,940 - corrector.core.run - INFO - Random-walk step 3138/7000: motor target x=284509nm y=-401336nm
2026-08-18 03:51:18,786 - corrector.core.run - INFO - Random-walk step 3139/7000: motor target x=283641nm y=-401151nm
2026-08-18 03:51:24,193 - corrector.core.run - INFO - Random-walk step 3140/7000: motor target x=283673nm y=-401324nm
2026-08-18 03:51:30,063 - corrector.core.run - INFO - Random-walk step 3141/7000: motor target x=283279nm y=-403443nm
2026-08-18 03:51:35,706 - corrector.core.run - INFO - Random-walk step 3142/7000: motor target x=285597nm y=-406312nm
2026-08-18 03:51:41,338 - corrector.core.run - INFO - Random-walk step 3143/7000: motor target x=285702nm y=-406319nm
2026-08-18 03:51:47,359 - corrector.core.run - INFO - Random-walk step 3144/7000: motor target x=286153nm y=-406936nm
2026-08-18 03:51:53,137 - corrector.core.run - INFO - Random-walk step 3145/7000: motor target x=286412nm y=-406041nm
2026-08-18 03:51:58,668 - corrector.core.run - INFO - Random-walk step 3146/7000: motor target x=292089nm y=-399911nm
2026-08-18 03:52:04,212 - corrector.core.run - INFO - Random-walk step 3147/7000: motor target x=292153nm y=-399897nm
2026-08-18 03:52:10,241 - corrector.core.run - INFO - Random-walk step 3148/7000: motor target x=291481nm y=-400071nm
2026-08-18 03:52:15,924 - corrector.core.run - INFO - Random-walk step 3149/7000: motor target x=292028nm y=-399913nm
2026-08-18 03:52:21,882 - corrector.core.run - INFO - Random-walk step 3150/7000: motor target x=287584nm y=-398796nm
2026-08-18 03:52:28,672 - corrector.core.run - INFO - Random-walk step 3151/7000: motor target x=287678nm y=-398813nm
2026-08-18 03:52:34,539 - corrector.core.run - INFO - Random-walk step 3152/7000: motor target x=287491nm y=-398920nm
2026-08-18 03:52:40,500 - corrector.core.run - INFO - Random-walk step 3153/7000: motor target x=286855nm y=-398061nm
2026-08-18 03:52:45,980 - corrector.core.run - INFO - Random-walk step 3154/7000: motor target x=287201nm y=-397718nm
2026-08-18 03:52:51,887 - corrector.core.run - INFO - Random-walk step 3155/7000: motor target x=287989nm y=-397652nm
2026-08-18 03:52:57,351 - corrector.core.run - INFO - Random-walk step 3156/7000: motor target x=287745nm y=-397567nm
2026-08-18 03:53:03,181 - corrector.core.run - INFO - Random-walk step 3157/7000: motor target x=287627nm y=-402161nm
2026-08-18 03:53:08,920 - corrector.core.run - INFO - Random-walk step 3158/7000: motor target x=278323nm y=-398901nm
2026-08-18 03:53:14,877 - corrector.core.run - INFO - Random-walk step 3159/7000: motor target x=277856nm y=-398120nm
2026-08-18 03:53:20,345 - corrector.core.run - INFO - Random-walk step 3160/7000: motor target x=280422nm y=-398108nm
2026-08-18 03:53:26,217 - corrector.core.run - INFO - Random-walk step 3161/7000: motor target x=280328nm y=-398612nm
2026-08-18 03:53:32,231 - corrector.core.run - INFO - Random-walk step 3162/7000: motor target x=281685nm y=-398384nm
2026-08-18 03:53:37,533 - corrector.core.run - INFO - Random-walk step 3163/7000: motor target x=281965nm y=-398677nm
2026-08-18 03:53:43,305 - corrector.core.run - INFO - Random-walk step 3164/7000: motor target x=279657nm y=-398981nm
2026-08-18 03:53:49,040 - corrector.core.run - INFO - Random-walk step 3165/7000: motor target x=280137nm y=-398575nm
2026-08-18 03:53:54,837 - corrector.core.run - INFO - Random-walk step 3166/7000: motor target x=280772nm y=-398038nm
2026-08-18 03:54:00,501 - corrector.core.run - INFO - Random-walk step 3167/7000: motor target x=280310nm y=-397901nm
2026-08-18 03:54:06,060 - corrector.core.run - INFO - Random-walk step 3168/7000: motor target x=280242nm y=-397923nm
2026-08-18 03:54:11,804 - corrector.core.run - INFO - Random-walk step 3169/7000: motor target x=280186nm y=-397936nm
2026-08-18 03:54:17,712 - corrector.core.run - INFO - Random-walk step 3170/7000: motor target x=278512nm y=-396159nm
2026-08-18 03:54:23,283 - corrector.core.run - INFO - Random-walk step 3171/7000: motor target x=278342nm y=-396233nm
2026-08-18 03:54:29,496 - corrector.core.run - INFO - Random-walk step 3172/7000: motor target x=277024nm y=-396201nm
2026-08-18 03:54:35,246 - corrector.core.run - INFO - Random-walk step 3173/7000: motor target x=279279nm y=-394808nm
2026-08-18 03:54:40,470 - corrector.core.run - INFO - Random-walk step 3174/7000: motor target x=279218nm y=-394594nm
2026-08-18 03:54:46,671 - corrector.core.run - INFO - Random-walk step 3175/7000: motor target x=280502nm y=-393971nm
2026-08-18 03:54:52,122 - corrector.core.run - INFO - Random-walk step 3176/7000: motor target x=282138nm y=-394469nm
2026-08-18 03:54:57,730 - corrector.core.run - INFO - Random-walk step 3177/7000: motor target x=282369nm y=-394839nm
2026-08-18 03:55:03,864 - corrector.core.run - INFO - Random-walk step 3178/7000: motor target x=283893nm y=-396184nm
2026-08-18 03:55:09,103 - corrector.core.run - INFO - Random-walk step 3179/7000: motor target x=283907nm y=-396392nm
2026-08-18 03:55:14,912 - corrector.core.run - INFO - Random-walk step 3180/7000: motor target x=284341nm y=-396621nm
2026-08-18 03:55:20,803 - corrector.core.run - INFO - Random-walk step 3181/7000: motor target x=284999nm y=-396020nm
2026-08-18 03:55:26,694 - corrector.core.run - INFO - Random-walk step 3182/7000: motor target x=284395nm y=-397125nm
2026-08-18 03:55:32,013 - corrector.core.run - INFO - Random-walk step 3183/7000: motor target x=284451nm y=-396855nm
2026-08-18 03:55:38,048 - corrector.core.run - INFO - Random-walk step 3184/7000: motor target x=285228nm y=-397177nm
2026-08-18 03:55:44,015 - corrector.core.run - INFO - Random-walk step 3185/7000: motor target x=286194nm y=-398675nm
2026-08-18 03:55:49,277 - corrector.core.run - INFO - Random-walk step 3186/7000: motor target x=285781nm y=-398281nm
2026-08-18 03:55:54,931 - corrector.core.run - INFO - Random-walk step 3187/7000: motor target x=285487nm y=-398275nm
2026-08-18 03:56:01,096 - corrector.core.run - INFO - Random-walk step 3188/7000: motor target x=286792nm y=-398806nm
2026-08-18 03:56:07,935 - corrector.core.run - INFO - Random-walk step 3189/7000: motor target x=284708nm y=-399152nm
2026-08-18 03:56:13,655 - corrector.core.run - INFO - Random-walk step 3190/7000: motor target x=288837nm y=-407206nm
2026-08-18 03:56:19,427 - corrector.core.run - INFO - Random-walk step 3191/7000: motor target x=289030nm y=-406760nm
2026-08-18 03:56:25,525 - corrector.core.run - INFO - Random-walk step 3192/7000: motor target x=290161nm y=-407935nm
2026-08-18 03:56:30,779 - corrector.core.run - INFO - Random-walk step 3193/7000: motor target x=294692nm y=-407987nm
2026-08-18 03:56:36,866 - corrector.core.run - INFO - Random-walk step 3194/7000: motor target x=293704nm y=-408321nm
2026-08-18 03:56:42,772 - corrector.core.run - INFO - Random-walk step 3195/7000: motor target x=295381nm y=-409784nm
2026-08-18 03:56:47,896 - corrector.core.run - INFO - Random-walk step 3196/7000: motor target x=295524nm y=-409822nm
2026-08-18 03:56:53,804 - corrector.core.run - INFO - Random-walk step 3197/7000: motor target x=294934nm y=-409785nm
2026-08-18 03:56:59,482 - corrector.core.run - INFO - Random-walk step 3198/7000: motor target x=294595nm y=-409772nm
2026-08-18 03:57:05,323 - corrector.core.run - INFO - Random-walk step 3199/7000: motor target x=294393nm y=-409234nm
2026-08-18 03:57:11,046 - corrector.core.run - INFO - Random-walk step 3200/7000: motor target x=295013nm y=-408709nm
2026-08-18 03:57:16,588 - corrector.core.run - INFO - Random-walk step 3201/7000: motor target x=294838nm y=-408730nm
2026-08-18 03:57:22,692 - corrector.core.run - INFO - Random-walk step 3202/7000: motor target x=298853nm y=-407731nm
2026-08-18 03:57:28,045 - corrector.core.run - INFO - Random-walk step 3203/7000: motor target x=298953nm y=-407636nm
2026-08-18 03:57:33,931 - corrector.core.run - INFO - Random-walk step 3204/7000: motor target x=299584nm y=-407660nm
2026-08-18 03:57:39,462 - corrector.core.run - INFO - Random-walk step 3205/7000: motor target x=299559nm y=-407606nm
2026-08-18 03:57:45,662 - corrector.core.run - INFO - Random-walk step 3206/7000: motor target x=299797nm y=-408691nm
2026-08-18 03:57:51,508 - corrector.core.run - INFO - Random-walk step 3207/7000: motor target x=301276nm y=-409141nm
2026-08-18 03:57:56,667 - corrector.core.run - INFO - Random-walk step 3208/7000: motor target x=301299nm y=-409268nm
2026-08-18 03:58:02,362 - corrector.core.run - INFO - Random-walk step 3209/7000: motor target x=301282nm y=-409192nm
2026-08-18 03:58:08,274 - corrector.core.run - INFO - Random-walk step 3210/7000: motor target x=299488nm y=-410821nm
2026-08-18 03:58:13,998 - corrector.core.run - INFO - Random-walk step 3211/7000: motor target x=299929nm y=-410978nm
2026-08-18 03:58:19,642 - corrector.core.run - INFO - Random-walk step 3212/7000: motor target x=303887nm y=-413512nm
2026-08-18 03:58:25,812 - corrector.core.run - INFO - Random-walk step 3213/7000: motor target x=305123nm y=-413389nm
2026-08-18 03:58:31,257 - corrector.core.run - INFO - Random-walk step 3214/7000: motor target x=305578nm y=-413375nm
2026-08-18 03:58:36,858 - corrector.core.run - INFO - Random-walk step 3215/7000: motor target x=305965nm y=-412981nm
2026-08-18 03:58:42,655 - corrector.core.run - INFO - Random-walk step 3216/7000: motor target x=305814nm y=-413364nm
2026-08-18 03:58:48,281 - corrector.core.run - INFO - Random-walk step 3217/7000: motor target x=305793nm y=-413772nm
2026-08-18 03:58:54,009 - corrector.core.run - INFO - Random-walk step 3218/7000: motor target x=308337nm y=-411681nm
2026-08-18 03:58:59,911 - corrector.core.run - INFO - Random-walk step 3219/7000: motor target x=307732nm y=-412005nm
2026-08-18 03:59:05,482 - corrector.core.run - INFO - Random-walk step 3220/7000: motor target x=309432nm y=-413853nm
2026-08-18 03:59:11,426 - corrector.core.run - INFO - Random-walk step 3221/7000: motor target x=309422nm y=-414716nm
2026-08-18 03:59:17,059 - corrector.core.run - INFO - Random-walk step 3222/7000: motor target x=309414nm y=-415176nm
2026-08-18 03:59:22,905 - corrector.core.run - INFO - Random-walk step 3223/7000: motor target x=309934nm y=-414350nm
2026-08-18 03:59:28,363 - corrector.core.run - INFO - Random-walk step 3224/7000: motor target x=307005nm y=-414605nm
2026-08-18 03:59:34,079 - corrector.core.run - INFO - Random-walk step 3225/7000: motor target x=306683nm y=-414857nm
2026-08-18 03:59:40,127 - corrector.core.run - INFO - Random-walk step 3226/7000: motor target x=306500nm y=-413930nm
2026-08-18 03:59:46,016 - corrector.core.run - INFO - Random-walk step 3227/7000: motor target x=305125nm y=-416104nm
2026-08-18 03:59:51,364 - corrector.core.run - INFO - Random-walk step 3228/7000: motor target x=304591nm y=-416477nm
2026-08-18 03:59:56,886 - corrector.core.run - INFO - Random-walk step 3229/7000: motor target x=304494nm y=-416443nm
2026-08-18 04:00:02,735 - corrector.core.run - INFO - Random-walk step 3230/7000: motor target x=304126nm y=-416330nm
2026-08-18 04:00:08,721 - corrector.core.run - INFO - Random-walk step 3231/7000: motor target x=302220nm y=-417203nm
2026-08-18 04:00:14,564 - corrector.core.run - INFO - Random-walk step 3232/7000: motor target x=301814nm y=-418436nm
2026-08-18 04:00:20,113 - corrector.core.run - INFO - Random-walk step 3233/7000: motor target x=302521nm y=-418096nm
2026-08-18 04:00:25,603 - corrector.core.run - INFO - Random-walk step 3234/7000: motor target x=304095nm y=-418185nm
2026-08-18 04:00:31,616 - corrector.core.run - INFO - Random-walk step 3235/7000: motor target x=303684nm y=-417283nm
2026-08-18 04:00:37,620 - corrector.core.run - INFO - Random-walk step 3236/7000: motor target x=301099nm y=-415790nm
2026-08-18 04:00:43,024 - corrector.core.run - INFO - Random-walk step 3237/7000: motor target x=303999nm y=-415155nm
2026-08-18 04:00:48,532 - corrector.core.run - INFO - Random-walk step 3238/7000: motor target x=304270nm y=-418118nm
2026-08-18 04:00:54,167 - corrector.core.run - INFO - Random-walk step 3239/7000: motor target x=304228nm y=-418148nm
2026-08-18 04:01:00,317 - corrector.core.run - INFO - Random-walk step 3240/7000: motor target x=304704nm y=-419162nm
2026-08-18 04:01:05,775 - corrector.core.run - INFO - Random-walk step 3241/7000: motor target x=302815nm y=-417528nm
2026-08-18 04:01:11,631 - corrector.core.run - INFO - Random-walk step 3242/7000: motor target x=303259nm y=-418138nm
2026-08-18 04:01:17,137 - corrector.core.run - INFO - Random-walk step 3243/7000: motor target x=303241nm y=-415176nm
2026-08-18 04:01:23,039 - corrector.core.run - INFO - Random-walk step 3244/7000: motor target x=303694nm y=-405911nm
2026-08-18 04:01:28,799 - corrector.core.run - INFO - Random-walk step 3245/7000: motor target x=303158nm y=-405704nm
2026-08-18 04:01:34,343 - corrector.core.run - INFO - Random-walk step 3246/7000: motor target x=299291nm y=-407991nm
2026-08-18 04:01:40,266 - corrector.core.run - INFO - Random-walk step 3247/7000: motor target x=299552nm y=-408627nm
2026-08-18 04:01:45,946 - corrector.core.run - INFO - Random-walk step 3248/7000: motor target x=300006nm y=-410429nm
2026-08-18 04:01:51,727 - corrector.core.run - INFO - Random-walk step 3249/7000: motor target x=300666nm y=-410777nm
2026-08-18 04:01:57,724 - corrector.core.run - INFO - Random-walk step 3250/7000: motor target x=302154nm y=-410485nm
2026-08-18 04:02:03,078 - corrector.core.run - INFO - Random-walk step 3251/7000: motor target x=301554nm y=-410218nm
2026-08-18 04:02:08,683 - corrector.core.run - INFO - Random-walk step 3252/7000: motor target x=301238nm y=-410415nm
2026-08-18 04:02:14,424 - corrector.core.run - INFO - Random-walk step 3253/7000: motor target x=299005nm y=-410626nm
2026-08-18 04:02:20,247 - corrector.core.run - INFO - Random-walk step 3254/7000: motor target x=300990nm y=-413556nm
2026-08-18 04:02:26,416 - corrector.core.run - INFO - Random-walk step 3255/7000: motor target x=299648nm y=-412349nm
2026-08-18 04:02:31,600 - corrector.core.run - INFO - Random-walk step 3256/7000: motor target x=299713nm y=-412546nm
2026-08-18 04:02:37,479 - corrector.core.run - INFO - Random-walk step 3257/7000: motor target x=298036nm y=-412199nm
2026-08-18 04:02:43,310 - corrector.core.run - INFO - Random-walk step 3258/7000: motor target x=298214nm y=-411446nm
2026-08-18 04:02:48,832 - corrector.core.run - INFO - Random-walk step 3259/7000: motor target x=298348nm y=-411730nm
2026-08-18 04:02:54,568 - corrector.core.run - INFO - Random-walk step 3260/7000: motor target x=297993nm y=-411724nm
2026-08-18 04:03:00,289 - corrector.core.run - INFO - Random-walk step 3261/7000: motor target x=297813nm y=-409479nm
2026-08-18 04:03:06,984 - corrector.core.run - INFO - Random-walk step 3262/7000: motor target x=298283nm y=-410203nm
2026-08-18 04:03:14,088 - corrector.core.run - INFO - Random-walk step 3263/7000: motor target x=300458nm y=-409171nm
2026-08-18 04:03:19,338 - corrector.core.run - INFO - Random-walk step 3264/7000: motor target x=301494nm y=-409973nm
2026-08-18 04:03:25,390 - corrector.core.run - INFO - Random-walk step 3265/7000: motor target x=301630nm y=-409852nm
2026-08-18 04:03:31,067 - corrector.core.run - INFO - Random-walk step 3266/7000: motor target x=301656nm y=-409734nm
2026-08-18 04:03:36,846 - corrector.core.run - INFO - Random-walk step 3267/7000: motor target x=301564nm y=-409879nm
2026-08-18 04:03:42,677 - corrector.core.run - INFO - Random-walk step 3268/7000: motor target x=299904nm y=-411518nm
2026-08-18 04:03:48,525 - corrector.core.run - INFO - Random-walk step 3269/7000: motor target x=299325nm y=-411191nm
2026-08-18 04:03:54,213 - corrector.core.run - INFO - Random-walk step 3270/7000: motor target x=299822nm y=-410572nm
2026-08-18 04:03:59,909 - corrector.core.run - INFO - Random-walk step 3271/7000: motor target x=299647nm y=-411157nm
2026-08-18 04:04:05,537 - corrector.core.run - INFO - Random-walk step 3272/7000: motor target x=299286nm y=-411486nm
2026-08-18 04:04:11,233 - corrector.core.run - INFO - Random-walk step 3273/7000: motor target x=299033nm y=-411378nm
2026-08-18 04:04:17,325 - corrector.core.run - INFO - Random-walk step 3274/7000: motor target x=294008nm y=-412248nm
2026-08-18 04:04:22,807 - corrector.core.run - INFO - Random-walk step 3275/7000: motor target x=294213nm y=-402921nm
2026-08-18 04:04:29,033 - corrector.core.run - INFO - Random-walk step 3276/7000: motor target x=289464nm y=-401371nm
2026-08-18 04:04:34,517 - corrector.core.run - INFO - Random-walk step 3277/7000: motor target x=290592nm y=-401655nm
2026-08-18 04:04:39,873 - corrector.core.run - INFO - Random-walk step 3278/7000: motor target x=290518nm y=-401451nm
2026-08-18 04:04:45,661 - corrector.core.run - INFO - Random-walk step 3279/7000: motor target x=290598nm y=-401912nm
2026-08-18 04:04:51,761 - corrector.core.run - INFO - Random-walk step 3280/7000: motor target x=288810nm y=-403206nm
2026-08-18 04:04:57,037 - corrector.core.run - INFO - Random-walk step 3281/7000: motor target x=286903nm y=-402962nm
2026-08-18 04:05:03,042 - corrector.core.run - INFO - Random-walk step 3282/7000: motor target x=287279nm y=-403743nm
2026-08-18 04:05:08,485 - corrector.core.run - INFO - Random-walk step 3283/7000: motor target x=287421nm y=-402024nm
2026-08-18 04:05:14,611 - corrector.core.run - INFO - Random-walk step 3284/7000: motor target x=287085nm y=-400917nm
2026-08-18 04:05:19,956 - corrector.core.run - INFO - Random-walk step 3285/7000: motor target x=286889nm y=-400688nm
2026-08-18 04:05:26,000 - corrector.core.run - INFO - Random-walk step 3286/7000: motor target x=287862nm y=-401466nm
2026-08-18 04:05:31,394 - corrector.core.run - INFO - Random-walk step 3287/7000: motor target x=285565nm y=-401430nm
2026-08-18 04:05:37,546 - corrector.core.run - INFO - Random-walk step 3288/7000: motor target x=286484nm y=-400460nm
2026-08-18 04:05:43,067 - corrector.core.run - INFO - Random-walk step 3289/7000: motor target x=285718nm y=-399668nm
2026-08-18 04:05:48,688 - corrector.core.run - INFO - Random-walk step 3290/7000: motor target x=286141nm y=-399333nm
2026-08-18 04:05:54,336 - corrector.core.run - INFO - Random-walk step 3291/7000: motor target x=286262nm y=-399154nm
2026-08-18 04:06:00,086 - corrector.core.run - INFO - Random-walk step 3292/7000: motor target x=283246nm y=-401952nm
2026-08-18 04:06:06,128 - corrector.core.run - INFO - Random-walk step 3293/7000: motor target x=284293nm y=-404152nm
2026-08-18 04:06:11,473 - corrector.core.run - INFO - Random-walk step 3294/7000: motor target x=284473nm y=-404288nm
2026-08-18 04:06:17,453 - corrector.core.run - INFO - Random-walk step 3295/7000: motor target x=291392nm y=-404901nm
2026-08-18 04:06:23,104 - corrector.core.run - INFO - Random-walk step 3296/7000: motor target x=291046nm y=-405393nm
2026-08-18 04:06:29,223 - corrector.core.run - INFO - Random-walk step 3297/7000: motor target x=289532nm y=-401766nm
2026-08-18 04:06:34,719 - corrector.core.run - INFO - Random-walk step 3298/7000: motor target x=287639nm y=-400745nm
2026-08-18 04:06:40,147 - corrector.core.run - INFO - Random-walk step 3299/7000: motor target x=284903nm y=-404774nm
2026-08-18 04:06:46,241 - corrector.core.run - INFO - Random-walk step 3300/7000: motor target x=284776nm y=-403518nm
2026-08-18 04:06:51,843 - corrector.core.run - INFO - Random-walk step 3301/7000: motor target x=287318nm y=-404387nm
2026-08-18 04:06:57,661 - corrector.core.run - INFO - Random-walk step 3302/7000: motor target x=286078nm y=-405942nm
2026-08-18 04:07:03,089 - corrector.core.run - INFO - Random-walk step 3303/7000: motor target x=285672nm y=-406347nm
2026-08-18 04:07:09,389 - corrector.core.run - INFO - Random-walk step 3304/7000: motor target x=284564nm y=-404886nm
2026-08-18 04:07:14,529 - corrector.core.run - INFO - Random-walk step 3305/7000: motor target x=284111nm y=-404806nm
2026-08-18 04:07:20,262 - corrector.core.run - INFO - Random-walk step 3306/7000: motor target x=284488nm y=-405087nm
2026-08-18 04:07:26,369 - corrector.core.run - INFO - Random-walk step 3307/7000: motor target x=286474nm y=-403827nm
2026-08-18 04:07:31,940 - corrector.core.run - INFO - Random-walk step 3308/7000: motor target x=285600nm y=-404209nm
2026-08-18 04:07:37,389 - corrector.core.run - INFO - Random-walk step 3309/7000: motor target x=285870nm y=-404284nm
2026-08-18 04:07:43,267 - corrector.core.run - INFO - Random-walk step 3310/7000: motor target x=286280nm y=-404094nm
2026-08-18 04:07:49,234 - corrector.core.run - INFO - Random-walk step 3311/7000: motor target x=283678nm y=-402897nm
2026-08-18 04:07:54,934 - corrector.core.run - INFO - Random-walk step 3312/7000: motor target x=284748nm y=-402395nm
2026-08-18 04:08:00,588 - corrector.core.run - INFO - Random-walk step 3313/7000: motor target x=285450nm y=-402819nm
2026-08-18 04:08:05,948 - corrector.core.run - INFO - Random-walk step 3314/7000: motor target x=285513nm y=-402772nm
2026-08-18 04:08:11,788 - corrector.core.run - INFO - Random-walk step 3315/7000: motor target x=285793nm y=-402815nm
2026-08-18 04:08:17,704 - corrector.core.run - INFO - Random-walk step 3316/7000: motor target x=286478nm y=-403103nm
2026-08-18 04:08:23,225 - corrector.core.run - INFO - Random-walk step 3317/7000: motor target x=286405nm y=-402790nm
2026-08-18 04:08:29,140 - corrector.core.run - INFO - Random-walk step 3318/7000: motor target x=287012nm y=-403200nm
2026-08-18 04:08:34,967 - corrector.core.run - INFO - Random-walk step 3319/7000: motor target x=287894nm y=-402977nm
2026-08-18 04:08:40,460 - corrector.core.run - INFO - Random-walk step 3320/7000: motor target x=287502nm y=-403102nm
2026-08-18 04:08:46,402 - corrector.core.run - INFO - Random-walk step 3321/7000: motor target x=286962nm y=-403915nm
2026-08-18 04:08:51,940 - corrector.core.run - INFO - Random-walk step 3322/7000: motor target x=286439nm y=-403735nm
2026-08-18 04:08:58,068 - corrector.core.run - INFO - Random-walk step 3323/7000: motor target x=285245nm y=-405014nm
2026-08-18 04:09:03,347 - corrector.core.run - INFO - Random-walk step 3324/7000: motor target x=288110nm y=-403070nm
2026-08-18 04:09:08,987 - corrector.core.run - INFO - Random-walk step 3325/7000: motor target x=288206nm y=-403130nm
2026-08-18 04:09:15,277 - corrector.core.run - INFO - Random-walk step 3326/7000: motor target x=286804nm y=-400379nm
2026-08-18 04:09:20,522 - corrector.core.run - INFO - Random-walk step 3327/7000: motor target x=286862nm y=-400754nm
2026-08-18 04:09:26,667 - corrector.core.run - INFO - Random-walk step 3328/7000: motor target x=282077nm y=-401992nm
2026-08-18 04:09:31,924 - corrector.core.run - INFO - Random-walk step 3329/7000: motor target x=281915nm y=-401900nm
2026-08-18 04:09:37,769 - corrector.core.run - INFO - Random-walk step 3330/7000: motor target x=281879nm y=-401514nm
2026-08-18 04:09:43,630 - corrector.core.run - INFO - Random-walk step 3331/7000: motor target x=282572nm y=-401170nm
2026-08-18 04:09:49,141 - corrector.core.run - INFO - Random-walk step 3332/7000: motor target x=282312nm y=-401137nm
2026-08-18 04:09:55,169 - corrector.core.run - INFO - Random-walk step 3333/7000: motor target x=283205nm y=-400704nm
2026-08-18 04:10:00,768 - corrector.core.run - INFO - Random-walk step 3334/7000: motor target x=282681nm y=-402810nm
2026-08-18 04:10:06,571 - corrector.core.run - INFO - Random-walk step 3335/7000: motor target x=281928nm y=-411722nm
2026-08-18 04:10:12,105 - corrector.core.run - INFO - Random-walk step 3336/7000: motor target x=281935nm y=-412084nm
2026-08-18 04:10:17,296 - flexsem.state.manager - WARNING - Set command reported NG during initial Ack response
2026-08-18 04:10:17,296 - flexsem.state.manager - WARNING - Response <SET STAGEUNIT MOVEXYR (Response) EchoedData='279345,-410312,0' Ack=NG> was reported as not good
2026-08-18 04:10:17,296 - flexsem.state.manager - WARNING - Attempt 1/3 failed with SEM error: SEM returned NG for sub=STAGEUNIT ext=MOVEXYR
2026-08-18 04:10:27,782 - corrector.core.run - INFO - Random-walk step 3337/7000: motor target x=279345nm y=-410312nm
2026-08-18 04:10:34,253 - corrector.core.run - INFO - Random-walk step 3338/7000: motor target x=279190nm y=-410746nm
2026-08-18 04:10:40,098 - corrector.core.run - INFO - Random-walk step 3339/7000: motor target x=278980nm y=-411346nm
2026-08-18 04:10:45,726 - corrector.core.run - INFO - Random-walk step 3340/7000: motor target x=281077nm y=-411678nm
2026-08-18 04:10:51,462 - corrector.core.run - INFO - Random-walk step 3341/7000: motor target x=283879nm y=-420862nm
2026-08-18 04:10:57,132 - corrector.core.run - INFO - Random-walk step 3342/7000: motor target x=283948nm y=-421267nm
2026-08-18 04:11:02,740 - corrector.core.run - INFO - Random-walk step 3343/7000: motor target x=283885nm y=-421305nm
2026-08-18 04:11:08,826 - corrector.core.run - INFO - Random-walk step 3344/7000: motor target x=283433nm y=-420554nm
2026-08-18 04:11:14,285 - corrector.core.run - INFO - Random-walk step 3345/7000: motor target x=291752nm y=-423952nm
2026-08-18 04:11:20,161 - corrector.core.run - INFO - Random-walk step 3346/7000: motor target x=291216nm y=-422178nm
2026-08-18 04:11:25,715 - corrector.core.run - INFO - Random-walk step 3347/7000: motor target x=293919nm y=-418940nm
2026-08-18 04:11:31,549 - corrector.core.run - INFO - Random-walk step 3348/7000: motor target x=293519nm y=-418781nm
2026-08-18 04:11:37,175 - corrector.core.run - INFO - Random-walk step 3349/7000: motor target x=293405nm y=-418507nm
2026-08-18 04:11:42,964 - corrector.core.run - INFO - Random-walk step 3350/7000: motor target x=293825nm y=-418308nm
2026-08-18 04:11:49,175 - corrector.core.run - INFO - Random-walk step 3351/7000: motor target x=292480nm y=-417811nm
2026-08-18 04:11:54,383 - corrector.core.run - INFO - Random-walk step 3352/7000: motor target x=292263nm y=-417437nm
2026-08-18 04:12:00,110 - corrector.core.run - INFO - Random-walk step 3353/7000: motor target x=289154nm y=-419576nm
2026-08-18 04:12:06,034 - corrector.core.run - INFO - Random-walk step 3354/7000: motor target x=289345nm y=-419015nm
2026-08-18 04:12:12,685 - corrector.core.run - INFO - Random-walk step 3355/7000: motor target x=289145nm y=-418647nm
2026-08-18 04:12:20,666 - corrector.core.run - INFO - Random-walk step 3356/7000: motor target x=289379nm y=-417970nm
2026-08-18 04:12:27,569 - corrector.core.run - INFO - Random-walk step 3357/7000: motor target x=283119nm y=-410988nm
2026-08-18 04:12:33,281 - corrector.core.run - INFO - Random-walk step 3358/7000: motor target x=285647nm y=-414194nm
2026-08-18 04:12:39,212 - corrector.core.run - INFO - Random-walk step 3359/7000: motor target x=285693nm y=-414620nm
2026-08-18 04:12:46,408 - corrector.core.run - INFO - Random-walk step 3360/7000: motor target x=285927nm y=-414033nm
2026-08-18 04:12:52,244 - corrector.core.run - INFO - Random-walk step 3361/7000: motor target x=285036nm y=-414554nm
2026-08-18 04:12:57,689 - corrector.core.run - INFO - Random-walk step 3362/7000: motor target x=294803nm y=-412777nm
2026-08-18 04:13:03,449 - corrector.core.run - INFO - Random-walk step 3363/7000: motor target x=294842nm y=-413144nm
2026-08-18 04:13:09,199 - corrector.core.run - INFO - Random-walk step 3364/7000: motor target x=295302nm y=-412937nm
2026-08-18 04:13:15,125 - corrector.core.run - INFO - Random-walk step 3365/7000: motor target x=294809nm y=-412263nm
2026-08-18 04:13:20,532 - corrector.core.run - INFO - Random-walk step 3366/7000: motor target x=294889nm y=-412205nm
2026-08-18 04:13:26,691 - corrector.core.run - INFO - Random-walk step 3367/7000: motor target x=296609nm y=-413410nm
2026-08-18 04:13:32,008 - corrector.core.run - INFO - Random-walk step 3368/7000: motor target x=296561nm y=-411657nm
2026-08-18 04:13:38,110 - corrector.core.run - INFO - Random-walk step 3369/7000: motor target x=295486nm y=-411990nm
2026-08-18 04:13:43,791 - corrector.core.run - INFO - Random-walk step 3370/7000: motor target x=294674nm y=-412199nm
2026-08-18 04:13:49,491 - corrector.core.run - INFO - Random-walk step 3371/7000: motor target x=295505nm y=-411913nm
2026-08-18 04:13:55,230 - corrector.core.run - INFO - Random-walk step 3372/7000: motor target x=294666nm y=-413609nm
2026-08-18 04:14:00,673 - corrector.core.run - INFO - Random-walk step 3373/7000: motor target x=291797nm y=-406378nm
2026-08-18 04:14:06,725 - corrector.core.run - INFO - Random-walk step 3374/7000: motor target x=289926nm y=-405512nm
2026-08-18 04:14:12,367 - corrector.core.run - INFO - Random-walk step 3375/7000: motor target x=289704nm y=-406214nm
2026-08-18 04:14:17,949 - corrector.core.run - INFO - Random-walk step 3376/7000: motor target x=289193nm y=-405762nm
2026-08-18 04:14:23,523 - corrector.core.run - INFO - Random-walk step 3377/7000: motor target x=289081nm y=-405872nm
2026-08-18 04:14:29,206 - corrector.core.run - INFO - Random-walk step 3378/7000: motor target x=289047nm y=-405916nm
2026-08-18 04:14:35,269 - corrector.core.run - INFO - Random-walk step 3379/7000: motor target x=288338nm y=-406455nm
2026-08-18 04:14:41,039 - corrector.core.run - INFO - Random-walk step 3380/7000: motor target x=289897nm y=-407354nm
2026-08-18 04:14:46,657 - corrector.core.run - INFO - Random-walk step 3381/7000: motor target x=289368nm y=-409751nm
2026-08-18 04:14:52,163 - corrector.core.run - INFO - Random-walk step 3382/7000: motor target x=289482nm y=-409866nm
2026-08-18 04:14:58,085 - corrector.core.run - INFO - Random-walk step 3383/7000: motor target x=289847nm y=-409369nm
2026-08-18 04:15:03,648 - corrector.core.run - INFO - Random-walk step 3384/7000: motor target x=294740nm y=-409283nm
2026-08-18 04:15:09,603 - corrector.core.run - INFO - Random-walk step 3385/7000: motor target x=295362nm y=-409011nm
2026-08-18 04:15:15,147 - corrector.core.run - INFO - Random-walk step 3386/7000: motor target x=294956nm y=-409069nm
2026-08-18 04:15:20,901 - corrector.core.run - INFO - Random-walk step 3387/7000: motor target x=295351nm y=-408934nm
2026-08-18 04:15:26,887 - corrector.core.run - INFO - Random-walk step 3388/7000: motor target x=295778nm y=-409920nm
2026-08-18 04:15:32,342 - corrector.core.run - INFO - Random-walk step 3389/7000: motor target x=303985nm y=-413653nm
2026-08-18 04:15:37,999 - corrector.core.run - INFO - Random-walk step 3390/7000: motor target x=300764nm y=-416117nm
2026-08-18 04:15:44,048 - corrector.core.run - INFO - Random-walk step 3391/7000: motor target x=301626nm y=-415674nm
2026-08-18 04:15:49,510 - corrector.core.run - INFO - Random-walk step 3392/7000: motor target x=301481nm y=-415319nm
2026-08-18 04:15:55,380 - corrector.core.run - INFO - Random-walk step 3393/7000: motor target x=302157nm y=-415479nm
2026-08-18 04:16:01,061 - corrector.core.run - INFO - Random-walk step 3394/7000: motor target x=302638nm y=-415282nm
2026-08-18 04:16:07,161 - corrector.core.run - INFO - Random-walk step 3395/7000: motor target x=301263nm y=-414077nm
2026-08-18 04:16:12,488 - corrector.core.run - INFO - Random-walk step 3396/7000: motor target x=300660nm y=-413950nm
2026-08-18 04:16:18,230 - corrector.core.run - INFO - Random-walk step 3397/7000: motor target x=300981nm y=-414556nm
2026-08-18 04:16:24,126 - corrector.core.run - INFO - Random-walk step 3398/7000: motor target x=303242nm y=-415472nm
2026-08-18 04:16:29,524 - corrector.core.run - INFO - Random-walk step 3399/7000: motor target x=303574nm y=-415465nm
2026-08-18 04:16:35,376 - corrector.core.run - INFO - Random-walk step 3400/7000: motor target x=304096nm y=-415925nm
2026-08-18 04:16:41,332 - corrector.core.run - INFO - Random-walk step 3401/7000: motor target x=303246nm y=-416577nm
2026-08-18 04:16:46,867 - corrector.core.run - INFO - Random-walk step 3402/7000: motor target x=303583nm y=-417208nm
2026-08-18 04:16:52,721 - corrector.core.run - INFO - Random-walk step 3403/7000: motor target x=304427nm y=-417176nm
2026-08-18 04:16:58,365 - corrector.core.run - INFO - Random-walk step 3404/7000: motor target x=303773nm y=-416481nm
2026-08-18 04:17:04,208 - corrector.core.run - INFO - Random-walk step 3405/7000: motor target x=303761nm y=-417391nm
2026-08-18 04:17:09,643 - corrector.core.run - INFO - Random-walk step 3406/7000: motor target x=297976nm y=-414261nm
2026-08-18 04:17:15,355 - corrector.core.run - INFO - Random-walk step 3407/7000: motor target x=300579nm y=-410117nm
2026-08-18 04:17:21,357 - corrector.core.run - INFO - Random-walk step 3408/7000: motor target x=301369nm y=-409754nm
2026-08-18 04:17:27,465 - corrector.core.run - INFO - Random-walk step 3409/7000: motor target x=299956nm y=-408273nm
2026-08-18 04:17:32,594 - corrector.core.run - INFO - Random-walk step 3410/7000: motor target x=300401nm y=-408014nm
2026-08-18 04:17:38,277 - corrector.core.run - INFO - Random-walk step 3411/7000: motor target x=302418nm y=-407883nm
2026-08-18 04:17:44,258 - corrector.core.run - INFO - Random-walk step 3412/7000: motor target x=303127nm y=-410996nm
2026-08-18 04:17:49,663 - corrector.core.run - INFO - Random-walk step 3413/7000: motor target x=302957nm y=-410999nm
2026-08-18 04:17:55,517 - corrector.core.run - INFO - Random-walk step 3414/7000: motor target x=303173nm y=-410695nm
2026-08-18 04:18:01,420 - corrector.core.run - INFO - Random-walk step 3415/7000: motor target x=302605nm y=-410064nm
2026-08-18 04:18:06,901 - corrector.core.run - INFO - Random-walk step 3416/7000: motor target x=302917nm y=-410413nm
2026-08-18 04:18:12,594 - corrector.core.run - INFO - Random-walk step 3417/7000: motor target x=303122nm y=-410215nm
2026-08-18 04:18:18,309 - corrector.core.run - INFO - Random-walk step 3418/7000: motor target x=303076nm y=-412378nm
2026-08-18 04:18:24,551 - corrector.core.run - INFO - Random-walk step 3419/7000: motor target x=302737nm y=-411003nm
2026-08-18 04:18:30,085 - corrector.core.run - INFO - Random-walk step 3420/7000: motor target x=302834nm y=-411785nm
2026-08-18 04:18:35,566 - corrector.core.run - INFO - Random-walk step 3421/7000: motor target x=307518nm y=-417110nm
2026-08-18 04:18:41,225 - corrector.core.run - INFO - Random-walk step 3422/7000: motor target x=307645nm y=-417255nm
2026-08-18 04:18:47,260 - corrector.core.run - INFO - Random-walk step 3423/7000: motor target x=306788nm y=-416957nm
2026-08-18 04:18:53,167 - corrector.core.run - INFO - Random-walk step 3424/7000: motor target x=305440nm y=-416759nm
2026-08-18 04:18:58,606 - corrector.core.run - INFO - Random-walk step 3425/7000: motor target x=304858nm y=-416791nm
2026-08-18 04:19:04,170 - corrector.core.run - INFO - Random-walk step 3426/7000: motor target x=304661nm y=-416456nm
2026-08-18 04:19:10,114 - corrector.core.run - INFO - Random-walk step 3427/7000: motor target x=304287nm y=-415773nm
2026-08-18 04:19:15,634 - corrector.core.run - INFO - Random-walk step 3428/7000: motor target x=304388nm y=-416110nm
2026-08-18 04:19:21,349 - corrector.core.run - INFO - Random-walk step 3429/7000: motor target x=304459nm y=-416398nm
2026-08-18 04:19:26,990 - corrector.core.run - INFO - Random-walk step 3430/7000: motor target x=304503nm y=-416312nm
2026-08-18 04:19:32,705 - corrector.core.run - INFO - Random-walk step 3431/7000: motor target x=304436nm y=-416265nm
2026-08-18 04:19:38,597 - corrector.core.run - INFO - Random-walk step 3432/7000: motor target x=304727nm y=-414231nm
2026-08-18 04:19:44,499 - corrector.core.run - INFO - Random-walk step 3433/7000: motor target x=303975nm y=-413801nm
2026-08-18 04:19:49,986 - corrector.core.run - INFO - Random-walk step 3434/7000: motor target x=304309nm y=-414014nm
2026-08-18 04:19:55,824 - corrector.core.run - INFO - Random-walk step 3435/7000: motor target x=304353nm y=-413494nm
2026-08-18 04:20:01,840 - corrector.core.run - INFO - Random-walk step 3436/7000: motor target x=303134nm y=-412881nm
2026-08-18 04:20:07,389 - corrector.core.run - INFO - Random-walk step 3437/7000: motor target x=303545nm y=-412128nm
2026-08-18 04:20:12,790 - corrector.core.run - INFO - Random-walk step 3438/7000: motor target x=303432nm y=-412283nm
2026-08-18 04:20:18,751 - corrector.core.run - INFO - Random-walk step 3439/7000: motor target x=305747nm y=-412802nm
2026-08-18 04:20:24,734 - corrector.core.run - INFO - Random-walk step 3440/7000: motor target x=304441nm y=-410937nm
2026-08-18 04:20:30,009 - corrector.core.run - INFO - Random-walk step 3441/7000: motor target x=304483nm y=-410600nm
2026-08-18 04:20:35,907 - corrector.core.run - INFO - Random-walk step 3442/7000: motor target x=305024nm y=-410277nm
2026-08-18 04:20:41,527 - corrector.core.run - INFO - Random-walk step 3443/7000: motor target x=301077nm y=-410652nm
2026-08-18 04:20:47,187 - corrector.core.run - INFO - Random-walk step 3444/7000: motor target x=302929nm y=-415638nm
2026-08-18 04:20:52,844 - corrector.core.run - INFO - Random-walk step 3445/7000: motor target x=303085nm y=-415591nm
2026-08-18 04:20:58,750 - corrector.core.run - INFO - Random-walk step 3446/7000: motor target x=302642nm y=-417141nm
2026-08-18 04:21:04,554 - corrector.core.run - INFO - Random-walk step 3447/7000: motor target x=303195nm y=-417113nm
2026-08-18 04:21:10,413 - corrector.core.run - INFO - Random-walk step 3448/7000: motor target x=303608nm y=-417990nm
2026-08-18 04:21:16,086 - corrector.core.run - INFO - Random-walk step 3449/7000: motor target x=304297nm y=-417372nm
2026-08-18 04:21:21,724 - corrector.core.run - INFO - Random-walk step 3450/7000: motor target x=305015nm y=-417044nm
2026-08-18 04:21:27,448 - corrector.core.run - INFO - Random-walk step 3451/7000: motor target x=305659nm y=-416493nm
2026-08-18 04:21:33,160 - corrector.core.run - INFO - Random-walk step 3452/7000: motor target x=305136nm y=-417163nm
2026-08-18 04:21:38,779 - corrector.core.run - INFO - Random-walk step 3453/7000: motor target x=305344nm y=-416820nm
2026-08-18 04:21:44,673 - corrector.core.run - INFO - Random-walk step 3454/7000: motor target x=305955nm y=-416961nm
2026-08-18 04:21:50,217 - corrector.core.run - INFO - Random-walk step 3455/7000: motor target x=305586nm y=-416968nm
2026-08-18 04:21:56,102 - corrector.core.run - INFO - Random-walk step 3456/7000: motor target x=306136nm y=-416442nm
2026-08-18 04:22:01,704 - corrector.core.run - INFO - Random-walk step 3457/7000: motor target x=305808nm y=-416769nm
2026-08-18 04:22:07,322 - corrector.core.run - INFO - Random-walk step 3458/7000: motor target x=305623nm y=-416765nm
2026-08-18 04:22:13,274 - corrector.core.run - INFO - Random-walk step 3459/7000: motor target x=306092nm y=-417174nm
2026-08-18 04:22:18,737 - corrector.core.run - INFO - Random-walk step 3460/7000: motor target x=305993nm y=-417169nm
2026-08-18 04:22:24,692 - corrector.core.run - INFO - Random-walk step 3461/7000: motor target x=305707nm y=-416716nm
2026-08-18 04:22:30,235 - corrector.core.run - INFO - Random-walk step 3462/7000: motor target x=305612nm y=-416813nm
2026-08-18 04:22:35,949 - corrector.core.run - INFO - Random-walk step 3463/7000: motor target x=305541nm y=-416899nm
2026-08-18 04:22:41,889 - corrector.core.run - INFO - Random-walk step 3464/7000: motor target x=306087nm y=-416857nm
2026-08-18 04:22:47,539 - corrector.core.run - INFO - Random-walk step 3465/7000: motor target x=305807nm y=-417078nm
2026-08-18 04:22:53,462 - corrector.core.run - INFO - Random-walk step 3466/7000: motor target x=306767nm y=-416879nm
2026-08-18 04:22:58,964 - corrector.core.run - INFO - Random-walk step 3467/7000: motor target x=306431nm y=-417335nm
2026-08-18 04:23:04,933 - corrector.core.run - INFO - Random-walk step 3468/7000: motor target x=306194nm y=-418352nm
2026-08-18 04:23:10,825 - corrector.core.run - INFO - Random-walk step 3469/7000: motor target x=304792nm y=-418915nm
2026-08-18 04:23:16,226 - corrector.core.run - INFO - Random-walk step 3470/7000: motor target x=302803nm y=-418192nm
2026-08-18 04:23:22,043 - corrector.core.run - INFO - Random-walk step 3471/7000: motor target x=302109nm y=-421079nm
2026-08-18 04:23:27,782 - corrector.core.run - INFO - Random-walk step 3472/7000: motor target x=301812nm y=-421799nm
2026-08-18 04:23:33,444 - corrector.core.run - INFO - Random-walk step 3473/7000: motor target x=302572nm y=-421903nm
2026-08-18 04:23:39,287 - corrector.core.run - INFO - Random-walk step 3474/7000: motor target x=303125nm y=-420992nm
2026-08-18 04:23:44,646 - corrector.core.run - INFO - Random-walk step 3475/7000: motor target x=302982nm y=-421046nm
2026-08-18 04:23:50,922 - corrector.core.run - INFO - Random-walk step 3476/7000: motor target x=305058nm y=-419665nm
2026-08-18 04:23:56,109 - corrector.core.run - INFO - Random-walk step 3477/7000: motor target x=305080nm y=-419777nm
2026-08-18 04:24:01,998 - corrector.core.run - INFO - Random-walk step 3478/7000: motor target x=304591nm y=-419293nm
2026-08-18 04:24:08,241 - corrector.core.run - INFO - Random-walk step 3479/7000: motor target x=306017nm y=-420749nm
2026-08-18 04:24:13,492 - corrector.core.run - INFO - Random-walk step 3480/7000: motor target x=305439nm y=-420155nm
2026-08-18 04:24:19,526 - corrector.core.run - INFO - Random-walk step 3481/7000: motor target x=301818nm y=-418842nm
2026-08-18 04:24:24,753 - corrector.core.run - INFO - Random-walk step 3482/7000: motor target x=301850nm y=-418706nm
2026-08-18 04:24:30,950 - corrector.core.run - INFO - Random-walk step 3483/7000: motor target x=300619nm y=-418578nm
2026-08-18 04:24:36,458 - corrector.core.run - INFO - Random-walk step 3484/7000: motor target x=301261nm y=-417917nm
2026-08-18 04:24:42,064 - corrector.core.run - INFO - Random-walk step 3485/7000: motor target x=301655nm y=-417616nm
2026-08-18 04:24:47,690 - corrector.core.run - INFO - Random-walk step 3486/7000: motor target x=301554nm y=-417687nm
2026-08-18 04:24:53,716 - corrector.core.run - INFO - Random-walk step 3487/7000: motor target x=301624nm y=-418366nm
2026-08-18 04:24:59,487 - corrector.core.run - INFO - Random-walk step 3488/7000: motor target x=301630nm y=-419293nm
2026-08-18 04:25:04,871 - corrector.core.run - INFO - Random-walk step 3489/7000: motor target x=301456nm y=-419160nm
2026-08-18 04:25:10,683 - corrector.core.run - INFO - Random-walk step 3490/7000: motor target x=304733nm y=-415847nm
2026-08-18 04:25:16,345 - corrector.core.run - INFO - Random-walk step 3491/7000: motor target x=304524nm y=-415881nm
2026-08-18 04:25:21,991 - corrector.core.run - INFO - Random-walk step 3492/7000: motor target x=304463nm y=-415868nm
2026-08-18 04:25:28,043 - corrector.core.run - INFO - Random-walk step 3493/7000: motor target x=303678nm y=-417377nm
2026-08-18 04:25:34,069 - corrector.core.run - INFO - Random-walk step 3494/7000: motor target x=302357nm y=-416578nm
2026-08-18 04:25:39,472 - corrector.core.run - INFO - Random-walk step 3495/7000: motor target x=301602nm y=-419732nm
2026-08-18 04:25:44,905 - corrector.core.run - INFO - Random-walk step 3496/7000: motor target x=301709nm y=-419843nm
2026-08-18 04:25:51,030 - corrector.core.run - INFO - Random-walk step 3497/7000: motor target x=302722nm y=-420657nm
2026-08-18 04:25:56,696 - corrector.core.run - INFO - Random-walk step 3498/7000: motor target x=303514nm y=-418251nm
2026-08-18 04:26:02,237 - corrector.core.run - INFO - Random-walk step 3499/7000: motor target x=303062nm y=-421177nm
2026-08-18 04:26:07,812 - corrector.core.run - INFO - Random-walk step 3500/7000: motor target x=303115nm y=-421092nm
2026-08-18 04:26:13,648 - corrector.core.run - INFO - Random-walk step 3501/7000: motor target x=303092nm y=-420703nm
2026-08-18 04:26:19,244 - corrector.core.run - INFO - Random-walk step 3502/7000: motor target x=303047nm y=-420765nm
2026-08-18 04:26:25,153 - corrector.core.run - INFO - Random-walk step 3503/7000: motor target x=301376nm y=-419005nm
2026-08-18 04:26:31,111 - corrector.core.run - INFO - Random-walk step 3504/7000: motor target x=300437nm y=-418452nm
2026-08-18 04:26:36,834 - corrector.core.run - INFO - Random-walk step 3505/7000: motor target x=299936nm y=-419411nm
2026-08-18 04:26:42,282 - corrector.core.run - INFO - Random-walk step 3506/7000: motor target x=300047nm y=-419811nm
2026-08-18 04:26:48,216 - corrector.core.run - INFO - Random-walk step 3507/7000: motor target x=300269nm y=-420529nm
2026-08-18 04:26:53,673 - corrector.core.run - INFO - Random-walk step 3508/7000: motor target x=300357nm y=-420291nm
2026-08-18 04:26:59,702 - corrector.core.run - INFO - Random-walk step 3509/7000: motor target x=298746nm y=-419496nm
2026-08-18 04:27:05,573 - corrector.core.run - INFO - Random-walk step 3510/7000: motor target x=297379nm y=-419674nm
2026-08-18 04:27:11,486 - corrector.core.run - INFO - Random-walk step 3511/7000: motor target x=298915nm y=-420931nm
2026-08-18 04:27:16,951 - corrector.core.run - INFO - Random-walk step 3512/7000: motor target x=299745nm y=-420055nm
2026-08-18 04:27:22,331 - corrector.core.run - INFO - Random-walk step 3513/7000: motor target x=299500nm y=-420096nm
2026-08-18 04:27:28,189 - corrector.core.run - INFO - Random-walk step 3514/7000: motor target x=299396nm y=-420739nm
2026-08-18 04:27:34,015 - corrector.core.run - INFO - Random-walk step 3515/7000: motor target x=299282nm y=-419991nm
2026-08-18 04:27:39,494 - corrector.core.run - INFO - Random-walk step 3516/7000: motor target x=296532nm y=-416579nm
2026-08-18 04:27:45,485 - corrector.core.run - INFO - Random-walk step 3517/7000: motor target x=296275nm y=-417362nm
2026-08-18 04:27:51,317 - corrector.core.run - INFO - Random-walk step 3518/7000: motor target x=294057nm y=-416402nm
2026-08-18 04:27:56,769 - corrector.core.run - INFO - Random-walk step 3519/7000: motor target x=294566nm y=-418174nm
2026-08-18 04:28:02,902 - corrector.core.run - INFO - Random-walk step 3520/7000: motor target x=296581nm y=-416750nm
2026-08-18 04:28:08,093 - corrector.core.run - INFO - Random-walk step 3521/7000: motor target x=296524nm y=-416798nm
2026-08-18 04:28:13,809 - corrector.core.run - INFO - Random-walk step 3522/7000: motor target x=296455nm y=-416970nm
2026-08-18 04:28:19,855 - corrector.core.run - INFO - Random-walk step 3523/7000: motor target x=296461nm y=-417791nm
2026-08-18 04:28:25,245 - corrector.core.run - INFO - Random-walk step 3524/7000: motor target x=296420nm y=-417742nm
2026-08-18 04:28:31,590 - corrector.core.run - INFO - Random-walk step 3525/7000: motor target x=294476nm y=-416272nm
2026-08-18 04:28:36,668 - corrector.core.run - INFO - Random-walk step 3526/7000: motor target x=294483nm y=-416177nm
2026-08-18 04:28:42,947 - corrector.core.run - INFO - Random-walk step 3527/7000: motor target x=293557nm y=-415074nm
2026-08-18 04:28:48,222 - corrector.core.run - INFO - Random-walk step 3528/7000: motor target x=293650nm y=-419736nm
2026-08-18 04:28:54,698 - corrector.core.run - INFO - Random-walk step 3529/7000: motor target x=292185nm y=-418183nm
2026-08-18 04:28:59,771 - corrector.core.run - INFO - Random-walk step 3530/7000: motor target x=292688nm y=-418481nm
2026-08-18 04:29:05,336 - corrector.core.run - INFO - Random-walk step 3531/7000: motor target x=292686nm y=-418544nm
2026-08-18 04:29:11,272 - corrector.core.run - INFO - Random-walk step 3532/7000: motor target x=292077nm y=-418437nm
2026-08-18 04:29:17,146 - corrector.core.run - INFO - Random-walk step 3533/7000: motor target x=291282nm y=-418358nm
2026-08-18 04:29:23,034 - corrector.core.run - INFO - Random-walk step 3534/7000: motor target x=292588nm y=-417744nm
2026-08-18 04:29:28,368 - corrector.core.run - INFO - Random-walk step 3535/7000: motor target x=299516nm y=-413977nm
2026-08-18 04:29:34,073 - corrector.core.run - INFO - Random-walk step 3536/7000: motor target x=303300nm y=-411800nm
2026-08-18 04:29:39,757 - corrector.core.run - INFO - Random-walk step 3537/7000: motor target x=303522nm y=-411916nm
2026-08-18 04:29:45,587 - corrector.core.run - INFO - Random-walk step 3538/7000: motor target x=303851nm y=-416635nm
2026-08-18 04:29:51,502 - corrector.core.run - INFO - Random-walk step 3539/7000: motor target x=302042nm y=-415681nm
2026-08-18 04:29:56,905 - corrector.core.run - INFO - Random-walk step 3540/7000: motor target x=302263nm y=-415863nm
2026-08-18 04:30:02,853 - corrector.core.run - INFO - Random-walk step 3541/7000: motor target x=301597nm y=-417502nm
2026-08-18 04:30:08,593 - corrector.core.run - INFO - Random-walk step 3542/7000: motor target x=302272nm y=-419233nm
2026-08-18 04:30:14,259 - corrector.core.run - INFO - Random-walk step 3543/7000: motor target x=302773nm y=-416988nm
2026-08-18 04:30:19,935 - corrector.core.run - INFO - Random-walk step 3544/7000: motor target x=303228nm y=-417232nm
2026-08-18 04:30:25,751 - corrector.core.run - INFO - Random-walk step 3545/7000: motor target x=303399nm y=-416701nm
2026-08-18 04:30:31,575 - corrector.core.run - INFO - Random-walk step 3546/7000: motor target x=304256nm y=-417142nm
2026-08-18 04:30:37,031 - corrector.core.run - INFO - Random-walk step 3547/7000: motor target x=304145nm y=-417336nm
2026-08-18 04:30:42,999 - corrector.core.run - INFO - Random-walk step 3548/7000: motor target x=303415nm y=-417054nm
2026-08-18 04:30:48,511 - corrector.core.run - INFO - Random-walk step 3549/7000: motor target x=305148nm y=-417380nm
2026-08-18 04:30:54,486 - corrector.core.run - INFO - Random-walk step 3550/7000: motor target x=305681nm y=-416535nm
2026-08-18 04:30:59,972 - corrector.core.run - INFO - Random-walk step 3551/7000: motor target x=305916nm y=-416093nm
2026-08-18 04:31:05,953 - corrector.core.run - INFO - Random-walk step 3552/7000: motor target x=305072nm y=-414310nm
2026-08-18 04:31:11,688 - corrector.core.run - INFO - Random-walk step 3553/7000: motor target x=304157nm y=-414410nm
2026-08-18 04:31:17,113 - corrector.core.run - INFO - Random-walk step 3554/7000: motor target x=303866nm y=-414582nm
2026-08-18 04:31:22,926 - corrector.core.run - INFO - Random-walk step 3555/7000: motor target x=301145nm y=-421248nm
2026-08-18 04:31:28,524 - corrector.core.run - INFO - Random-walk step 3556/7000: motor target x=301209nm y=-416563nm
2026-08-18 04:31:34,230 - corrector.core.run - INFO - Random-walk step 3557/7000: motor target x=301361nm y=-416653nm
2026-08-18 04:31:40,238 - corrector.core.run - INFO - Random-walk step 3558/7000: motor target x=301442nm y=-417425nm
2026-08-18 04:31:46,248 - corrector.core.run - INFO - Random-walk step 3559/7000: motor target x=300419nm y=-418629nm
2026-08-18 04:31:51,440 - corrector.core.run - INFO - Random-walk step 3560/7000: motor target x=300126nm y=-416989nm
2026-08-18 04:31:57,214 - corrector.core.run - INFO - Random-walk step 3561/7000: motor target x=299839nm y=-416671nm
2026-08-18 04:32:03,232 - corrector.core.run - INFO - Random-walk step 3562/7000: motor target x=300899nm y=-416599nm
2026-08-18 04:32:08,634 - corrector.core.run - INFO - Random-walk step 3563/7000: motor target x=305711nm y=-416472nm
2026-08-18 04:32:14,513 - corrector.core.run - INFO - Random-walk step 3564/7000: motor target x=305392nm y=-415972nm
2026-08-18 04:32:20,631 - corrector.core.run - INFO - Random-walk step 3565/7000: motor target x=305547nm y=-414412nm
2026-08-18 04:32:25,768 - corrector.core.run - INFO - Random-walk step 3566/7000: motor target x=305634nm y=-414406nm
2026-08-18 04:32:31,618 - corrector.core.run - INFO - Random-walk step 3567/7000: motor target x=301459nm y=-407130nm
2026-08-18 04:32:37,287 - corrector.core.run - INFO - Random-walk step 3568/7000: motor target x=304366nm y=-402709nm
2026-08-18 04:32:43,371 - corrector.core.run - INFO - Random-walk step 3569/7000: motor target x=303221nm y=-404257nm
2026-08-18 04:32:48,682 - corrector.core.run - INFO - Random-walk step 3570/7000: motor target x=303102nm y=-404138nm
2026-08-18 04:32:54,471 - corrector.core.run - INFO - Random-walk step 3571/7000: motor target x=303213nm y=-404498nm
2026-08-18 04:33:00,231 - corrector.core.run - INFO - Random-walk step 3572/7000: motor target x=302979nm y=-402601nm
2026-08-18 04:33:06,057 - corrector.core.run - INFO - Random-walk step 3573/7000: motor target x=303279nm y=-402235nm
2026-08-18 04:33:11,640 - corrector.core.run - INFO - Random-walk step 3574/7000: motor target x=303604nm y=-402477nm
2026-08-18 04:33:17,353 - corrector.core.run - INFO - Random-walk step 3575/7000: motor target x=300388nm y=-405883nm
2026-08-18 04:33:23,080 - corrector.core.run - INFO - Random-walk step 3576/7000: motor target x=304092nm y=-403960nm
2026-08-18 04:33:29,275 - corrector.core.run - INFO - Random-walk step 3577/7000: motor target x=304691nm y=-402527nm
2026-08-18 04:33:34,546 - corrector.core.run - INFO - Random-walk step 3578/7000: motor target x=310562nm y=-406280nm
2026-08-18 04:33:40,680 - corrector.core.run - INFO - Random-walk step 3579/7000: motor target x=309314nm y=-407923nm
2026-08-18 04:33:46,027 - corrector.core.run - INFO - Random-walk step 3580/7000: motor target x=305822nm y=-404397nm
2026-08-18 04:33:51,615 - corrector.core.run - INFO - Random-walk step 3581/7000: motor target x=305790nm y=-404480nm
2026-08-18 04:33:57,622 - corrector.core.run - INFO - Random-walk step 3582/7000: motor target x=305720nm y=-403941nm
2026-08-18 04:34:03,238 - corrector.core.run - INFO - Random-walk step 3583/7000: motor target x=302696nm y=-411060nm
2026-08-18 04:34:09,310 - corrector.core.run - INFO - Random-walk step 3584/7000: motor target x=301455nm y=-411906nm
2026-08-18 04:34:14,630 - corrector.core.run - INFO - Random-walk step 3585/7000: motor target x=303397nm y=-416104nm
2026-08-18 04:34:20,332 - corrector.core.run - INFO - Random-walk step 3586/7000: motor target x=303628nm y=-416099nm
2026-08-18 04:34:26,676 - corrector.core.run - INFO - Random-walk step 3587/7000: motor target x=304744nm y=-417450nm
2026-08-18 04:34:32,118 - corrector.core.run - INFO - Random-walk step 3588/7000: motor target x=304296nm y=-416466nm
2026-08-18 04:34:37,713 - corrector.core.run - INFO - Random-walk step 3589/7000: motor target x=301816nm y=-417067nm
2026-08-18 04:34:43,384 - corrector.core.run - INFO - Random-walk step 3590/7000: motor target x=302445nm y=-417143nm
2026-08-18 04:34:49,084 - corrector.core.run - INFO - Random-walk step 3591/7000: motor target x=301901nm y=-417284nm
2026-08-18 04:34:55,146 - corrector.core.run - INFO - Random-walk step 3592/7000: motor target x=303470nm y=-418665nm
2026-08-18 04:35:00,329 - corrector.core.run - INFO - Random-walk step 3593/7000: motor target x=303377nm y=-418685nm
2026-08-18 04:35:06,145 - corrector.core.run - INFO - Random-walk step 3594/7000: motor target x=303361nm y=-418336nm
2026-08-18 04:35:11,960 - corrector.core.run - INFO - Random-walk step 3595/7000: motor target x=301256nm y=-418173nm
2026-08-18 04:35:17,832 - corrector.core.run - INFO - Random-walk step 3596/7000: motor target x=301286nm y=-417347nm
2026-08-18 04:35:23,404 - corrector.core.run - INFO - Random-walk step 3597/7000: motor target x=301625nm y=-417808nm
2026-08-18 04:35:29,206 - corrector.core.run - INFO - Random-walk step 3598/7000: motor target x=297512nm y=-417319nm
2026-08-18 04:35:35,199 - corrector.core.run - INFO - Random-walk step 3599/7000: motor target x=295569nm y=-418568nm
2026-08-18 04:35:40,427 - corrector.core.run - INFO - Random-walk step 3600/7000: motor target x=295510nm y=-418485nm
2026-08-18 04:35:46,309 - corrector.core.run - INFO - Random-walk step 3601/7000: motor target x=295977nm y=-418231nm
2026-08-18 04:35:52,317 - corrector.core.run - INFO - Random-walk step 3602/7000: motor target x=296308nm y=-419301nm
2026-08-18 04:35:57,655 - corrector.core.run - INFO - Random-walk step 3603/7000: motor target x=298073nm y=-419382nm
2026-08-18 04:36:03,418 - corrector.core.run - INFO - Random-walk step 3604/7000: motor target x=297652nm y=-419367nm
2026-08-18 04:36:09,327 - corrector.core.run - INFO - Random-walk step 3605/7000: motor target x=296975nm y=-416385nm
2026-08-18 04:36:15,057 - corrector.core.run - INFO - Random-walk step 3606/7000: motor target x=296283nm y=-416315nm
2026-08-18 04:36:20,511 - corrector.core.run - INFO - Random-walk step 3607/7000: motor target x=296241nm y=-416381nm
2026-08-18 04:36:26,293 - corrector.core.run - INFO - Random-walk step 3608/7000: motor target x=296572nm y=-416643nm
2026-08-18 04:36:32,267 - corrector.core.run - INFO - Random-walk step 3609/7000: motor target x=295772nm y=-416972nm
2026-08-18 04:36:38,251 - corrector.core.run - INFO - Random-walk step 3610/7000: motor target x=296027nm y=-418396nm
2026-08-18 04:36:43,921 - corrector.core.run - INFO - Random-walk step 3611/7000: motor target x=294923nm y=-417162nm
2026-08-18 04:36:49,645 - corrector.core.run - INFO - Random-walk step 3612/7000: motor target x=293599nm y=-416340nm
2026-08-18 04:36:55,170 - corrector.core.run - INFO - Random-walk step 3613/7000: motor target x=293862nm y=-417273nm
2026-08-18 04:37:00,852 - corrector.core.run - INFO - Random-walk step 3614/7000: motor target x=294434nm y=-418066nm
2026-08-18 04:37:06,479 - corrector.core.run - INFO - Random-walk step 3615/7000: motor target x=293885nm y=-418243nm
2026-08-18 04:37:12,120 - corrector.core.run - INFO - Random-walk step 3616/7000: motor target x=293613nm y=-418449nm
2026-08-18 04:37:17,868 - corrector.core.run - INFO - Random-walk step 3617/7000: motor target x=293959nm y=-421380nm
2026-08-18 04:37:23,853 - corrector.core.run - INFO - Random-walk step 3618/7000: motor target x=293037nm y=-421596nm
2026-08-18 04:37:29,504 - corrector.core.run - INFO - Random-walk step 3619/7000: motor target x=293502nm y=-420961nm
2026-08-18 04:37:34,978 - corrector.core.run - INFO - Random-walk step 3620/7000: motor target x=293487nm y=-420774nm
2026-08-18 04:37:40,918 - corrector.core.run - INFO - Random-walk step 3621/7000: motor target x=301245nm y=-420168nm
2026-08-18 04:37:46,721 - corrector.core.run - INFO - Random-walk step 3622/7000: motor target x=300499nm y=-419422nm
2026-08-18 04:37:52,678 - corrector.core.run - INFO - Random-walk step 3623/7000: motor target x=299018nm y=-419045nm
2026-08-18 04:37:58,077 - corrector.core.run - INFO - Random-walk step 3624/7000: motor target x=298390nm y=-419692nm
2026-08-18 04:38:03,861 - corrector.core.run - INFO - Random-walk step 3625/7000: motor target x=299063nm y=-421396nm
2026-08-18 04:38:09,339 - corrector.core.run - INFO - Random-walk step 3626/7000: motor target x=298913nm y=-421505nm
2026-08-18 04:38:15,086 - corrector.core.run - INFO - Random-walk step 3627/7000: motor target x=300944nm y=-421398nm
2026-08-18 04:38:21,247 - corrector.core.run - INFO - Random-walk step 3628/7000: motor target x=298774nm y=-420176nm
2026-08-18 04:38:26,876 - corrector.core.run - INFO - Random-walk step 3629/7000: motor target x=299292nm y=-421168nm
2026-08-18 04:38:32,673 - corrector.core.run - INFO - Random-walk step 3630/7000: motor target x=301575nm y=-422353nm
2026-08-18 04:38:38,033 - corrector.core.run - INFO - Random-walk step 3631/7000: motor target x=301619nm y=-421883nm
2026-08-18 04:38:43,740 - corrector.core.run - INFO - Random-walk step 3632/7000: motor target x=301480nm y=-422162nm
2026-08-18 04:38:49,385 - corrector.core.run - INFO - Random-walk step 3633/7000: motor target x=301350nm y=-422286nm
2026-08-18 04:38:55,470 - corrector.core.run - INFO - Random-walk step 3634/7000: motor target x=296960nm y=-423259nm
2026-08-18 04:39:00,890 - corrector.core.run - INFO - Random-walk step 3635/7000: motor target x=294729nm y=-425373nm
2026-08-18 04:39:06,868 - corrector.core.run - INFO - Random-walk step 3636/7000: motor target x=294582nm y=-426055nm
2026-08-18 04:39:12,853 - corrector.core.run - INFO - Random-walk step 3637/7000: motor target x=293090nm y=-426367nm
2026-08-18 04:39:18,148 - corrector.core.run - INFO - Random-walk step 3638/7000: motor target x=295378nm y=-424555nm
2026-08-18 04:39:24,232 - corrector.core.run - INFO - Random-walk step 3639/7000: motor target x=293686nm y=-425889nm
2026-08-18 04:39:29,714 - corrector.core.run - INFO - Random-walk step 3640/7000: motor target x=293245nm y=-425294nm
2026-08-18 04:39:35,502 - corrector.core.run - INFO - Random-walk step 3641/7000: motor target x=295403nm y=-424555nm
2026-08-18 04:39:41,268 - corrector.core.run - INFO - Random-walk step 3642/7000: motor target x=297158nm y=-423578nm
2026-08-18 04:39:47,042 - corrector.core.run - INFO - Random-walk step 3643/7000: motor target x=297742nm y=-424568nm
2026-08-18 04:39:52,542 - corrector.core.run - INFO - Random-walk step 3644/7000: motor target x=298072nm y=-425169nm
2026-08-18 04:39:58,116 - corrector.core.run - INFO - Random-walk step 3645/7000: motor target x=298017nm y=-425105nm
2026-08-18 04:40:04,017 - corrector.core.run - INFO - Random-walk step 3646/7000: motor target x=298469nm y=-424849nm
2026-08-18 04:40:09,781 - corrector.core.run - INFO - Random-walk step 3647/7000: motor target x=297915nm y=-422791nm
2026-08-18 04:40:15,411 - corrector.core.run - INFO - Random-walk step 3648/7000: motor target x=297428nm y=-422526nm
2026-08-18 04:40:21,514 - corrector.core.run - INFO - Random-walk step 3649/7000: motor target x=299052nm y=-421228nm
2026-08-18 04:40:27,063 - corrector.core.run - INFO - Random-walk step 3650/7000: motor target x=298241nm y=-422861nm
2026-08-18 04:40:32,519 - corrector.core.run - INFO - Random-walk step 3651/7000: motor target x=298562nm y=-424613nm
2026-08-18 04:40:38,558 - corrector.core.run - INFO - Random-walk step 3652/7000: motor target x=297746nm y=-422980nm
2026-08-18 04:40:44,260 - corrector.core.run - INFO - Random-walk step 3653/7000: motor target x=298532nm y=-423844nm
2026-08-18 04:40:49,640 - corrector.core.run - INFO - Random-walk step 3654/7000: motor target x=298416nm y=-424015nm
2026-08-18 04:40:55,372 - corrector.core.run - INFO - Random-walk step 3655/7000: motor target x=298243nm y=-424136nm
2026-08-18 04:41:01,120 - corrector.core.run - INFO - Random-walk step 3656/7000: motor target x=298499nm y=-424105nm
2026-08-18 04:41:06,785 - corrector.core.run - INFO - Random-walk step 3657/7000: motor target x=298460nm y=-423993nm
2026-08-18 04:41:12,751 - corrector.core.run - INFO - Random-walk step 3658/7000: motor target x=298701nm y=-423560nm
2026-08-18 04:41:18,249 - corrector.core.run - INFO - Random-walk step 3659/7000: motor target x=298674nm y=-423461nm
2026-08-18 04:41:24,119 - corrector.core.run - INFO - Random-walk step 3660/7000: motor target x=294122nm y=-425425nm
2026-08-18 04:41:29,732 - corrector.core.run - INFO - Random-walk step 3661/7000: motor target x=294228nm y=-425321nm
2026-08-18 04:41:35,762 - corrector.core.run - INFO - Random-walk step 3662/7000: motor target x=294423nm y=-426169nm
2026-08-18 04:41:41,336 - corrector.core.run - INFO - Random-walk step 3663/7000: motor target x=299689nm y=-417781nm
2026-08-18 04:41:46,946 - corrector.core.run - INFO - Random-walk step 3664/7000: motor target x=299699nm y=-417520nm
2026-08-18 04:41:53,160 - corrector.core.run - INFO - Random-walk step 3665/7000: motor target x=301024nm y=-416330nm
2026-08-18 04:41:58,346 - corrector.core.run - INFO - Random-walk step 3666/7000: motor target x=301135nm y=-416572nm
2026-08-18 04:42:04,136 - corrector.core.run - INFO - Random-walk step 3667/7000: motor target x=302800nm y=-412230nm
2026-08-18 04:42:10,132 - corrector.core.run - INFO - Random-walk step 3668/7000: motor target x=301931nm y=-412281nm
2026-08-18 04:42:15,970 - corrector.core.run - INFO - Random-walk step 3669/7000: motor target x=303159nm y=-416765nm
2026-08-18 04:42:21,239 - corrector.core.run - INFO - Random-walk step 3670/7000: motor target x=303142nm y=-416829nm
2026-08-18 04:42:28,550 - corrector.core.run - INFO - Random-walk step 3671/7000: motor target x=306195nm y=-413390nm
2026-08-18 04:42:34,798 - corrector.core.run - INFO - Random-walk step 3672/7000: motor target x=304378nm y=-411848nm
2026-08-18 04:42:40,044 - corrector.core.run - INFO - Random-walk step 3673/7000: motor target x=304750nm y=-412260nm
2026-08-18 04:42:45,932 - corrector.core.run - INFO - Random-walk step 3674/7000: motor target x=302907nm y=-413059nm
2026-08-18 04:42:51,714 - corrector.core.run - INFO - Random-walk step 3675/7000: motor target x=303866nm y=-412799nm
2026-08-18 04:42:57,498 - corrector.core.run - INFO - Random-walk step 3676/7000: motor target x=304993nm y=-412802nm
2026-08-18 04:43:03,030 - corrector.core.run - INFO - Random-walk step 3677/7000: motor target x=305397nm y=-415417nm
2026-08-18 04:43:08,874 - corrector.core.run - INFO - Random-walk step 3678/7000: motor target x=306035nm y=-414724nm
2026-08-18 04:43:16,304 - corrector.core.run - INFO - Random-walk step 3679/7000: motor target x=307347nm y=-414242nm
2026-08-18 04:43:21,923 - corrector.core.run - INFO - Random-walk step 3680/7000: motor target x=307448nm y=-413287nm
2026-08-18 04:43:27,499 - corrector.core.run - INFO - Random-walk step 3681/7000: motor target x=307535nm y=-413978nm
2026-08-18 04:43:32,990 - corrector.core.run - INFO - Random-walk step 3682/7000: motor target x=307434nm y=-413993nm
2026-08-18 04:43:39,011 - corrector.core.run - INFO - Random-walk step 3683/7000: motor target x=306833nm y=-414370nm
2026-08-18 04:43:44,543 - corrector.core.run - INFO - Random-walk step 3684/7000: motor target x=307231nm y=-414045nm
2026-08-18 04:43:50,318 - corrector.core.run - INFO - Random-walk step 3685/7000: motor target x=306739nm y=-413550nm
2026-08-18 04:43:56,139 - corrector.core.run - INFO - Random-walk step 3686/7000: motor target x=308656nm y=-413002nm
2026-08-18 04:44:01,919 - corrector.core.run - INFO - Random-walk step 3687/7000: motor target x=309442nm y=-412803nm
2026-08-18 04:44:08,004 - corrector.core.run - INFO - Random-walk step 3688/7000: motor target x=310345nm y=-411370nm
2026-08-18 04:44:13,089 - corrector.core.run - INFO - Random-walk step 3689/7000: motor target x=310410nm y=-411230nm
2026-08-18 04:44:18,814 - corrector.core.run - INFO - Random-walk step 3690/7000: motor target x=310504nm y=-411050nm
2026-08-18 04:44:24,524 - corrector.core.run - INFO - Random-walk step 3691/7000: motor target x=310628nm y=-411036nm
2026-08-18 04:44:30,306 - corrector.core.run - INFO - Random-walk step 3692/7000: motor target x=311002nm y=-411050nm
2026-08-18 04:44:35,939 - corrector.core.run - INFO - Random-walk step 3693/7000: motor target x=311120nm y=-411170nm
2026-08-18 04:44:42,176 - corrector.core.run - INFO - Random-walk step 3694/7000: motor target x=309847nm y=-413185nm
2026-08-18 04:44:47,562 - corrector.core.run - INFO - Random-walk step 3695/7000: motor target x=303923nm y=-418393nm
2026-08-18 04:44:53,343 - corrector.core.run - INFO - Random-walk step 3696/7000: motor target x=303401nm y=-418333nm
2026-08-18 04:44:58,938 - corrector.core.run - INFO - Random-walk step 3697/7000: motor target x=305698nm y=-415052nm
2026-08-18 04:45:04,702 - corrector.core.run - INFO - Random-walk step 3698/7000: motor target x=309766nm y=-410311nm
2026-08-18 04:45:10,770 - corrector.core.run - INFO - Random-walk step 3699/7000: motor target x=310992nm y=-410759nm
2026-08-18 04:45:16,588 - corrector.core.run - INFO - Random-walk step 3700/7000: motor target x=309570nm y=-407361nm
2026-08-18 04:45:21,814 - corrector.core.run - INFO - Random-walk step 3701/7000: motor target x=307469nm y=-407449nm
2026-08-18 04:45:27,596 - corrector.core.run - INFO - Random-walk step 3702/7000: motor target x=307433nm y=-407903nm
2026-08-18 04:45:33,334 - corrector.core.run - INFO - Random-walk step 3703/7000: motor target x=307130nm y=-408159nm
2026-08-18 04:45:38,917 - corrector.core.run - INFO - Random-walk step 3704/7000: motor target x=307231nm y=-408105nm
2026-08-18 04:45:45,021 - corrector.core.run - INFO - Random-walk step 3705/7000: motor target x=306335nm y=-412537nm
2026-08-18 04:45:50,816 - corrector.core.run - INFO - Random-walk step 3706/7000: motor target x=307451nm y=-414138nm
2026-08-18 04:45:56,414 - corrector.core.run - INFO - Random-walk step 3707/7000: motor target x=306673nm y=-413772nm
2026-08-18 04:46:01,879 - corrector.core.run - INFO - Random-walk step 3708/7000: motor target x=306676nm y=-413600nm
2026-08-18 04:46:07,803 - corrector.core.run - INFO - Random-walk step 3709/7000: motor target x=306224nm y=-417462nm
2026-08-18 04:46:13,340 - corrector.core.run - INFO - Random-walk step 3710/7000: motor target x=306462nm y=-417377nm
2026-08-18 04:46:19,120 - corrector.core.run - INFO - Random-walk step 3711/7000: motor target x=306769nm y=-417527nm
2026-08-18 04:46:24,783 - corrector.core.run - INFO - Random-walk step 3712/7000: motor target x=306902nm y=-417658nm
2026-08-18 04:46:31,035 - corrector.core.run - INFO - Random-walk step 3713/7000: motor target x=305893nm y=-416382nm
2026-08-18 04:46:36,415 - corrector.core.run - INFO - Random-walk step 3714/7000: motor target x=305731nm y=-415897nm
2026-08-18 04:46:41,921 - corrector.core.run - INFO - Random-walk step 3715/7000: motor target x=305761nm y=-415821nm
2026-08-18 04:46:47,791 - corrector.core.run - INFO - Random-walk step 3716/7000: motor target x=305851nm y=-416230nm
2026-08-18 04:46:53,721 - corrector.core.run - INFO - Random-walk step 3717/7000: motor target x=303360nm y=-417004nm
2026-08-18 04:46:59,569 - corrector.core.run - INFO - Random-walk step 3718/7000: motor target x=305313nm y=-418046nm
2026-08-18 04:47:04,865 - corrector.core.run - INFO - Random-walk step 3719/7000: motor target x=305309nm y=-418191nm
2026-08-18 04:47:11,100 - corrector.core.run - INFO - Random-walk step 3720/7000: motor target x=303950nm y=-416546nm
2026-08-18 04:47:16,320 - corrector.core.run - INFO - Random-walk step 3721/7000: motor target x=304079nm y=-416611nm
2026-08-18 04:47:22,960 - corrector.core.run - INFO - Random-walk step 3722/7000: motor target x=306158nm y=-417288nm
2026-08-18 04:47:32,635 - corrector.core.run - INFO - Random-walk step 3723/7000: motor target x=305486nm y=-418679nm
2026-08-18 04:47:38,720 - corrector.core.run - INFO - Random-walk step 3724/7000: motor target x=302640nm y=-419383nm
2026-08-18 04:47:44,481 - corrector.core.run - INFO - Random-walk step 3725/7000: motor target x=302641nm y=-420319nm
2026-08-18 04:47:49,950 - corrector.core.run - INFO - Random-walk step 3726/7000: motor target x=302330nm y=-420308nm
2026-08-18 04:47:56,362 - corrector.core.run - INFO - Random-walk step 3727/7000: motor target x=295392nm y=-426039nm
2026-08-18 04:48:01,788 - corrector.core.run - INFO - Random-walk step 3728/7000: motor target x=296186nm y=-424899nm
2026-08-18 04:48:07,154 - corrector.core.run - INFO - Random-walk step 3729/7000: motor target x=294068nm y=-422703nm
2026-08-18 04:48:12,841 - corrector.core.run - INFO - Random-walk step 3730/7000: motor target x=297440nm y=-419602nm
2026-08-18 04:48:19,307 - corrector.core.run - INFO - Random-walk step 3731/7000: motor target x=300210nm y=-417963nm
2026-08-18 04:48:24,260 - corrector.core.run - INFO - Random-walk step 3732/7000: motor target x=300304nm y=-418091nm
2026-08-18 04:48:30,051 - corrector.core.run - INFO - Random-walk step 3733/7000: motor target x=300677nm y=-418317nm
2026-08-18 04:48:36,375 - corrector.core.run - INFO - Random-walk step 3734/7000: motor target x=300262nm y=-418430nm
2026-08-18 04:48:42,242 - corrector.core.run - INFO - Random-walk step 3735/7000: motor target x=300496nm y=-418757nm
2026-08-18 04:48:47,695 - corrector.core.run - INFO - Random-walk step 3736/7000: motor target x=300514nm y=-419123nm
2026-08-18 04:48:54,462 - corrector.core.run - INFO - Random-walk step 3737/7000: motor target x=300772nm y=-419415nm
2026-08-18 04:49:00,321 - corrector.core.run - INFO - Random-walk step 3738/7000: motor target x=300358nm y=-419448nm
2026-08-18 04:49:06,305 - corrector.core.run - INFO - Random-walk step 3739/7000: motor target x=300170nm y=-419457nm
2026-08-18 04:49:13,235 - corrector.core.run - INFO - Random-walk step 3740/7000: motor target x=297933nm y=-421021nm
2026-08-18 04:49:19,043 - corrector.core.run - INFO - Random-walk step 3741/7000: motor target x=297415nm y=-420657nm
2026-08-18 04:49:24,522 - corrector.core.run - INFO - Random-walk step 3742/7000: motor target x=297256nm y=-420569nm
2026-08-18 04:49:30,559 - corrector.core.run - INFO - Random-walk step 3743/7000: motor target x=297461nm y=-419787nm
2026-08-18 04:49:36,305 - corrector.core.run - INFO - Random-walk step 3744/7000: motor target x=296954nm y=-419097nm
2026-08-18 04:49:41,758 - corrector.core.run - INFO - Random-walk step 3745/7000: motor target x=296626nm y=-419023nm
2026-08-18 04:49:47,555 - corrector.core.run - INFO - Random-walk step 3746/7000: motor target x=296705nm y=-419439nm
2026-08-18 04:49:53,482 - corrector.core.run - INFO - Random-walk step 3747/7000: motor target x=298926nm y=-418643nm
2026-08-18 04:49:58,941 - corrector.core.run - INFO - Random-walk step 3748/7000: motor target x=299008nm y=-418847nm
2026-08-18 04:50:04,663 - corrector.core.run - INFO - Random-walk step 3749/7000: motor target x=298787nm y=-418825nm
2026-08-18 04:50:10,317 - corrector.core.run - INFO - Random-walk step 3750/7000: motor target x=298864nm y=-418788nm
2026-08-18 04:50:16,261 - corrector.core.run - INFO - Random-walk step 3751/7000: motor target x=299128nm y=-418982nm
2026-08-18 04:50:23,400 - corrector.core.run - INFO - Random-walk step 3752/7000: motor target x=299215nm y=-418679nm
2026-08-18 04:50:29,183 - corrector.core.run - INFO - Random-walk step 3753/7000: motor target x=301743nm y=-413325nm
2026-08-18 04:50:35,036 - corrector.core.run - INFO - Random-walk step 3754/7000: motor target x=302411nm y=-411506nm
2026-08-18 04:50:40,926 - corrector.core.run - INFO - Random-walk step 3755/7000: motor target x=302579nm y=-410522nm
2026-08-18 04:50:46,254 - corrector.core.run - INFO - Random-walk step 3756/7000: motor target x=302751nm y=-410560nm
2026-08-18 04:50:52,422 - corrector.core.run - INFO - Random-walk step 3757/7000: motor target x=302049nm y=-411716nm
2026-08-18 04:50:58,038 - corrector.core.run - INFO - Random-walk step 3758/7000: motor target x=301136nm y=-411916nm
2026-08-18 04:51:03,474 - corrector.core.run - INFO - Random-walk step 3759/7000: motor target x=305793nm y=-412031nm
2026-08-18 04:51:09,205 - corrector.core.run - INFO - Random-walk step 3760/7000: motor target x=305504nm y=-412120nm
2026-08-18 04:51:15,106 - corrector.core.run - INFO - Random-walk step 3761/7000: motor target x=306071nm y=-412125nm
2026-08-18 04:51:20,902 - corrector.core.run - INFO - Random-walk step 3762/7000: motor target x=305768nm y=-411484nm
2026-08-18 04:51:26,415 - corrector.core.run - INFO - Random-walk step 3763/7000: motor target x=310579nm y=-408101nm
2026-08-18 04:51:32,126 - corrector.core.run - INFO - Random-walk step 3764/7000: motor target x=308051nm y=-410160nm
2026-08-18 04:51:38,293 - corrector.core.run - INFO - Random-walk step 3765/7000: motor target x=306750nm y=-400264nm
2026-08-18 04:51:43,765 - corrector.core.run - INFO - Random-walk step 3766/7000: motor target x=306138nm y=-400234nm
2026-08-18 04:51:49,615 - corrector.core.run - INFO - Random-walk step 3767/7000: motor target x=301860nm y=-399367nm
2026-08-18 04:51:55,037 - corrector.core.run - INFO - Random-walk step 3768/7000: motor target x=301570nm y=-396952nm
2026-08-18 04:52:00,693 - corrector.core.run - INFO - Random-walk step 3769/7000: motor target x=301480nm y=-396918nm
2026-08-18 04:52:06,854 - corrector.core.run - INFO - Random-walk step 3770/7000: motor target x=302664nm y=-395042nm
2026-08-18 04:52:12,214 - corrector.core.run - INFO - Random-walk step 3771/7000: motor target x=304684nm y=-394990nm
2026-08-18 04:52:17,855 - corrector.core.run - INFO - Random-walk step 3772/7000: motor target x=304813nm y=-394961nm
2026-08-18 04:52:23,825 - corrector.core.run - INFO - Random-walk step 3773/7000: motor target x=304971nm y=-395432nm
2026-08-18 04:52:29,485 - corrector.core.run - INFO - Random-walk step 3774/7000: motor target x=305305nm y=-395499nm
2026-08-18 04:52:35,287 - corrector.core.run - INFO - Random-walk step 3775/7000: motor target x=307159nm y=-396017nm
2026-08-18 04:52:40,886 - corrector.core.run - INFO - Random-walk step 3776/7000: motor target x=307523nm y=-396204nm
2026-08-18 04:52:46,562 - corrector.core.run - INFO - Random-walk step 3777/7000: motor target x=303140nm y=-404107nm
2026-08-18 04:52:52,512 - corrector.core.run - INFO - Random-walk step 3778/7000: motor target x=303865nm y=-404133nm
2026-08-18 04:52:58,286 - corrector.core.run - INFO - Random-walk step 3779/7000: motor target x=304189nm y=-403407nm
2026-08-18 04:53:03,826 - corrector.core.run - INFO - Random-walk step 3780/7000: motor target x=304551nm y=-402982nm
2026-08-18 04:53:09,856 - corrector.core.run - INFO - Random-walk step 3781/7000: motor target x=305681nm y=-402438nm
2026-08-18 04:53:15,502 - corrector.core.run - INFO - Random-walk step 3782/7000: motor target x=304996nm y=-401593nm
2026-08-18 04:53:21,210 - corrector.core.run - INFO - Random-walk step 3783/7000: motor target x=304134nm y=-401298nm
2026-08-18 04:53:26,678 - corrector.core.run - INFO - Random-walk step 3784/7000: motor target x=303997nm y=-400973nm
2026-08-18 04:53:32,395 - corrector.core.run - INFO - Random-walk step 3785/7000: motor target x=307176nm y=-403708nm
2026-08-18 04:53:38,182 - corrector.core.run - INFO - Random-walk step 3786/7000: motor target x=301648nm y=-410999nm
2026-08-18 04:53:43,863 - corrector.core.run - INFO - Random-walk step 3787/7000: motor target x=299364nm y=-407918nm
2026-08-18 04:53:49,789 - corrector.core.run - INFO - Random-walk step 3788/7000: motor target x=300020nm y=-408328nm
2026-08-18 04:53:55,273 - corrector.core.run - INFO - Random-walk step 3789/7000: motor target x=299730nm y=-408409nm
2026-08-18 04:54:00,897 - corrector.core.run - INFO - Random-walk step 3790/7000: motor target x=299787nm y=-408416nm
2026-08-18 04:54:06,997 - corrector.core.run - INFO - Random-walk step 3791/7000: motor target x=299979nm y=-409308nm
2026-08-18 04:54:12,547 - corrector.core.run - INFO - Random-walk step 3792/7000: motor target x=299645nm y=-409271nm
2026-08-18 04:54:18,181 - corrector.core.run - INFO - Random-walk step 3793/7000: motor target x=299411nm y=-406169nm
2026-08-18 04:54:24,147 - corrector.core.run - INFO - Random-walk step 3794/7000: motor target x=299136nm y=-406885nm
2026-08-18 04:54:29,801 - corrector.core.run - INFO - Random-walk step 3795/7000: motor target x=299172nm y=-407522nm
2026-08-18 04:54:35,464 - corrector.core.run - INFO - Random-walk step 3796/7000: motor target x=299491nm y=-407669nm
2026-08-18 04:54:41,467 - corrector.core.run - INFO - Random-walk step 3797/7000: motor target x=300638nm y=-409483nm
2026-08-18 04:54:47,184 - corrector.core.run - INFO - Random-walk step 3798/7000: motor target x=299465nm y=-410047nm
2026-08-18 04:54:52,514 - corrector.core.run - INFO - Random-walk step 3799/7000: motor target x=299295nm y=-409940nm
2026-08-18 04:54:58,506 - corrector.core.run - INFO - Random-walk step 3800/7000: motor target x=299768nm y=-410576nm
2026-08-18 04:55:04,428 - corrector.core.run - INFO - Random-walk step 3801/7000: motor target x=301108nm y=-408404nm
2026-08-18 04:55:09,842 - corrector.core.run - INFO - Random-walk step 3802/7000: motor target x=301530nm y=-408281nm
2026-08-18 04:55:15,563 - corrector.core.run - INFO - Random-walk step 3803/7000: motor target x=301645nm y=-408721nm
2026-08-18 04:55:21,239 - corrector.core.run - INFO - Random-walk step 3804/7000: motor target x=301506nm y=-408258nm
2026-08-18 04:55:27,284 - corrector.core.run - INFO - Random-walk step 3805/7000: motor target x=305057nm y=-407097nm
2026-08-18 04:55:32,922 - corrector.core.run - INFO - Random-walk step 3806/7000: motor target x=308569nm y=-406249nm
2026-08-18 04:55:38,332 - corrector.core.run - INFO - Random-walk step 3807/7000: motor target x=310092nm y=-406277nm
2026-08-18 04:55:44,538 - corrector.core.run - INFO - Random-walk step 3808/7000: motor target x=309465nm y=-404983nm
2026-08-18 04:55:49,891 - corrector.core.run - INFO - Random-walk step 3809/7000: motor target x=309847nm y=-404453nm
2026-08-18 04:55:55,466 - corrector.core.run - INFO - Random-walk step 3810/7000: motor target x=309726nm y=-404373nm
2026-08-18 04:56:01,191 - corrector.core.run - INFO - Random-walk step 3811/7000: motor target x=309654nm y=-404453nm
2026-08-18 04:56:07,134 - corrector.core.run - INFO - Random-walk step 3812/7000: motor target x=310162nm y=-404135nm
2026-08-18 04:56:12,815 - corrector.core.run - INFO - Random-walk step 3813/7000: motor target x=310313nm y=-402267nm
2026-08-18 04:56:18,456 - corrector.core.run - INFO - Random-walk step 3814/7000: motor target x=309976nm y=-401949nm
2026-08-18 04:56:24,439 - corrector.core.run - INFO - Random-walk step 3815/7000: motor target x=310105nm y=-400976nm
2026-08-18 04:56:29,875 - corrector.core.run - INFO - Random-walk step 3816/7000: motor target x=307359nm y=-397927nm
2026-08-18 04:56:35,635 - corrector.core.run - INFO - Random-walk step 3817/7000: motor target x=307008nm y=-397539nm
2026-08-18 04:56:41,606 - corrector.core.run - INFO - Random-walk step 3818/7000: motor target x=306362nm y=-396696nm
2026-08-18 04:56:47,025 - corrector.core.run - INFO - Random-walk step 3819/7000: motor target x=306611nm y=-396925nm
2026-08-18 04:56:53,145 - corrector.core.run - INFO - Random-walk step 3820/7000: motor target x=305667nm y=-396384nm
2026-08-18 04:56:58,443 - corrector.core.run - INFO - Random-walk step 3821/7000: motor target x=305770nm y=-396372nm
2026-08-18 04:57:04,515 - corrector.core.run - INFO - Random-walk step 3822/7000: motor target x=306687nm y=-396307nm
2026-08-18 04:57:10,439 - corrector.core.run - INFO - Random-walk step 3823/7000: motor target x=304756nm y=-394877nm
2026-08-18 04:57:16,163 - corrector.core.run - INFO - Random-walk step 3824/7000: motor target x=303843nm y=-393500nm
2026-08-18 04:57:21,333 - corrector.core.run - INFO - Random-walk step 3825/7000: motor target x=303734nm y=-393491nm
2026-08-18 04:57:27,371 - corrector.core.run - INFO - Random-walk step 3826/7000: motor target x=303798nm y=-394269nm
2026-08-18 04:57:32,866 - corrector.core.run - INFO - Random-walk step 3827/7000: motor target x=304032nm y=-394537nm
2026-08-18 04:57:38,998 - corrector.core.run - INFO - Random-walk step 3828/7000: motor target x=304038nm y=-393245nm
2026-08-18 04:57:44,674 - corrector.core.run - INFO - Random-walk step 3829/7000: motor target x=303058nm y=-393491nm
2026-08-18 04:57:50,225 - corrector.core.run - INFO - Random-walk step 3830/7000: motor target x=302512nm y=-393580nm
2026-08-18 04:57:56,054 - corrector.core.run - INFO - Random-walk step 3831/7000: motor target x=301675nm y=-392795nm
2026-08-18 04:58:01,459 - corrector.core.run - INFO - Random-walk step 3832/7000: motor target x=301856nm y=-392913nm
2026-08-18 04:58:07,699 - corrector.core.run - INFO - Random-walk step 3833/7000: motor target x=302067nm y=-391515nm
2026-08-18 04:58:13,286 - corrector.core.run - INFO - Random-walk step 3834/7000: motor target x=302876nm y=-391275nm
2026-08-18 04:58:18,660 - corrector.core.run - INFO - Random-walk step 3835/7000: motor target x=306145nm y=-394155nm
2026-08-18 04:58:24,466 - corrector.core.run - INFO - Random-walk step 3836/7000: motor target x=301283nm y=-393720nm
2026-08-18 04:58:30,102 - corrector.core.run - INFO - Random-walk step 3837/7000: motor target x=301352nm y=-393426nm
2026-08-18 04:58:35,804 - corrector.core.run - INFO - Random-walk step 3838/7000: motor target x=301229nm y=-393670nm
2026-08-18 04:58:41,826 - corrector.core.run - INFO - Random-walk step 3839/7000: motor target x=300551nm y=-393127nm
2026-08-18 04:58:47,592 - corrector.core.run - INFO - Random-walk step 3840/7000: motor target x=304272nm y=-394117nm
2026-08-18 04:58:53,362 - corrector.core.run - INFO - Random-walk step 3841/7000: motor target x=306362nm y=-393035nm
2026-08-18 04:58:58,690 - corrector.core.run - INFO - Random-walk step 3842/7000: motor target x=306520nm y=-393042nm
2026-08-18 04:59:04,917 - corrector.core.run - INFO - Random-walk step 3843/7000: motor target x=307737nm y=-395118nm
2026-08-18 04:59:10,489 - corrector.core.run - INFO - Random-walk step 3844/7000: motor target x=305444nm y=-394262nm
2026-08-18 04:59:16,434 - corrector.core.run - INFO - Random-walk step 3845/7000: motor target x=303988nm y=-397228nm
2026-08-18 04:59:21,983 - corrector.core.run - INFO - Random-walk step 3846/7000: motor target x=304372nm y=-398223nm
2026-08-18 04:59:27,395 - corrector.core.run - INFO - Random-walk step 3847/7000: motor target x=304292nm y=-393463nm
2026-08-18 04:59:33,303 - corrector.core.run - INFO - Random-walk step 3848/7000: motor target x=304406nm y=-392886nm
2026-08-18 04:59:39,095 - corrector.core.run - INFO - Random-walk step 3849/7000: motor target x=304561nm y=-392134nm
2026-08-18 04:59:44,595 - corrector.core.run - INFO - Random-walk step 3850/7000: motor target x=304204nm y=-392172nm
2026-08-18 04:59:50,512 - corrector.core.run - INFO - Random-walk step 3851/7000: motor target x=304319nm y=-391455nm
2026-08-18 04:59:56,351 - corrector.core.run - INFO - Random-walk step 3852/7000: motor target x=302608nm y=-392530nm
2026-08-18 05:00:01,868 - corrector.core.run - INFO - Random-walk step 3853/7000: motor target x=302328nm y=-392045nm
2026-08-18 05:00:07,954 - corrector.core.run - INFO - Random-walk step 3854/7000: motor target x=299921nm y=-393521nm
2026-08-18 05:00:13,099 - corrector.core.run - INFO - Random-walk step 3855/7000: motor target x=299943nm y=-393460nm
2026-08-18 05:00:18,869 - corrector.core.run - INFO - Random-walk step 3856/7000: motor target x=300121nm y=-393408nm
2026-08-18 05:00:24,643 - corrector.core.run - INFO - Random-walk step 3857/7000: motor target x=298163nm y=-393352nm
2026-08-18 05:00:30,646 - corrector.core.run - INFO - Random-walk step 3858/7000: motor target x=299700nm y=-394227nm
2026-08-18 05:00:36,441 - corrector.core.run - INFO - Random-walk step 3859/7000: motor target x=301834nm y=-395294nm
2026-08-18 05:00:42,346 - corrector.core.run - INFO - Random-walk step 3860/7000: motor target x=300828nm y=-393808nm
2026-08-18 05:00:47,486 - corrector.core.run - INFO - Random-walk step 3861/7000: motor target x=300912nm y=-393969nm
2026-08-18 05:00:53,383 - corrector.core.run - INFO - Random-walk step 3862/7000: motor target x=300803nm y=-393359nm
2026-08-18 05:00:59,263 - corrector.core.run - INFO - Random-walk step 3863/7000: motor target x=300812nm y=-392381nm
2026-08-18 05:01:05,112 - corrector.core.run - INFO - Random-walk step 3864/7000: motor target x=299823nm y=-391504nm
2026-08-18 05:01:10,408 - corrector.core.run - INFO - Random-walk step 3865/7000: motor target x=299720nm y=-391421nm
2026-08-18 05:01:16,679 - corrector.core.run - INFO - Random-walk step 3866/7000: motor target x=298572nm y=-392691nm
2026-08-18 05:01:21,940 - corrector.core.run - INFO - Random-walk step 3867/7000: motor target x=304983nm y=-398696nm
2026-08-18 05:01:27,720 - corrector.core.run - INFO - Random-walk step 3868/7000: motor target x=305241nm y=-398273nm
2026-08-18 05:01:33,341 - corrector.core.run - INFO - Random-walk step 3869/7000: motor target x=305537nm y=-398514nm
2026-08-18 05:01:39,149 - corrector.core.run - INFO - Random-walk step 3870/7000: motor target x=305445nm y=-398980nm
2026-08-18 05:01:45,218 - corrector.core.run - INFO - Random-walk step 3871/7000: motor target x=301131nm y=-400178nm
2026-08-18 05:01:50,769 - corrector.core.run - INFO - Random-walk step 3872/7000: motor target x=301881nm y=-398085nm
2026-08-18 05:01:56,191 - corrector.core.run - INFO - Random-walk step 3873/7000: motor target x=301921nm y=-398257nm
2026-08-18 05:02:02,057 - corrector.core.run - INFO - Random-walk step 3874/7000: motor target x=304191nm y=-395291nm
2026-08-18 05:02:07,933 - corrector.core.run - INFO - Random-walk step 3875/7000: motor target x=303467nm y=-393287nm
2026-08-18 05:02:13,367 - corrector.core.run - INFO - Random-walk step 3876/7000: motor target x=303359nm y=-393359nm
2026-08-18 05:02:19,090 - corrector.core.run - INFO - Random-walk step 3877/7000: motor target x=303442nm y=-393388nm
2026-08-18 05:02:24,999 - corrector.core.run - INFO - Random-walk step 3878/7000: motor target x=299145nm y=-391726nm
2026-08-18 05:02:30,586 - corrector.core.run - INFO - Random-walk step 3879/7000: motor target x=298975nm y=-391704nm
2026-08-18 05:02:36,513 - corrector.core.run - INFO - Random-walk step 3880/7000: motor target x=298617nm y=-389744nm
2026-08-18 05:02:42,374 - corrector.core.run - INFO - Random-walk step 3881/7000: motor target x=297606nm y=-389644nm
2026-08-18 05:02:48,130 - corrector.core.run - INFO - Random-walk step 3882/7000: motor target x=298587nm y=-390102nm
2026-08-18 05:02:53,747 - corrector.core.run - INFO - Random-walk step 3883/7000: motor target x=297847nm y=-394783nm
2026-08-18 05:02:59,521 - corrector.core.run - INFO - Random-walk step 3884/7000: motor target x=298605nm y=-394039nm
2026-08-18 05:03:05,061 - corrector.core.run - INFO - Random-walk step 3885/7000: motor target x=298365nm y=-394289nm
2026-08-18 05:03:10,715 - corrector.core.run - INFO - Random-walk step 3886/7000: motor target x=301986nm y=-390168nm
2026-08-18 05:03:16,595 - corrector.core.run - INFO - Random-walk step 3887/7000: motor target x=301491nm y=-392116nm
2026-08-18 05:03:22,307 - corrector.core.run - INFO - Random-walk step 3888/7000: motor target x=301329nm y=-392553nm
2026-08-18 05:03:27,866 - corrector.core.run - INFO - Random-walk step 3889/7000: motor target x=301116nm y=-392510nm
2026-08-18 05:03:33,871 - corrector.core.run - INFO - Random-walk step 3890/7000: motor target x=300379nm y=-392918nm
2026-08-18 05:03:39,306 - corrector.core.run - INFO - Random-walk step 3891/7000: motor target x=300511nm y=-393056nm
2026-08-18 05:03:45,238 - corrector.core.run - INFO - Random-walk step 3892/7000: motor target x=304304nm y=-395370nm
2026-08-18 05:03:51,323 - corrector.core.run - INFO - Random-walk step 3893/7000: motor target x=305809nm y=-399344nm
2026-08-18 05:03:56,572 - corrector.core.run - INFO - Random-walk step 3894/7000: motor target x=305766nm y=-399693nm
2026-08-18 05:04:02,245 - corrector.core.run - INFO - Random-walk step 3895/7000: motor target x=305704nm y=-399972nm
2026-08-18 05:04:08,171 - corrector.core.run - INFO - Random-walk step 3896/7000: motor target x=306211nm y=-400292nm
2026-08-18 05:04:13,741 - corrector.core.run - INFO - Random-walk step 3897/7000: motor target x=306251nm y=-400599nm
2026-08-18 05:04:19,802 - corrector.core.run - INFO - Random-walk step 3898/7000: motor target x=305322nm y=-399844nm
2026-08-18 05:04:25,540 - corrector.core.run - INFO - Random-walk step 3899/7000: motor target x=305629nm y=-398986nm
2026-08-18 05:04:31,221 - corrector.core.run - INFO - Random-walk step 3900/7000: motor target x=307187nm y=-398076nm
2026-08-18 05:04:36,831 - corrector.core.run - INFO - Random-walk step 3901/7000: motor target x=307725nm y=-398838nm
2026-08-18 05:04:42,343 - corrector.core.run - INFO - Random-walk step 3902/7000: motor target x=307703nm y=-398725nm
2026-08-18 05:04:48,427 - corrector.core.run - INFO - Random-walk step 3903/7000: motor target x=309415nm y=-399628nm
2026-08-18 05:04:54,349 - corrector.core.run - INFO - Random-walk step 3904/7000: motor target x=308317nm y=-398239nm
2026-08-18 05:04:59,771 - corrector.core.run - INFO - Random-walk step 3905/7000: motor target x=307544nm y=-397880nm
2026-08-18 05:05:05,299 - corrector.core.run - INFO - Random-walk step 3906/7000: motor target x=307690nm y=-399427nm
2026-08-18 05:05:11,427 - corrector.core.run - INFO - Random-walk step 3907/7000: motor target x=308859nm y=-401205nm
2026-08-18 05:05:16,851 - corrector.core.run - INFO - Random-walk step 3908/7000: motor target x=308407nm y=-400706nm
2026-08-18 05:05:22,508 - corrector.core.run - INFO - Random-walk step 3909/7000: motor target x=306627nm y=-397393nm
2026-08-18 05:05:28,502 - corrector.core.run - INFO - Random-walk step 3910/7000: motor target x=305747nm y=-392495nm
2026-08-18 05:05:33,951 - corrector.core.run - INFO - Random-walk step 3911/7000: motor target x=305511nm y=-392809nm
2026-08-18 05:05:40,178 - corrector.core.run - INFO - Random-walk step 3912/7000: motor target x=304138nm y=-393958nm
2026-08-18 05:05:45,927 - corrector.core.run - INFO - Random-walk step 3913/7000: motor target x=302415nm y=-392617nm
2026-08-18 05:05:51,158 - corrector.core.run - INFO - Random-walk step 3914/7000: motor target x=302111nm y=-394200nm
2026-08-18 05:05:56,900 - corrector.core.run - INFO - Random-walk step 3915/7000: motor target x=302287nm y=-394586nm
2026-08-18 05:06:02,834 - corrector.core.run - INFO - Random-walk step 3916/7000: motor target x=301538nm y=-394942nm
2026-08-18 05:06:08,238 - corrector.core.run - INFO - Random-walk step 3917/7000: motor target x=301581nm y=-395032nm
2026-08-18 05:06:14,388 - corrector.core.run - INFO - Random-walk step 3918/7000: motor target x=302761nm y=-394827nm
2026-08-18 05:06:20,136 - corrector.core.run - INFO - Random-walk step 3919/7000: motor target x=302582nm y=-396062nm
2026-08-18 05:06:25,429 - corrector.core.run - INFO - Random-walk step 3920/7000: motor target x=302423nm y=-395954nm
2026-08-18 05:06:31,371 - corrector.core.run - INFO - Random-walk step 3921/7000: motor target x=304553nm y=-395473nm
2026-08-18 05:06:37,389 - corrector.core.run - INFO - Random-walk step 3922/7000: motor target x=305825nm y=-394314nm
2026-08-18 05:06:42,690 - corrector.core.run - INFO - Random-walk step 3923/7000: motor target x=302297nm y=-396547nm
2026-08-18 05:06:48,574 - corrector.core.run - INFO - Random-walk step 3924/7000: motor target x=302329nm y=-395837nm
2026-08-18 05:06:54,144 - corrector.core.run - INFO - Random-walk step 3925/7000: motor target x=302085nm y=-396222nm
2026-08-18 05:06:59,836 - corrector.core.run - INFO - Random-walk step 3926/7000: motor target x=301831nm y=-398355nm
2026-08-18 05:07:05,470 - corrector.core.run - INFO - Random-walk step 3927/7000: motor target x=301833nm y=-398459nm
2026-08-18 05:07:11,709 - corrector.core.run - INFO - Random-walk step 3928/7000: motor target x=303117nm y=-399018nm
2026-08-18 05:07:20,334 - corrector.core.run - INFO - Random-walk step 3929/7000: motor target x=302453nm y=-399822nm
2026-08-18 05:07:27,327 - corrector.core.run - INFO - Random-walk step 3930/7000: motor target x=302066nm y=-400031nm
2026-08-18 05:07:33,042 - corrector.core.run - INFO - Random-walk step 3931/7000: motor target x=309332nm y=-400315nm
2026-08-18 05:07:39,001 - corrector.core.run - INFO - Random-walk step 3932/7000: motor target x=309004nm y=-399554nm
2026-08-18 05:07:44,880 - corrector.core.run - INFO - Random-walk step 3933/7000: motor target x=309401nm y=-400742nm
2026-08-18 05:07:51,827 - corrector.core.run - INFO - Random-walk step 3934/7000: motor target x=309154nm y=-401322nm
2026-08-18 05:07:57,442 - corrector.core.run - INFO - Random-walk step 3935/7000: motor target x=306900nm y=-404458nm
2026-08-18 05:08:03,281 - corrector.core.run - INFO - Random-walk step 3936/7000: motor target x=307044nm y=-404107nm
2026-08-18 05:08:08,943 - corrector.core.run - INFO - Random-walk step 3937/7000: motor target x=307424nm y=-404447nm
2026-08-18 05:08:15,112 - corrector.core.run - INFO - Random-walk step 3938/7000: motor target x=308435nm y=-403221nm
2026-08-18 05:08:20,788 - corrector.core.run - INFO - Random-walk step 3939/7000: motor target x=302318nm y=-401945nm
2026-08-18 05:08:26,090 - corrector.core.run - INFO - Random-walk step 3940/7000: motor target x=301944nm y=-402134nm
2026-08-18 05:08:32,324 - corrector.core.run - INFO - Random-walk step 3941/7000: motor target x=300495nm y=-401388nm
2026-08-18 05:08:37,876 - corrector.core.run - INFO - Random-walk step 3942/7000: motor target x=299610nm y=-399698nm
2026-08-18 05:08:43,764 - corrector.core.run - INFO - Random-walk step 3943/7000: motor target x=298670nm y=-398336nm
2026-08-18 05:08:49,448 - corrector.core.run - INFO - Random-walk step 3944/7000: motor target x=297424nm y=-396743nm
2026-08-18 05:08:54,743 - corrector.core.run - INFO - Random-walk step 3945/7000: motor target x=295738nm y=-394492nm
2026-08-18 05:09:00,408 - corrector.core.run - INFO - Random-walk step 3946/7000: motor target x=295728nm y=-394730nm
2026-08-18 05:09:06,291 - corrector.core.run - INFO - Random-walk step 3947/7000: motor target x=295184nm y=-394397nm
2026-08-18 05:09:11,831 - corrector.core.run - INFO - Random-walk step 3948/7000: motor target x=295231nm y=-394365nm
2026-08-18 05:09:17,850 - corrector.core.run - INFO - Random-walk step 3949/7000: motor target x=294550nm y=-394204nm
2026-08-18 05:09:23,303 - corrector.core.run - INFO - Random-walk step 3950/7000: motor target x=294629nm y=-394162nm
2026-08-18 05:09:29,360 - corrector.core.run - INFO - Random-walk step 3951/7000: motor target x=295408nm y=-392326nm
2026-08-18 05:09:34,908 - corrector.core.run - INFO - Random-walk step 3952/7000: motor target x=297077nm y=-394573nm
2026-08-18 05:09:40,954 - corrector.core.run - INFO - Random-walk step 3953/7000: motor target x=298360nm y=-392794nm
2026-08-18 05:09:46,477 - corrector.core.run - INFO - Random-walk step 3954/7000: motor target x=297737nm y=-392668nm
2026-08-18 05:09:52,359 - corrector.core.run - INFO - Random-walk step 3955/7000: motor target x=297315nm y=-393697nm
2026-08-18 05:09:57,969 - corrector.core.run - INFO - Random-walk step 3956/7000: motor target x=297795nm y=-394382nm
2026-08-18 05:10:03,959 - corrector.core.run - INFO - Random-walk step 3957/7000: motor target x=296374nm y=-393592nm
2026-08-18 05:10:09,199 - corrector.core.run - INFO - Random-walk step 3958/7000: motor target x=296644nm y=-393650nm
2026-08-18 05:10:15,043 - corrector.core.run - INFO - Random-walk step 3959/7000: motor target x=297254nm y=-393433nm
2026-08-18 05:10:20,863 - corrector.core.run - INFO - Random-walk step 3960/7000: motor target x=297407nm y=-392699nm
2026-08-18 05:10:26,475 - corrector.core.run - INFO - Random-walk step 3961/7000: motor target x=301179nm y=-392176nm
2026-08-18 05:10:32,425 - corrector.core.run - INFO - Random-walk step 3962/7000: motor target x=300170nm y=-392512nm
2026-08-18 05:10:37,826 - corrector.core.run - INFO - Random-walk step 3963/7000: motor target x=300012nm y=-392794nm
2026-08-18 05:10:43,743 - corrector.core.run - INFO - Random-walk step 3964/7000: motor target x=300756nm y=-392511nm
2026-08-18 05:10:49,391 - corrector.core.run - INFO - Random-walk step 3965/7000: motor target x=300915nm y=-392942nm
2026-08-18 05:10:55,018 - corrector.core.run - INFO - Random-walk step 3966/7000: motor target x=301351nm y=-393070nm
2026-08-18 05:11:00,687 - corrector.core.run - INFO - Random-walk step 3967/7000: motor target x=301613nm y=-393024nm
2026-08-18 05:11:06,498 - corrector.core.run - INFO - Random-walk step 3968/7000: motor target x=301619nm y=-393283nm
2026-08-18 05:11:12,215 - corrector.core.run - INFO - Random-walk step 3969/7000: motor target x=299398nm y=-388919nm
2026-08-18 05:11:17,860 - corrector.core.run - INFO - Random-walk step 3970/7000: motor target x=299333nm y=-389089nm
2026-08-18 05:11:23,566 - corrector.core.run - INFO - Random-walk step 3971/7000: motor target x=299205nm y=-388974nm
2026-08-18 05:11:29,530 - corrector.core.run - INFO - Random-walk step 3972/7000: motor target x=299762nm y=-388401nm
2026-08-18 05:11:35,024 - corrector.core.run - INFO - Random-walk step 3973/7000: motor target x=299611nm y=-388312nm
2026-08-18 05:11:41,050 - corrector.core.run - INFO - Random-walk step 3974/7000: motor target x=298782nm y=-387862nm
2026-08-18 05:11:46,443 - corrector.core.run - INFO - Random-walk step 3975/7000: motor target x=298801nm y=-387987nm
2026-08-18 05:11:52,401 - corrector.core.run - INFO - Random-walk step 3976/7000: motor target x=299360nm y=-390367nm
2026-08-18 05:11:58,212 - corrector.core.run - INFO - Random-walk step 3977/7000: motor target x=299072nm y=-389605nm
2026-08-18 05:12:03,671 - corrector.core.run - INFO - Random-walk step 3978/7000: motor target x=298796nm y=-392065nm
2026-08-18 05:12:09,763 - corrector.core.run - INFO - Random-walk step 3979/7000: motor target x=299903nm y=-392560nm
2026-08-18 05:12:15,037 - corrector.core.run - INFO - Random-walk step 3980/7000: motor target x=299925nm y=-392508nm
2026-08-18 05:12:21,011 - corrector.core.run - INFO - Random-walk step 3981/7000: motor target x=300477nm y=-390239nm
2026-08-18 05:12:26,595 - corrector.core.run - INFO - Random-walk step 3982/7000: motor target x=296515nm y=-387631nm
2026-08-18 05:12:32,289 - corrector.core.run - INFO - Random-walk step 3983/7000: motor target x=296610nm y=-387416nm
2026-08-18 05:12:38,552 - corrector.core.run - INFO - Random-walk step 3984/7000: motor target x=298016nm y=-389041nm
2026-08-18 05:12:43,735 - corrector.core.run - INFO - Random-walk step 3985/7000: motor target x=298029nm y=-388869nm
2026-08-18 05:12:49,719 - corrector.core.run - INFO - Random-walk step 3986/7000: motor target x=296228nm y=-389596nm
2026-08-18 05:12:55,175 - corrector.core.run - INFO - Random-walk step 3987/7000: motor target x=296065nm y=-389739nm
2026-08-18 05:13:01,015 - corrector.core.run - INFO - Random-walk step 3988/7000: motor target x=295654nm y=-389401nm
2026-08-18 05:13:06,673 - corrector.core.run - INFO - Random-walk step 3989/7000: motor target x=298923nm y=-389486nm
2026-08-18 05:13:12,353 - corrector.core.run - INFO - Random-walk step 3990/7000: motor target x=298940nm y=-389415nm
2026-08-18 05:13:18,641 - corrector.core.run - INFO - Random-walk step 3991/7000: motor target x=297352nm y=-388053nm
2026-08-18 05:13:23,949 - corrector.core.run - INFO - Random-walk step 3992/7000: motor target x=299250nm y=-397358nm
2026-08-18 05:13:30,082 - corrector.core.run - INFO - Random-walk step 3993/7000: motor target x=298094nm y=-395974nm
2026-08-18 05:13:35,386 - corrector.core.run - INFO - Random-walk step 3994/7000: motor target x=298156nm y=-395455nm
2026-08-18 05:13:41,363 - corrector.core.run - INFO - Random-walk step 3995/7000: motor target x=297128nm y=-395422nm
2026-08-18 05:13:46,776 - corrector.core.run - INFO - Random-walk step 3996/7000: motor target x=297447nm y=-395433nm
2026-08-18 05:13:53,099 - corrector.core.run - INFO - Random-walk step 3997/7000: motor target x=295883nm y=-394317nm
2026-08-18 05:13:58,399 - corrector.core.run - INFO - Random-walk step 3998/7000: motor target x=295500nm y=-394931nm
2026-08-18 05:14:03,921 - corrector.core.run - INFO - Random-walk step 3999/7000: motor target x=295465nm y=-394684nm
2026-08-18 05:14:09,838 - corrector.core.run - INFO - Random-walk step 4000/7000: motor target x=295143nm y=-393969nm
2026-08-18 05:14:15,658 - corrector.core.run - INFO - Random-walk step 4001/7000: motor target x=295859nm y=-391795nm
2026-08-18 05:14:21,192 - corrector.core.run - INFO - Random-walk step 4002/7000: motor target x=296020nm y=-392227nm
2026-08-18 05:14:27,072 - corrector.core.run - INFO - Random-walk step 4003/7000: motor target x=296135nm y=-391562nm
2026-08-18 05:14:32,846 - corrector.core.run - INFO - Random-walk step 4004/7000: motor target x=295330nm y=-388775nm
2026-08-18 05:14:38,324 - corrector.core.run - INFO - Random-walk step 4005/7000: motor target x=293610nm y=-390935nm
2026-08-18 05:14:43,959 - corrector.core.run - INFO - Random-walk step 4006/7000: motor target x=293543nm y=-390891nm
2026-08-18 05:14:49,929 - corrector.core.run - INFO - Random-walk step 4007/7000: motor target x=293995nm y=-390597nm
2026-08-18 05:14:55,611 - corrector.core.run - INFO - Random-walk step 4008/7000: motor target x=293657nm y=-391016nm
2026-08-18 05:15:01,220 - corrector.core.run - INFO - Random-walk step 4009/7000: motor target x=293918nm y=-390886nm
2026-08-18 05:15:06,866 - corrector.core.run - INFO - Random-walk step 4010/7000: motor target x=293876nm y=-390803nm
2026-08-18 05:15:12,914 - corrector.core.run - INFO - Random-walk step 4011/7000: motor target x=294357nm y=-390040nm
2026-08-18 05:15:18,861 - corrector.core.run - INFO - Random-walk step 4012/7000: motor target x=293149nm y=-390720nm
2026-08-18 05:15:24,265 - corrector.core.run - INFO - Random-walk step 4013/7000: motor target x=293748nm y=-391059nm
2026-08-18 05:15:29,857 - corrector.core.run - INFO - Random-walk step 4014/7000: motor target x=293791nm y=-391307nm
2026-08-18 05:15:35,603 - corrector.core.run - INFO - Random-walk step 4015/7000: motor target x=294043nm y=-390996nm
2026-08-18 05:15:41,608 - corrector.core.run - INFO - Random-walk step 4016/7000: motor target x=293127nm y=-387439nm
2026-08-18 05:15:47,101 - corrector.core.run - INFO - Random-walk step 4017/7000: motor target x=295736nm y=-387302nm
2026-08-18 05:15:52,955 - corrector.core.run - INFO - Random-walk step 4018/7000: motor target x=296239nm y=-387751nm
2026-08-18 05:15:58,775 - corrector.core.run - INFO - Random-walk step 4019/7000: motor target x=296985nm y=-388290nm
2026-08-18 05:16:04,386 - corrector.core.run - INFO - Random-walk step 4020/7000: motor target x=296701nm y=-387672nm
2026-08-18 05:16:10,410 - corrector.core.run - INFO - Random-walk step 4021/7000: motor target x=298031nm y=-388082nm
2026-08-18 05:16:15,965 - corrector.core.run - INFO - Random-walk step 4022/7000: motor target x=298107nm y=-388878nm
2026-08-18 05:16:21,832 - corrector.core.run - INFO - Random-walk step 4023/7000: motor target x=296818nm y=-388385nm
2026-08-18 05:16:27,062 - corrector.core.run - INFO - Random-walk step 4024/7000: motor target x=296752nm y=-388398nm
2026-08-18 05:16:32,879 - corrector.core.run - INFO - Random-walk step 4025/7000: motor target x=296640nm y=-388092nm
2026-08-18 05:16:38,776 - corrector.core.run - INFO - Random-walk step 4026/7000: motor target x=298992nm y=-388751nm
2026-08-18 05:16:44,462 - corrector.core.run - INFO - Random-walk step 4027/7000: motor target x=298414nm y=-388754nm
2026-08-18 05:16:50,114 - corrector.core.run - INFO - Random-walk step 4028/7000: motor target x=298913nm y=-389198nm
2026-08-18 05:16:55,782 - corrector.core.run - INFO - Random-walk step 4029/7000: motor target x=299280nm y=-388952nm
2026-08-18 05:17:01,472 - corrector.core.run - INFO - Random-walk step 4030/7000: motor target x=297195nm y=-392959nm
2026-08-18 05:17:07,464 - corrector.core.run - INFO - Random-walk step 4031/7000: motor target x=296303nm y=-392954nm
2026-08-18 05:17:12,936 - corrector.core.run - INFO - Random-walk step 4032/7000: motor target x=296411nm y=-393263nm
2026-08-18 05:17:18,875 - corrector.core.run - INFO - Random-walk step 4033/7000: motor target x=294524nm y=-393999nm
2026-08-18 05:17:24,446 - corrector.core.run - INFO - Random-walk step 4034/7000: motor target x=294692nm y=-394110nm
2026-08-18 05:17:30,116 - corrector.core.run - INFO - Random-walk step 4035/7000: motor target x=294508nm y=-394286nm
2026-08-18 05:17:36,367 - corrector.core.run - INFO - Random-walk step 4036/7000: motor target x=295518nm y=-395704nm
2026-08-18 05:17:41,947 - corrector.core.run - INFO - Random-walk step 4037/7000: motor target x=296642nm y=-395217nm
2026-08-18 05:17:47,211 - corrector.core.run - INFO - Random-walk step 4038/7000: motor target x=296725nm y=-395239nm
2026-08-18 05:17:53,188 - corrector.core.run - INFO - Random-walk step 4039/7000: motor target x=297254nm y=-395058nm
2026-08-18 05:17:58,747 - corrector.core.run - INFO - Random-walk step 4040/7000: motor target x=297178nm y=-395260nm
2026-08-18 05:18:04,893 - corrector.core.run - INFO - Random-walk step 4041/7000: motor target x=294223nm y=-396514nm
2026-08-18 05:18:10,615 - corrector.core.run - INFO - Random-walk step 4042/7000: motor target x=294197nm y=-395184nm
2026-08-18 05:18:15,921 - corrector.core.run - INFO - Random-walk step 4043/7000: motor target x=296469nm y=-397044nm
2026-08-18 05:18:21,634 - corrector.core.run - INFO - Random-walk step 4044/7000: motor target x=298630nm y=-402439nm
2026-08-18 05:18:27,566 - corrector.core.run - INFO - Random-walk step 4045/7000: motor target x=301576nm y=-403074nm
2026-08-18 05:18:33,392 - corrector.core.run - INFO - Random-walk step 4046/7000: motor target x=305272nm y=-403844nm
2026-08-18 05:18:38,911 - corrector.core.run - INFO - Random-walk step 4047/7000: motor target x=303235nm y=-400385nm
2026-08-18 05:18:44,693 - corrector.core.run - INFO - Random-walk step 4048/7000: motor target x=303320nm y=-400874nm
2026-08-18 05:18:50,555 - corrector.core.run - INFO - Random-walk step 4049/7000: motor target x=303686nm y=-401644nm
2026-08-18 05:18:56,004 - corrector.core.run - INFO - Random-walk step 4050/7000: motor target x=303543nm y=-397705nm
2026-08-18 05:19:02,122 - corrector.core.run - INFO - Random-walk step 4051/7000: motor target x=302338nm y=-393557nm
2026-08-18 05:19:07,450 - corrector.core.run - INFO - Random-walk step 4052/7000: motor target x=302555nm y=-393332nm
2026-08-18 05:19:13,192 - corrector.core.run - INFO - Random-walk step 4053/7000: motor target x=302700nm y=-393480nm
2026-08-18 05:19:18,928 - corrector.core.run - INFO - Random-walk step 4054/7000: motor target x=302930nm y=-393444nm
2026-08-18 05:19:25,291 - corrector.core.run - INFO - Random-walk step 4055/7000: motor target x=304391nm y=-392154nm
2026-08-18 05:19:30,601 - corrector.core.run - INFO - Random-walk step 4056/7000: motor target x=303577nm y=-392336nm
2026-08-18 05:19:36,092 - corrector.core.run - INFO - Random-walk step 4057/7000: motor target x=303494nm y=-392066nm
2026-08-18 05:19:41,768 - corrector.core.run - INFO - Random-walk step 4058/7000: motor target x=303707nm y=-392119nm
2026-08-18 05:19:47,692 - corrector.core.run - INFO - Random-walk step 4059/7000: motor target x=303646nm y=-392768nm
2026-08-18 05:19:53,516 - corrector.core.run - INFO - Random-walk step 4060/7000: motor target x=304351nm y=-395307nm
2026-08-18 05:19:58,945 - corrector.core.run - INFO - Random-walk step 4061/7000: motor target x=304191nm y=-395152nm
2026-08-18 05:20:05,097 - corrector.core.run - INFO - Random-walk step 4062/7000: motor target x=304680nm y=-396335nm
2026-08-18 05:20:10,549 - corrector.core.run - INFO - Random-walk step 4063/7000: motor target x=304913nm y=-395963nm
2026-08-18 05:20:16,143 - corrector.core.run - INFO - Random-walk step 4064/7000: motor target x=305086nm y=-397638nm
2026-08-18 05:20:21,877 - corrector.core.run - INFO - Random-walk step 4065/7000: motor target x=306649nm y=-401440nm
2026-08-18 05:20:27,807 - corrector.core.run - INFO - Random-walk step 4066/7000: motor target x=302870nm y=-402097nm
2026-08-18 05:20:33,293 - corrector.core.run - INFO - Random-walk step 4067/7000: motor target x=303110nm y=-402257nm
2026-08-18 05:20:39,095 - corrector.core.run - INFO - Random-walk step 4068/7000: motor target x=302957nm y=-401913nm
2026-08-18 05:20:45,181 - corrector.core.run - INFO - Random-walk step 4069/7000: motor target x=301705nm y=-402407nm
2026-08-18 05:20:50,813 - corrector.core.run - INFO - Random-walk step 4070/7000: motor target x=301510nm y=-403127nm
2026-08-18 05:20:56,716 - corrector.core.run - INFO - Random-walk step 4071/7000: motor target x=302747nm y=-402158nm
2026-08-18 05:21:02,122 - corrector.core.run - INFO - Random-walk step 4072/7000: motor target x=303364nm y=-402336nm
2026-08-18 05:21:07,868 - corrector.core.run - INFO - Random-walk step 4073/7000: motor target x=303140nm y=-403022nm
2026-08-18 05:21:13,621 - corrector.core.run - INFO - Random-walk step 4074/7000: motor target x=303897nm y=-407906nm
2026-08-18 05:21:19,646 - corrector.core.run - INFO - Random-walk step 4075/7000: motor target x=302449nm y=-408409nm
2026-08-18 05:21:24,823 - corrector.core.run - INFO - Random-walk step 4076/7000: motor target x=302458nm y=-408479nm
2026-08-18 05:21:30,740 - corrector.core.run - INFO - Random-walk step 4077/7000: motor target x=302140nm y=-408946nm
2026-08-18 05:21:36,807 - corrector.core.run - INFO - Random-walk step 4078/7000: motor target x=303597nm y=-408858nm
2026-08-18 05:21:42,349 - corrector.core.run - INFO - Random-walk step 4079/7000: motor target x=301977nm y=-409700nm
2026-08-18 05:21:48,202 - corrector.core.run - INFO - Random-walk step 4080/7000: motor target x=303172nm y=-408028nm
2026-08-18 05:21:53,744 - corrector.core.run - INFO - Random-walk step 4081/7000: motor target x=302609nm y=-407397nm
2026-08-18 05:21:59,284 - corrector.core.run - INFO - Random-walk step 4082/7000: motor target x=305781nm y=-404531nm
2026-08-18 05:22:04,916 - corrector.core.run - INFO - Random-walk step 4083/7000: motor target x=305780nm y=-404384nm
2026-08-18 05:22:11,072 - corrector.core.run - INFO - Random-walk step 4084/7000: motor target x=305353nm y=-403569nm
2026-08-18 05:22:16,482 - corrector.core.run - INFO - Random-walk step 4085/7000: motor target x=305671nm y=-403142nm
2026-08-18 05:22:22,506 - corrector.core.run - INFO - Random-walk step 4086/7000: motor target x=309420nm y=-402113nm
2026-08-18 05:22:27,840 - corrector.core.run - INFO - Random-walk step 4087/7000: motor target x=309342nm y=-402073nm
2026-08-18 05:22:33,681 - corrector.core.run - INFO - Random-walk step 4088/7000: motor target x=309209nm y=-402197nm
2026-08-18 05:22:39,591 - corrector.core.run - INFO - Random-walk step 4089/7000: motor target x=310059nm y=-402075nm
2026-08-18 05:22:45,564 - corrector.core.run - INFO - Random-walk step 4090/7000: motor target x=310638nm y=-400615nm
2026-08-18 05:22:51,319 - corrector.core.run - INFO - Random-walk step 4091/7000: motor target x=310599nm y=-402018nm
2026-08-18 05:22:56,637 - corrector.core.run - INFO - Random-walk step 4092/7000: motor target x=310535nm y=-402578nm
2026-08-18 05:23:02,281 - corrector.core.run - INFO - Random-walk step 4093/7000: motor target x=310214nm y=-399928nm
2026-08-18 05:23:08,211 - corrector.core.run - INFO - Random-walk step 4094/7000: motor target x=309510nm y=-398360nm
2026-08-18 05:23:13,693 - corrector.core.run - INFO - Random-walk step 4095/7000: motor target x=306656nm y=-400383nm
2026-08-18 05:23:19,425 - corrector.core.run - INFO - Random-walk step 4096/7000: motor target x=304933nm y=-402995nm
2026-08-18 05:23:25,307 - corrector.core.run - INFO - Random-walk step 4097/7000: motor target x=304880nm y=-402562nm
2026-08-18 05:23:30,835 - corrector.core.run - INFO - Random-walk step 4098/7000: motor target x=304629nm y=-402563nm
2026-08-18 05:23:36,893 - corrector.core.run - INFO - Random-walk step 4099/7000: motor target x=300112nm y=-403353nm
2026-08-18 05:23:42,358 - corrector.core.run - INFO - Random-walk step 4100/7000: motor target x=299633nm y=-403354nm
2026-08-18 05:23:48,375 - corrector.core.run - INFO - Random-walk step 4101/7000: motor target x=298656nm y=-403246nm
2026-08-18 05:23:53,901 - corrector.core.run - INFO - Random-walk step 4102/7000: motor target x=299026nm y=-403096nm
2026-08-18 05:23:59,549 - corrector.core.run - INFO - Random-walk step 4103/7000: motor target x=299457nm y=-402991nm
2026-08-18 05:24:05,223 - corrector.core.run - INFO - Random-walk step 4104/7000: motor target x=299245nm y=-402863nm
2026-08-18 05:24:10,974 - corrector.core.run - INFO - Random-walk step 4105/7000: motor target x=299205nm y=-403076nm
2026-08-18 05:24:16,839 - corrector.core.run - INFO - Random-walk step 4106/7000: motor target x=299578nm y=-402769nm
2026-08-18 05:24:22,755 - corrector.core.run - INFO - Random-walk step 4107/7000: motor target x=300588nm y=-403339nm
2026-08-18 05:24:28,655 - corrector.core.run - INFO - Random-walk step 4108/7000: motor target x=299143nm y=-405102nm
2026-08-18 05:24:33,867 - corrector.core.run - INFO - Random-walk step 4109/7000: motor target x=299104nm y=-404808nm
2026-08-18 05:24:39,874 - corrector.core.run - INFO - Random-walk step 4110/7000: motor target x=301874nm y=-405633nm
2026-08-18 05:24:45,474 - corrector.core.run - INFO - Random-walk step 4111/7000: motor target x=302513nm y=-406342nm
2026-08-18 05:24:51,076 - corrector.core.run - INFO - Random-walk step 4112/7000: motor target x=302453nm y=-406691nm
2026-08-18 05:24:57,018 - corrector.core.run - INFO - Random-walk step 4113/7000: motor target x=298117nm y=-405944nm
2026-08-18 05:25:02,498 - corrector.core.run - INFO - Random-walk step 4114/7000: motor target x=296205nm y=-408943nm
2026-08-18 05:25:08,320 - corrector.core.run - INFO - Random-walk step 4115/7000: motor target x=299914nm y=-407105nm
2026-08-18 05:25:14,030 - corrector.core.run - INFO - Random-walk step 4116/7000: motor target x=299859nm y=-407433nm
2026-08-18 05:25:19,989 - corrector.core.run - INFO - Random-walk step 4117/7000: motor target x=299755nm y=-408519nm
2026-08-18 05:25:25,608 - corrector.core.run - INFO - Random-walk step 4118/7000: motor target x=299194nm y=-407833nm
2026-08-18 05:25:31,116 - corrector.core.run - INFO - Random-walk step 4119/7000: motor target x=299455nm y=-407629nm
2026-08-18 05:25:36,845 - corrector.core.run - INFO - Random-walk step 4120/7000: motor target x=299331nm y=-407458nm
2026-08-18 05:25:42,915 - corrector.core.run - INFO - Random-walk step 4121/7000: motor target x=300226nm y=-407709nm
2026-08-18 05:25:48,841 - corrector.core.run - INFO - Random-walk step 4122/7000: motor target x=300887nm y=-409174nm
2026-08-18 05:25:54,351 - corrector.core.run - INFO - Random-walk step 4123/7000: motor target x=299939nm y=-409376nm
2026-08-18 05:25:59,741 - corrector.core.run - INFO - Random-walk step 4124/7000: motor target x=299910nm y=-409603nm
2026-08-18 05:26:05,776 - corrector.core.run - INFO - Random-walk step 4125/7000: motor target x=303789nm y=-410517nm
2026-08-18 05:26:11,240 - corrector.core.run - INFO - Random-walk step 4126/7000: motor target x=303519nm y=-410770nm
2026-08-18 05:26:16,872 - corrector.core.run - INFO - Random-walk step 4127/7000: motor target x=303466nm y=-410838nm
2026-08-18 05:26:22,784 - corrector.core.run - INFO - Random-walk step 4128/7000: motor target x=303480nm y=-411033nm
2026-08-18 05:26:28,713 - corrector.core.run - INFO - Random-walk step 4129/7000: motor target x=304492nm y=-411097nm
2026-08-18 05:26:34,538 - corrector.core.run - INFO - Random-walk step 4130/7000: motor target x=305690nm y=-410220nm
2026-08-18 05:26:39,862 - corrector.core.run - INFO - Random-walk step 4131/7000: motor target x=305573nm y=-410461nm
2026-08-18 05:26:45,567 - corrector.core.run - INFO - Random-walk step 4132/7000: motor target x=303235nm y=-412745nm
2026-08-18 05:26:51,714 - corrector.core.run - INFO - Random-walk step 4133/7000: motor target x=304507nm y=-410596nm
2026-08-18 05:26:57,286 - corrector.core.run - INFO - Random-walk step 4134/7000: motor target x=306210nm y=-409691nm
2026-08-18 05:27:02,820 - corrector.core.run - INFO - Random-walk step 4135/7000: motor target x=308072nm y=-409518nm
2026-08-18 05:27:08,996 - corrector.core.run - INFO - Random-walk step 4136/7000: motor target x=307631nm y=-410986nm
2026-08-18 05:27:14,414 - corrector.core.run - INFO - Random-walk step 4137/7000: motor target x=306999nm y=-411355nm
2026-08-18 05:27:20,211 - corrector.core.run - INFO - Random-walk step 4138/7000: motor target x=306208nm y=-411953nm
2026-08-18 05:27:25,693 - corrector.core.run - INFO - Random-walk step 4139/7000: motor target x=299839nm y=-409396nm
2026-08-18 05:27:31,430 - corrector.core.run - INFO - Random-walk step 4140/7000: motor target x=299447nm y=-409264nm
2026-08-18 05:27:37,390 - corrector.core.run - INFO - Random-walk step 4141/7000: motor target x=300308nm y=-408794nm
2026-08-18 05:27:43,075 - corrector.core.run - INFO - Random-walk step 4142/7000: motor target x=300912nm y=-404199nm
2026-08-18 05:27:48,581 - corrector.core.run - INFO - Random-walk step 4143/7000: motor target x=300595nm y=-404455nm
2026-08-18 05:27:54,280 - corrector.core.run - INFO - Random-walk step 4144/7000: motor target x=303045nm y=-407845nm
2026-08-18 05:28:00,002 - corrector.core.run - INFO - Random-walk step 4145/7000: motor target x=303162nm y=-408142nm
2026-08-18 05:28:05,815 - corrector.core.run - INFO - Random-walk step 4146/7000: motor target x=303216nm y=-406362nm
2026-08-18 05:28:11,887 - corrector.core.run - INFO - Random-walk step 4147/7000: motor target x=304525nm y=-406213nm
2026-08-18 05:28:17,396 - corrector.core.run - INFO - Random-walk step 4148/7000: motor target x=304653nm y=-405563nm
2026-08-18 05:28:23,256 - corrector.core.run - INFO - Random-walk step 4149/7000: motor target x=304625nm y=-404671nm
2026-08-18 05:28:28,589 - corrector.core.run - INFO - Random-walk step 4150/7000: motor target x=304469nm y=-404764nm
2026-08-18 05:28:34,550 - corrector.core.run - INFO - Random-walk step 4151/7000: motor target x=303795nm y=-406293nm
2026-08-18 05:28:40,397 - corrector.core.run - INFO - Random-walk step 4152/7000: motor target x=303768nm y=-405335nm
2026-08-18 05:28:45,725 - corrector.core.run - INFO - Random-walk step 4153/7000: motor target x=303890nm y=-405261nm
2026-08-18 05:28:51,959 - corrector.core.run - INFO - Random-walk step 4154/7000: motor target x=305859nm y=-403952nm
2026-08-18 05:28:57,556 - corrector.core.run - INFO - Random-walk step 4155/7000: motor target x=305974nm y=-404864nm
2026-08-18 05:29:03,486 - corrector.core.run - INFO - Random-walk step 4156/7000: motor target x=307265nm y=-407641nm
2026-08-18 05:29:09,096 - corrector.core.run - INFO - Random-walk step 4157/7000: motor target x=309054nm y=-408717nm
2026-08-18 05:29:14,454 - corrector.core.run - INFO - Random-walk step 4158/7000: motor target x=306292nm y=-405354nm
2026-08-18 05:29:20,596 - corrector.core.run - INFO - Random-walk step 4159/7000: motor target x=305112nm y=-405838nm
2026-08-18 05:29:25,824 - corrector.core.run - INFO - Random-walk step 4160/7000: motor target x=305004nm y=-405835nm
2026-08-18 05:29:31,798 - corrector.core.run - INFO - Random-walk step 4161/7000: motor target x=305705nm y=-405145nm
2026-08-18 05:29:37,307 - corrector.core.run - INFO - Random-walk step 4162/7000: motor target x=305847nm y=-405213nm
2026-08-18 05:29:43,684 - corrector.core.run - INFO - Random-walk step 4163/7000: motor target x=304034nm y=-403710nm
2026-08-18 05:29:48,804 - corrector.core.run - INFO - Random-walk step 4164/7000: motor target x=300889nm y=-405745nm
2026-08-18 05:29:54,788 - corrector.core.run - INFO - Random-walk step 4165/7000: motor target x=300805nm y=-404969nm
2026-08-18 05:30:00,180 - corrector.core.run - INFO - Random-walk step 4166/7000: motor target x=300728nm y=-405092nm
2026-08-18 05:30:07,658 - corrector.core.run - INFO - Random-walk step 4167/7000: motor target x=301270nm y=-409844nm
2026-08-18 05:30:13,586 - corrector.core.run - INFO - Random-walk step 4168/7000: motor target x=300056nm y=-409904nm
2026-08-18 05:30:19,266 - corrector.core.run - INFO - Random-walk step 4169/7000: motor target x=297673nm y=-410894nm
2026-08-18 05:30:26,216 - corrector.core.run - INFO - Random-walk step 4170/7000: motor target x=295772nm y=-410545nm
2026-08-18 05:30:33,908 - corrector.core.run - INFO - Random-walk step 4171/7000: motor target x=297580nm y=-409299nm
2026-08-18 05:30:39,318 - corrector.core.run - INFO - Random-walk step 4172/7000: motor target x=296830nm y=-409159nm
2026-08-18 05:30:44,953 - corrector.core.run - INFO - Random-walk step 4173/7000: motor target x=297130nm y=-409560nm
2026-08-18 05:30:50,611 - corrector.core.run - INFO - Random-walk step 4174/7000: motor target x=293608nm y=-406727nm
2026-08-18 05:30:56,462 - corrector.core.run - INFO - Random-walk step 4175/7000: motor target x=293112nm y=-406706nm
2026-08-18 05:31:02,014 - corrector.core.run - INFO - Random-walk step 4176/7000: motor target x=293110nm y=-406844nm
2026-08-18 05:31:07,849 - corrector.core.run - INFO - Random-walk step 4177/7000: motor target x=293024nm y=-408795nm
2026-08-18 05:31:15,049 - corrector.core.run - INFO - Random-walk step 4178/7000: motor target x=293276nm y=-408489nm
2026-08-18 05:31:22,713 - corrector.core.run - INFO - Random-walk step 4179/7000: motor target x=292124nm y=-407744nm
2026-08-18 05:31:28,014 - corrector.core.run - INFO - Random-walk step 4180/7000: motor target x=288387nm y=-404484nm
2026-08-18 05:31:33,948 - corrector.core.run - INFO - Random-walk step 4181/7000: motor target x=290615nm y=-403785nm
2026-08-18 05:31:41,051 - corrector.core.run - INFO - Random-walk step 4182/7000: motor target x=291077nm y=-403936nm
2026-08-18 05:31:48,755 - corrector.core.run - INFO - Random-walk step 4183/7000: motor target x=289614nm y=-402615nm
2026-08-18 05:31:53,947 - corrector.core.run - INFO - Random-walk step 4184/7000: motor target x=289254nm y=-399098nm
2026-08-18 05:31:59,637 - corrector.core.run - INFO - Random-walk step 4185/7000: motor target x=289087nm y=-398874nm
2026-08-18 05:32:07,176 - corrector.core.run - INFO - Random-walk step 4186/7000: motor target x=286308nm y=-399737nm
2026-08-18 05:32:14,420 - corrector.core.run - INFO - Random-walk step 4187/7000: motor target x=286954nm y=-401982nm
2026-08-18 05:32:19,975 - corrector.core.run - INFO - Random-walk step 4188/7000: motor target x=287435nm y=-402414nm
2026-08-18 05:32:26,050 - corrector.core.run - INFO - Random-walk step 4189/7000: motor target x=285419nm y=-401008nm
2026-08-18 05:32:31,394 - corrector.core.run - INFO - Random-walk step 4190/7000: motor target x=287576nm y=-401428nm
2026-08-18 05:32:37,000 - corrector.core.run - INFO - Random-walk step 4191/7000: motor target x=287693nm y=-401478nm
2026-08-18 05:32:43,333 - corrector.core.run - INFO - Random-walk step 4192/7000: motor target x=286170nm y=-400258nm
2026-08-18 05:32:48,968 - corrector.core.run - INFO - Random-walk step 4193/7000: motor target x=287429nm y=-399076nm
2026-08-18 05:32:54,357 - corrector.core.run - INFO - Random-walk step 4194/7000: motor target x=288031nm y=-396328nm
2026-08-18 05:33:00,022 - corrector.core.run - INFO - Random-walk step 4195/7000: motor target x=284958nm y=-395956nm
2026-08-18 05:33:05,712 - corrector.core.run - INFO - Random-walk step 4196/7000: motor target x=287898nm y=-399228nm
2026-08-18 05:33:11,506 - corrector.core.run - INFO - Random-walk step 4197/7000: motor target x=287918nm y=-398803nm
2026-08-18 05:33:17,208 - corrector.core.run - INFO - Random-walk step 4198/7000: motor target x=290258nm y=-398747nm
2026-08-18 05:33:23,377 - corrector.core.run - INFO - Random-walk step 4199/7000: motor target x=288753nm y=-399074nm
2026-08-18 05:33:28,532 - corrector.core.run - INFO - Random-walk step 4200/7000: motor target x=288535nm y=-399183nm
2026-08-18 05:33:34,376 - corrector.core.run - INFO - Random-walk step 4201/7000: motor target x=286383nm y=-399256nm
2026-08-18 05:33:40,013 - corrector.core.run - INFO - Random-walk step 4202/7000: motor target x=286207nm y=-399432nm
2026-08-18 05:33:45,979 - corrector.core.run - INFO - Random-walk step 4203/7000: motor target x=285889nm y=-400108nm
2026-08-18 05:33:51,801 - corrector.core.run - INFO - Random-walk step 4204/7000: motor target x=286789nm y=-399737nm
2026-08-18 05:33:57,337 - corrector.core.run - INFO - Random-walk step 4205/7000: motor target x=289791nm y=-399361nm
2026-08-18 05:34:03,146 - corrector.core.run - INFO - Random-walk step 4206/7000: motor target x=289944nm y=-399721nm
2026-08-18 05:34:08,894 - corrector.core.run - INFO - Random-walk step 4207/7000: motor target x=289462nm y=-400181nm
2026-08-18 05:34:14,965 - corrector.core.run - INFO - Random-walk step 4208/7000: motor target x=289838nm y=-401332nm
2026-08-18 05:34:20,471 - corrector.core.run - INFO - Random-walk step 4209/7000: motor target x=289372nm y=-400944nm
2026-08-18 05:34:26,478 - corrector.core.run - INFO - Random-walk step 4210/7000: motor target x=291287nm y=-403365nm
2026-08-18 05:34:32,030 - corrector.core.run - INFO - Random-walk step 4211/7000: motor target x=291242nm y=-403510nm
2026-08-18 05:34:38,554 - corrector.core.run - INFO - Random-walk step 4212/7000: motor target x=291357nm y=-403844nm
2026-08-18 05:34:45,051 - corrector.core.run - INFO - Random-walk step 4213/7000: motor target x=282002nm y=-401163nm
2026-08-18 05:34:51,112 - corrector.core.run - INFO - Random-walk step 4214/7000: motor target x=282402nm y=-401351nm
2026-08-18 05:34:56,418 - corrector.core.run - INFO - Random-walk step 4215/7000: motor target x=283435nm y=-403928nm
2026-08-18 05:35:02,165 - corrector.core.run - INFO - Random-walk step 4216/7000: motor target x=282685nm y=-405645nm
2026-08-18 05:35:10,162 - corrector.core.run - INFO - Random-walk step 4217/7000: motor target x=283996nm y=-411448nm
2026-08-18 05:35:19,320 - corrector.core.run - INFO - Random-walk step 4218/7000: motor target x=283373nm y=-411403nm
2026-08-18 05:35:27,640 - corrector.core.run - INFO - Random-walk step 4219/7000: motor target x=284640nm y=-413660nm
2026-08-18 05:35:33,778 - corrector.core.run - INFO - Random-walk step 4220/7000: motor target x=285383nm y=-413467nm
2026-08-18 05:35:41,070 - corrector.core.run - INFO - Random-walk step 4221/7000: motor target x=284930nm y=-414201nm
2026-08-18 05:35:49,741 - corrector.core.run - INFO - Random-walk step 4222/7000: motor target x=281168nm y=-413680nm
2026-08-18 05:35:55,388 - corrector.core.run - INFO - Random-walk step 4223/7000: motor target x=289225nm y=-416154nm
2026-08-18 05:36:01,236 - corrector.core.run - INFO - Random-walk step 4224/7000: motor target x=289273nm y=-415496nm
2026-08-18 05:36:10,071 - corrector.core.run - INFO - Random-walk step 4225/7000: motor target x=288464nm y=-415000nm
2026-08-18 05:36:15,670 - corrector.core.run - INFO - Random-walk step 4226/7000: motor target x=288916nm y=-414549nm
2026-08-18 05:36:21,483 - corrector.core.run - INFO - Random-walk step 4227/7000: motor target x=288982nm y=-415212nm
2026-08-18 05:36:27,184 - corrector.core.run - INFO - Random-walk step 4228/7000: motor target x=288681nm y=-414581nm
2026-08-18 05:36:32,745 - corrector.core.run - INFO - Random-walk step 4229/7000: motor target x=288683nm y=-414191nm
2026-08-18 05:36:38,819 - corrector.core.run - INFO - Random-walk step 4230/7000: motor target x=289971nm y=-413761nm
2026-08-18 05:36:44,399 - corrector.core.run - INFO - Random-walk step 4231/7000: motor target x=289235nm y=-414089nm
2026-08-18 05:36:50,193 - corrector.core.run - INFO - Random-walk step 4232/7000: motor target x=288258nm y=-414303nm
2026-08-18 05:36:55,999 - corrector.core.run - INFO - Random-walk step 4233/7000: motor target x=290061nm y=-414468nm
2026-08-18 05:37:01,820 - corrector.core.run - INFO - Random-walk step 4234/7000: motor target x=289460nm y=-415054nm
2026-08-18 05:37:07,298 - corrector.core.run - INFO - Random-walk step 4235/7000: motor target x=289443nm y=-415107nm
2026-08-18 05:37:13,062 - corrector.core.run - INFO - Random-walk step 4236/7000: motor target x=289428nm y=-415196nm
2026-08-18 05:37:18,933 - corrector.core.run - INFO - Random-walk step 4237/7000: motor target x=285877nm y=-412636nm
2026-08-18 05:37:24,682 - corrector.core.run - INFO - Random-walk step 4238/7000: motor target x=285646nm y=-403007nm
2026-08-18 05:37:30,418 - corrector.core.run - INFO - Random-walk step 4239/7000: motor target x=286048nm y=-405160nm
2026-08-18 05:37:36,334 - corrector.core.run - INFO - Random-walk step 4240/7000: motor target x=285665nm y=-405911nm
2026-08-18 05:37:42,010 - corrector.core.run - INFO - Random-walk step 4241/7000: motor target x=285661nm y=-405124nm
2026-08-18 05:37:47,750 - corrector.core.run - INFO - Random-walk step 4242/7000: motor target x=286430nm y=-407256nm
2026-08-18 05:37:53,524 - corrector.core.run - INFO - Random-walk step 4243/7000: motor target x=285594nm y=-409531nm
2026-08-18 05:37:58,983 - corrector.core.run - INFO - Random-walk step 4244/7000: motor target x=277679nm y=-414217nm
2026-08-18 05:38:04,918 - corrector.core.run - INFO - Random-walk step 4245/7000: motor target x=276953nm y=-413830nm
2026-08-18 05:38:10,419 - corrector.core.run - INFO - Random-walk step 4246/7000: motor target x=277191nm y=-409500nm
2026-08-18 05:38:16,610 - corrector.core.run - INFO - Random-walk step 4247/7000: motor target x=278498nm y=-411170nm
2026-08-18 05:38:22,029 - corrector.core.run - INFO - Random-walk step 4248/7000: motor target x=279114nm y=-410742nm
2026-08-18 05:38:27,481 - corrector.core.run - INFO - Random-walk step 4249/7000: motor target x=279142nm y=-410701nm
2026-08-18 05:38:33,515 - corrector.core.run - INFO - Random-walk step 4250/7000: motor target x=277092nm y=-411513nm
2026-08-18 05:38:39,380 - corrector.core.run - INFO - Random-walk step 4251/7000: motor target x=275910nm y=-413285nm
2026-08-18 05:38:45,182 - corrector.core.run - INFO - Random-walk step 4252/7000: motor target x=277275nm y=-413875nm
2026-08-18 05:38:50,539 - corrector.core.run - INFO - Random-walk step 4253/7000: motor target x=276851nm y=-414323nm
2026-08-18 05:38:56,465 - corrector.core.run - INFO - Random-walk step 4254/7000: motor target x=280285nm y=-413420nm
2026-08-18 05:39:02,213 - corrector.core.run - INFO - Random-walk step 4255/7000: motor target x=279357nm y=-413577nm
2026-08-18 05:39:07,721 - corrector.core.run - INFO - Random-walk step 4256/7000: motor target x=279760nm y=-414027nm
2026-08-18 05:39:13,923 - corrector.core.run - INFO - Random-walk step 4257/7000: motor target x=279952nm y=-412550nm
2026-08-18 05:39:19,347 - corrector.core.run - INFO - Random-walk step 4258/7000: motor target x=280663nm y=-413057nm
2026-08-18 05:39:24,800 - corrector.core.run - INFO - Random-walk step 4259/7000: motor target x=280454nm y=-412993nm
2026-08-18 05:39:30,610 - corrector.core.run - INFO - Random-walk step 4260/7000: motor target x=280386nm y=-416731nm
2026-08-18 05:39:36,555 - corrector.core.run - INFO - Random-walk step 4261/7000: motor target x=275633nm y=-417509nm
2026-08-18 05:39:42,471 - corrector.core.run - INFO - Random-walk step 4262/7000: motor target x=274720nm y=-416208nm
2026-08-18 05:39:47,604 - corrector.core.run - INFO - Random-walk step 4263/7000: motor target x=274675nm y=-416186nm
2026-08-18 05:39:53,412 - corrector.core.run - INFO - Random-walk step 4264/7000: motor target x=274887nm y=-416058nm
2026-08-18 05:39:59,738 - corrector.core.run - INFO - Random-walk step 4265/7000: motor target x=274289nm y=-414544nm
2026-08-18 05:40:05,113 - corrector.core.run - INFO - Random-walk step 4266/7000: motor target x=274095nm y=-413962nm
2026-08-18 05:40:10,622 - corrector.core.run - INFO - Random-walk step 4267/7000: motor target x=274246nm y=-414142nm
2026-08-18 05:40:16,416 - corrector.core.run - INFO - Random-walk step 4268/7000: motor target x=274004nm y=-414105nm
2026-08-18 05:40:22,438 - corrector.core.run - INFO - Random-walk step 4269/7000: motor target x=274149nm y=-413136nm
2026-08-18 05:40:28,110 - corrector.core.run - INFO - Random-walk step 4270/7000: motor target x=274952nm y=-413709nm
2026-08-18 05:40:33,970 - corrector.core.run - INFO - Random-walk step 4271/7000: motor target x=274393nm y=-412461nm
2026-08-18 05:40:39,815 - corrector.core.run - INFO - Random-walk step 4272/7000: motor target x=273022nm y=-411451nm
2026-08-18 05:40:45,118 - corrector.core.run - INFO - Random-walk step 4273/7000: motor target x=272657nm y=-411003nm
2026-08-18 05:40:50,940 - corrector.core.run - INFO - Random-walk step 4274/7000: motor target x=272786nm y=-411485nm
2026-08-18 05:40:56,495 - corrector.core.run - INFO - Random-walk step 4275/7000: motor target x=272884nm y=-411232nm
2026-08-18 05:41:02,324 - corrector.core.run - INFO - Random-walk step 4276/7000: motor target x=273184nm y=-409487nm
2026-08-18 05:41:08,204 - corrector.core.run - INFO - Random-walk step 4277/7000: motor target x=272469nm y=-409226nm
2026-08-18 05:41:13,931 - corrector.core.run - INFO - Random-walk step 4278/7000: motor target x=272682nm y=-408512nm
2026-08-18 05:41:19,746 - corrector.core.run - INFO - Random-walk step 4279/7000: motor target x=273730nm y=-405696nm
2026-08-18 05:41:25,128 - corrector.core.run - INFO - Random-walk step 4280/7000: motor target x=277928nm y=-403188nm
2026-08-18 05:41:31,143 - corrector.core.run - INFO - Random-walk step 4281/7000: motor target x=276943nm y=-403300nm
2026-08-18 05:41:36,513 - corrector.core.run - INFO - Random-walk step 4282/7000: motor target x=276991nm y=-403212nm
2026-08-18 05:41:42,427 - corrector.core.run - INFO - Random-walk step 4283/7000: motor target x=276920nm y=-403632nm
2026-08-18 05:41:48,229 - corrector.core.run - INFO - Random-walk step 4284/7000: motor target x=277570nm y=-403774nm
2026-08-18 05:41:53,753 - corrector.core.run - INFO - Random-walk step 4285/7000: motor target x=277321nm y=-403912nm
2026-08-18 05:41:59,689 - corrector.core.run - INFO - Random-walk step 4286/7000: motor target x=272426nm y=-404520nm
2026-08-18 05:42:05,465 - corrector.core.run - INFO - Random-walk step 4287/7000: motor target x=272534nm y=-405362nm
2026-08-18 05:42:11,024 - corrector.core.run - INFO - Random-walk step 4288/7000: motor target x=272918nm y=-408350nm
2026-08-18 05:42:16,670 - corrector.core.run - INFO - Random-walk step 4289/7000: motor target x=272648nm y=-408526nm
2026-08-18 05:42:22,721 - corrector.core.run - INFO - Random-walk step 4290/7000: motor target x=273271nm y=-407563nm
2026-08-18 05:42:28,098 - corrector.core.run - INFO - Random-walk step 4291/7000: motor target x=273301nm y=-407694nm
2026-08-18 05:42:34,023 - corrector.core.run - INFO - Random-walk step 4292/7000: motor target x=272947nm y=-408307nm
2026-08-18 05:42:39,645 - corrector.core.run - INFO - Random-walk step 4293/7000: motor target x=272576nm y=-410648nm
2026-08-18 05:42:45,366 - corrector.core.run - INFO - Random-walk step 4294/7000: motor target x=275603nm y=-408537nm
2026-08-18 05:42:51,284 - corrector.core.run - INFO - Random-walk step 4295/7000: motor target x=276444nm y=-406063nm
2026-08-18 05:42:56,734 - corrector.core.run - INFO - Random-walk step 4296/7000: motor target x=274131nm y=-409552nm
2026-08-18 05:43:02,720 - corrector.core.run - INFO - Random-walk step 4297/7000: motor target x=274884nm y=-409868nm
2026-08-18 05:43:08,156 - corrector.core.run - INFO - Random-walk step 4298/7000: motor target x=275169nm y=-410115nm
2026-08-18 05:43:14,310 - corrector.core.run - INFO - Random-walk step 4299/7000: motor target x=276217nm y=-409157nm
2026-08-18 05:43:19,562 - corrector.core.run - INFO - Random-walk step 4300/7000: motor target x=276251nm y=-409209nm
2026-08-18 05:43:25,340 - corrector.core.run - INFO - Random-walk step 4301/7000: motor target x=276510nm y=-409385nm
2026-08-18 05:43:31,103 - corrector.core.run - INFO - Random-walk step 4302/7000: motor target x=279407nm y=-412370nm
2026-08-18 05:43:37,356 - corrector.core.run - INFO - Random-walk step 4303/7000: motor target x=278827nm y=-410779nm
2026-08-18 05:43:42,965 - corrector.core.run - INFO - Random-walk step 4304/7000: motor target x=277526nm y=-412570nm
2026-08-18 05:43:48,403 - corrector.core.run - INFO - Random-walk step 4305/7000: motor target x=277596nm y=-413096nm
2026-08-18 05:43:54,385 - corrector.core.run - INFO - Random-walk step 4306/7000: motor target x=277885nm y=-414271nm
2026-08-18 05:43:59,643 - corrector.core.run - INFO - Random-walk step 4307/7000: motor target x=277872nm y=-414214nm
2026-08-18 05:44:05,933 - corrector.core.run - INFO - Random-walk step 4308/7000: motor target x=279269nm y=-418855nm
2026-08-18 05:44:11,197 - corrector.core.run - INFO - Random-walk step 4309/7000: motor target x=279392nm y=-419142nm
2026-08-18 05:44:17,203 - corrector.core.run - INFO - Random-walk step 4310/7000: motor target x=279021nm y=-418307nm
2026-08-18 05:44:23,087 - corrector.core.run - INFO - Random-walk step 4311/7000: motor target x=277665nm y=-414704nm
2026-08-18 05:44:28,741 - corrector.core.run - INFO - Random-walk step 4312/7000: motor target x=275932nm y=-415727nm
2026-08-18 05:44:34,079 - corrector.core.run - INFO - Random-walk step 4313/7000: motor target x=276143nm y=-415799nm
2026-08-18 05:44:39,756 - corrector.core.run - INFO - Random-walk step 4314/7000: motor target x=275944nm y=-415756nm
2026-08-18 05:44:45,676 - corrector.core.run - INFO - Random-walk step 4315/7000: motor target x=276348nm y=-416017nm
2026-08-18 05:44:51,357 - corrector.core.run - INFO - Random-walk step 4316/7000: motor target x=276501nm y=-412972nm
2026-08-18 05:44:57,119 - corrector.core.run - INFO - Random-walk step 4317/7000: motor target x=276012nm y=-413072nm
2026-08-18 05:45:02,680 - corrector.core.run - INFO - Random-walk step 4318/7000: motor target x=276083nm y=-412850nm
2026-08-18 05:45:08,636 - corrector.core.run - INFO - Random-walk step 4319/7000: motor target x=276586nm y=-413035nm
2026-08-18 05:45:14,230 - corrector.core.run - INFO - Random-walk step 4320/7000: motor target x=279722nm y=-413422nm
2026-08-18 05:45:20,136 - corrector.core.run - INFO - Random-walk step 4321/7000: motor target x=279272nm y=-412593nm
2026-08-18 05:45:25,545 - corrector.core.run - INFO - Random-walk step 4322/7000: motor target x=279273nm y=-412493nm
2026-08-18 05:45:31,412 - corrector.core.run - INFO - Random-walk step 4323/7000: motor target x=275344nm y=-412226nm
2026-08-18 05:45:37,122 - corrector.core.run - INFO - Random-walk step 4324/7000: motor target x=279490nm y=-409005nm
2026-08-18 05:45:43,168 - corrector.core.run - INFO - Random-walk step 4325/7000: motor target x=280458nm y=-408795nm
2026-08-18 05:45:48,912 - corrector.core.run - INFO - Random-walk step 4326/7000: motor target x=281449nm y=-408822nm
2026-08-18 05:45:54,346 - corrector.core.run - INFO - Random-walk step 4327/7000: motor target x=281851nm y=-409181nm
2026-08-18 05:46:00,232 - corrector.core.run - INFO - Random-walk step 4328/7000: motor target x=281139nm y=-407420nm
2026-08-18 05:46:05,748 - corrector.core.run - INFO - Random-walk step 4329/7000: motor target x=276780nm y=-403476nm
2026-08-18 05:46:11,636 - corrector.core.run - INFO - Random-walk step 4330/7000: motor target x=276265nm y=-403673nm
2026-08-18 05:46:17,303 - corrector.core.run - INFO - Random-walk step 4331/7000: motor target x=276632nm y=-403837nm
2026-08-18 05:46:23,185 - corrector.core.run - INFO - Random-walk step 4332/7000: motor target x=277182nm y=-403111nm
2026-08-18 05:46:28,846 - corrector.core.run - INFO - Random-walk step 4333/7000: motor target x=276622nm y=-403165nm
2026-08-18 05:46:34,355 - corrector.core.run - INFO - Random-walk step 4334/7000: motor target x=274847nm y=-403172nm
2026-08-18 05:46:40,041 - corrector.core.run - INFO - Random-walk step 4335/7000: motor target x=274915nm y=-402985nm
2026-08-18 05:46:46,019 - corrector.core.run - INFO - Random-walk step 4336/7000: motor target x=275439nm y=-402523nm
2026-08-18 05:46:51,523 - corrector.core.run - INFO - Random-walk step 4337/7000: motor target x=275615nm y=-402671nm
2026-08-18 05:46:57,500 - corrector.core.run - INFO - Random-walk step 4338/7000: motor target x=275964nm y=-401992nm
2026-08-18 05:47:03,429 - corrector.core.run - INFO - Random-walk step 4339/7000: motor target x=274768nm y=-404805nm
2026-08-18 05:47:09,287 - corrector.core.run - INFO - Random-walk step 4340/7000: motor target x=273517nm y=-405544nm
2026-08-18 05:47:14,693 - corrector.core.run - INFO - Random-walk step 4341/7000: motor target x=279161nm y=-404739nm
2026-08-18 05:47:20,353 - corrector.core.run - INFO - Random-walk step 4342/7000: motor target x=279778nm y=-404683nm
2026-08-18 05:47:25,859 - corrector.core.run - INFO - Random-walk step 4343/7000: motor target x=279687nm y=-404596nm
2026-08-18 05:47:31,803 - corrector.core.run - INFO - Random-walk step 4344/7000: motor target x=279224nm y=-404638nm
2026-08-18 05:47:37,364 - corrector.core.run - INFO - Random-walk step 4345/7000: motor target x=279403nm y=-404688nm
2026-08-18 05:47:43,281 - corrector.core.run - INFO - Random-walk step 4346/7000: motor target x=279480nm y=-405240nm
2026-08-18 05:47:49,008 - corrector.core.run - INFO - Random-walk step 4347/7000: motor target x=278926nm y=-404890nm
2026-08-18 05:47:54,564 - corrector.core.run - INFO - Random-walk step 4348/7000: motor target x=284491nm y=-401775nm
2026-08-18 05:48:00,717 - corrector.core.run - INFO - Random-walk step 4349/7000: motor target x=283308nm y=-402817nm
2026-08-18 05:48:06,023 - corrector.core.run - INFO - Random-walk step 4350/7000: motor target x=283127nm y=-402478nm
2026-08-18 05:48:11,734 - corrector.core.run - INFO - Random-walk step 4351/7000: motor target x=288029nm y=-399816nm
2026-08-18 05:48:17,610 - corrector.core.run - INFO - Random-walk step 4352/7000: motor target x=287388nm y=-399393nm
2026-08-18 05:48:23,251 - corrector.core.run - INFO - Random-walk step 4353/7000: motor target x=287609nm y=-398931nm
2026-08-18 05:48:28,902 - corrector.core.run - INFO - Random-walk step 4354/7000: motor target x=287824nm y=-396747nm
2026-08-18 05:48:34,888 - corrector.core.run - INFO - Random-walk step 4355/7000: motor target x=288537nm y=-397022nm
2026-08-18 05:48:40,588 - corrector.core.run - INFO - Random-walk step 4356/7000: motor target x=287935nm y=-394593nm
2026-08-18 05:48:46,108 - corrector.core.run - INFO - Random-walk step 4357/7000: motor target x=290357nm y=-391691nm
2026-08-18 05:48:51,970 - corrector.core.run - INFO - Random-walk step 4358/7000: motor target x=290829nm y=-392112nm
2026-08-18 05:48:57,658 - corrector.core.run - INFO - Random-walk step 4359/7000: motor target x=287228nm y=-399784nm
2026-08-18 05:49:03,455 - corrector.core.run - INFO - Random-walk step 4360/7000: motor target x=289327nm y=-399227nm
2026-08-18 05:49:09,102 - corrector.core.run - INFO - Random-walk step 4361/7000: motor target x=289861nm y=-398967nm
2026-08-18 05:49:14,749 - corrector.core.run - INFO - Random-walk step 4362/7000: motor target x=290214nm y=-401333nm
2026-08-18 05:49:20,633 - corrector.core.run - INFO - Random-walk step 4363/7000: motor target x=289934nm y=-400788nm
2026-08-18 05:49:26,467 - corrector.core.run - INFO - Random-walk step 4364/7000: motor target x=289102nm y=-400977nm
2026-08-18 05:49:32,063 - corrector.core.run - INFO - Random-walk step 4365/7000: motor target x=288502nm y=-400873nm
2026-08-18 05:49:37,765 - corrector.core.run - INFO - Random-walk step 4366/7000: motor target x=287997nm y=-400954nm
2026-08-18 05:49:43,806 - corrector.core.run - INFO - Random-walk step 4367/7000: motor target x=286628nm y=-404374nm
2026-08-18 05:49:49,301 - corrector.core.run - INFO - Random-walk step 4368/7000: motor target x=288448nm y=-405059nm
2026-08-18 05:49:54,769 - corrector.core.run - INFO - Random-walk step 4369/7000: motor target x=288222nm y=-405047nm
2026-08-18 05:50:00,627 - corrector.core.run - INFO - Random-walk step 4370/7000: motor target x=282008nm y=-410711nm
2026-08-18 05:50:07,942 - corrector.core.run - INFO - Random-walk step 4371/7000: motor target x=281964nm y=-411271nm
2026-08-18 05:50:13,736 - corrector.core.run - INFO - Random-walk step 4372/7000: motor target x=282386nm y=-410550nm
2026-08-18 05:50:19,229 - corrector.core.run - INFO - Random-walk step 4373/7000: motor target x=278954nm y=-413709nm
2026-08-18 05:50:25,019 - corrector.core.run - INFO - Random-walk step 4374/7000: motor target x=279316nm y=-413290nm
2026-08-18 05:50:30,955 - corrector.core.run - INFO - Random-walk step 4375/7000: motor target x=278492nm y=-413653nm
2026-08-18 05:50:36,536 - corrector.core.run - INFO - Random-walk step 4376/7000: motor target x=276584nm y=-413225nm
2026-08-18 05:50:42,344 - corrector.core.run - INFO - Random-walk step 4377/7000: motor target x=276475nm y=-413907nm
2026-08-18 05:50:48,134 - corrector.core.run - INFO - Random-walk step 4378/7000: motor target x=275960nm y=-414706nm
2026-08-18 05:50:55,396 - corrector.core.run - INFO - Random-walk step 4379/7000: motor target x=275060nm y=-416673nm
2026-08-18 05:51:01,064 - corrector.core.run - INFO - Random-walk step 4380/7000: motor target x=275797nm y=-412700nm
2026-08-18 05:51:06,714 - corrector.core.run - INFO - Random-walk step 4381/7000: motor target x=275134nm y=-412116nm
2026-08-18 05:51:12,762 - corrector.core.run - INFO - Random-walk step 4382/7000: motor target x=276504nm y=-408518nm
2026-08-18 05:51:19,562 - corrector.core.run - INFO - Random-walk step 4383/7000: motor target x=276285nm y=-408831nm
2026-08-18 05:51:25,326 - corrector.core.run - INFO - Random-walk step 4384/7000: motor target x=275824nm y=-409369nm
2026-08-18 05:51:31,311 - corrector.core.run - INFO - Random-walk step 4385/7000: motor target x=274069nm y=-408356nm
2026-08-18 05:51:36,727 - corrector.core.run - INFO - Random-walk step 4386/7000: motor target x=274342nm y=-409950nm
2026-08-18 05:51:42,905 - corrector.core.run - INFO - Random-walk step 4387/7000: motor target x=272947nm y=-407290nm
2026-08-18 05:51:48,428 - corrector.core.run - INFO - Random-walk step 4388/7000: motor target x=273771nm y=-410654nm
2026-08-18 05:51:54,329 - corrector.core.run - INFO - Random-walk step 4389/7000: motor target x=272419nm y=-408963nm
2026-08-18 05:52:01,103 - corrector.core.run - INFO - Random-walk step 4390/7000: motor target x=274115nm y=-409074nm
2026-08-18 05:52:09,880 - corrector.core.run - INFO - Random-walk step 4391/7000: motor target x=272275nm y=-408801nm
2026-08-18 05:52:16,013 - corrector.core.run - INFO - Random-walk step 4392/7000: motor target x=272613nm y=-407565nm
2026-08-18 05:52:21,715 - corrector.core.run - INFO - Random-walk step 4393/7000: motor target x=273794nm y=-407362nm
2026-08-18 05:52:27,364 - corrector.core.run - INFO - Random-walk step 4394/7000: motor target x=273172nm y=-408128nm
2026-08-18 05:52:33,035 - corrector.core.run - INFO - Random-walk step 4395/7000: motor target x=275195nm y=-408845nm
2026-08-18 05:52:38,859 - corrector.core.run - INFO - Random-walk step 4396/7000: motor target x=276909nm y=-409790nm
2026-08-18 05:52:44,215 - corrector.core.run - INFO - Random-walk step 4397/7000: motor target x=276699nm y=-409761nm
2026-08-18 05:52:49,952 - corrector.core.run - INFO - Random-walk step 4398/7000: motor target x=279614nm y=-409675nm
2026-08-18 05:52:57,379 - corrector.core.run - INFO - Random-walk step 4399/7000: motor target x=280255nm y=-411923nm
2026-08-18 05:53:02,962 - corrector.core.run - INFO - Random-walk step 4400/7000: motor target x=280342nm y=-412210nm
2026-08-18 05:53:08,616 - corrector.core.run - INFO - Random-walk step 4401/7000: motor target x=280360nm y=-412053nm
2026-08-18 05:53:14,480 - corrector.core.run - INFO - Random-walk step 4402/7000: motor target x=280785nm y=-411654nm
2026-08-18 05:53:20,164 - corrector.core.run - INFO - Random-walk step 4403/7000: motor target x=280916nm y=-411307nm
2026-08-18 05:53:26,251 - corrector.core.run - INFO - Random-walk step 4404/7000: motor target x=279775nm y=-415362nm
2026-08-18 05:53:32,060 - corrector.core.run - INFO - Random-walk step 4405/7000: motor target x=277565nm y=-416704nm
2026-08-18 05:53:37,352 - corrector.core.run - INFO - Random-walk step 4406/7000: motor target x=274686nm y=-408126nm
2026-08-18 05:53:43,139 - corrector.core.run - INFO - Random-walk step 4407/7000: motor target x=275154nm y=-408288nm
2026-08-18 05:53:49,136 - corrector.core.run - INFO - Random-walk step 4408/7000: motor target x=274108nm y=-407813nm
2026-08-18 05:53:54,752 - corrector.core.run - INFO - Random-walk step 4409/7000: motor target x=273306nm y=-408065nm
2026-08-18 05:54:00,570 - corrector.core.run - INFO - Random-walk step 4410/7000: motor target x=275563nm y=-409061nm
2026-08-18 05:54:06,046 - corrector.core.run - INFO - Random-walk step 4411/7000: motor target x=275596nm y=-409619nm
2026-08-18 05:54:11,669 - corrector.core.run - INFO - Random-walk step 4412/7000: motor target x=275514nm y=-411799nm
2026-08-18 05:54:17,631 - corrector.core.run - INFO - Random-walk step 4413/7000: motor target x=275194nm y=-411212nm
2026-08-18 05:54:23,161 - corrector.core.run - INFO - Random-walk step 4414/7000: motor target x=275074nm y=-411434nm
2026-08-18 05:54:28,895 - corrector.core.run - INFO - Random-walk step 4415/7000: motor target x=276780nm y=-409823nm
2026-08-18 05:54:34,819 - corrector.core.run - INFO - Random-walk step 4416/7000: motor target x=276266nm y=-409352nm
2026-08-18 05:54:40,339 - corrector.core.run - INFO - Random-walk step 4417/7000: motor target x=278927nm y=-411507nm
2026-08-18 05:54:46,093 - corrector.core.run - INFO - Random-walk step 4418/7000: motor target x=278920nm y=-411876nm
2026-08-18 05:54:51,745 - corrector.core.run - INFO - Random-walk step 4419/7000: motor target x=278690nm y=-411882nm
2026-08-18 05:54:57,605 - corrector.core.run - INFO - Random-walk step 4420/7000: motor target x=282595nm y=-416002nm
2026-08-18 05:55:03,677 - corrector.core.run - INFO - Random-walk step 4421/7000: motor target x=283345nm y=-417355nm
2026-08-18 05:55:09,420 - corrector.core.run - INFO - Random-walk step 4422/7000: motor target x=284476nm y=-416296nm
2026-08-18 05:55:15,140 - corrector.core.run - INFO - Random-walk step 4423/7000: motor target x=284737nm y=-417516nm
2026-08-18 05:55:20,939 - corrector.core.run - INFO - Random-walk step 4424/7000: motor target x=283266nm y=-421518nm
2026-08-18 05:55:26,380 - corrector.core.run - INFO - Random-walk step 4425/7000: motor target x=283935nm y=-421907nm
2026-08-18 05:55:32,127 - corrector.core.run - INFO - Random-walk step 4426/7000: motor target x=283189nm y=-421246nm
2026-08-18 05:55:37,519 - corrector.core.run - INFO - Random-walk step 4427/7000: motor target x=283120nm y=-421233nm
2026-08-18 05:55:43,288 - corrector.core.run - INFO - Random-walk step 4428/7000: motor target x=285035nm y=-421177nm
2026-08-18 05:55:49,251 - corrector.core.run - INFO - Random-walk step 4429/7000: motor target x=285262nm y=-421879nm
2026-08-18 05:55:54,936 - corrector.core.run - INFO - Random-walk step 4430/7000: motor target x=285832nm y=-419472nm
2026-08-18 05:56:00,620 - corrector.core.run - INFO - Random-walk step 4431/7000: motor target x=285288nm y=-419281nm
2026-08-18 05:56:06,128 - corrector.core.run - INFO - Random-walk step 4432/7000: motor target x=285238nm y=-419288nm
2026-08-18 05:56:12,152 - corrector.core.run - INFO - Random-walk step 4433/7000: motor target x=285400nm y=-418851nm
2026-08-18 05:56:17,831 - corrector.core.run - INFO - Random-walk step 4434/7000: motor target x=285483nm y=-419450nm
2026-08-18 05:56:23,513 - corrector.core.run - INFO - Random-walk step 4435/7000: motor target x=285429nm y=-419919nm
2026-08-18 05:56:29,449 - corrector.core.run - INFO - Random-walk step 4436/7000: motor target x=289518nm y=-418917nm
2026-08-18 05:56:34,761 - corrector.core.run - INFO - Random-walk step 4437/7000: motor target x=289424nm y=-418936nm
2026-08-18 05:56:40,689 - corrector.core.run - INFO - Random-walk step 4438/7000: motor target x=288930nm y=-419079nm
2026-08-18 05:56:46,579 - corrector.core.run - INFO - Random-walk step 4439/7000: motor target x=288509nm y=-418272nm
2026-08-18 05:56:52,377 - corrector.core.run - INFO - Random-walk step 4440/7000: motor target x=289468nm y=-418164nm
2026-08-18 05:56:58,025 - corrector.core.run - INFO - Random-walk step 4441/7000: motor target x=289184nm y=-419103nm
2026-08-18 05:57:03,741 - corrector.core.run - INFO - Random-walk step 4442/7000: motor target x=288530nm y=-418390nm
2026-08-18 05:57:09,298 - corrector.core.run - INFO - Random-walk step 4443/7000: motor target x=289000nm y=-417872nm
2026-08-18 05:57:14,854 - corrector.core.run - INFO - Random-walk step 4444/7000: motor target x=288957nm y=-417920nm
2026-08-18 05:57:21,031 - corrector.core.run - INFO - Random-walk step 4445/7000: motor target x=288052nm y=-418901nm
2026-08-18 05:57:26,419 - corrector.core.run - INFO - Random-walk step 4446/7000: motor target x=295660nm y=-423850nm
2026-08-18 05:57:32,721 - corrector.core.run - INFO - Random-walk step 4447/7000: motor target x=297034nm y=-422913nm
2026-08-18 05:57:38,277 - corrector.core.run - INFO - Random-walk step 4448/7000: motor target x=295915nm y=-422059nm
2026-08-18 05:57:43,599 - corrector.core.run - INFO - Random-walk step 4449/7000: motor target x=303721nm y=-420125nm
2026-08-18 05:57:49,667 - corrector.core.run - INFO - Random-walk step 4450/7000: motor target x=303064nm y=-419070nm
2026-08-18 05:57:55,015 - corrector.core.run - INFO - Random-walk step 4451/7000: motor target x=303133nm y=-419303nm
2026-08-18 05:58:00,765 - corrector.core.run - INFO - Random-walk step 4452/7000: motor target x=300932nm y=-416398nm
2026-08-18 05:58:06,403 - corrector.core.run - INFO - Random-walk step 4453/7000: motor target x=300989nm y=-416342nm
2026-08-18 05:58:12,118 - corrector.core.run - INFO - Random-walk step 4454/7000: motor target x=300922nm y=-416317nm
2026-08-18 05:58:18,029 - corrector.core.run - INFO - Random-walk step 4455/7000: motor target x=301392nm y=-416186nm
2026-08-18 05:58:23,960 - corrector.core.run - INFO - Random-walk step 4456/7000: motor target x=304685nm y=-415232nm
2026-08-18 05:58:29,476 - corrector.core.run - INFO - Random-walk step 4457/7000: motor target x=304133nm y=-414941nm
2026-08-18 05:58:35,024 - corrector.core.run - INFO - Random-walk step 4458/7000: motor target x=304129nm y=-414819nm
2026-08-18 05:58:40,992 - corrector.core.run - INFO - Random-walk step 4459/7000: motor target x=304529nm y=-415277nm
2026-08-18 05:58:46,880 - corrector.core.run - INFO - Random-walk step 4460/7000: motor target x=303530nm y=-415819nm
2026-08-18 05:58:52,588 - corrector.core.run - INFO - Random-walk step 4461/7000: motor target x=304396nm y=-416630nm
2026-08-18 05:58:58,024 - corrector.core.run - INFO - Random-walk step 4462/7000: motor target x=304530nm y=-417011nm
2026-08-18 05:59:04,118 - corrector.core.run - INFO - Random-walk step 4463/7000: motor target x=303995nm y=-418165nm
2026-08-18 05:59:09,658 - corrector.core.run - INFO - Random-walk step 4464/7000: motor target x=304749nm y=-418311nm
2026-08-18 05:59:15,348 - corrector.core.run - INFO - Random-walk step 4465/7000: motor target x=304077nm y=-416667nm
2026-08-18 05:59:21,174 - corrector.core.run - INFO - Random-walk step 4466/7000: motor target x=304186nm y=-417434nm
2026-08-18 05:59:26,666 - corrector.core.run - INFO - Random-walk step 4467/7000: motor target x=304330nm y=-417875nm
2026-08-18 05:59:32,401 - corrector.core.run - INFO - Random-walk step 4468/7000: motor target x=302703nm y=-415687nm
2026-08-18 05:59:38,073 - corrector.core.run - INFO - Random-walk step 4469/7000: motor target x=299735nm y=-415971nm
2026-08-18 05:59:43,865 - corrector.core.run - INFO - Random-walk step 4470/7000: motor target x=299601nm y=-416335nm
2026-08-18 05:59:49,678 - corrector.core.run - INFO - Random-walk step 4471/7000: motor target x=299148nm y=-419669nm
2026-08-18 05:59:55,164 - corrector.core.run - INFO - Random-walk step 4472/7000: motor target x=299134nm y=-419582nm
2026-08-18 06:00:01,100 - corrector.core.run - INFO - Random-walk step 4473/7000: motor target x=296634nm y=-417651nm
2026-08-18 06:00:06,780 - corrector.core.run - INFO - Random-walk step 4474/7000: motor target x=299447nm y=-421161nm
2026-08-18 06:00:12,704 - corrector.core.run - INFO - Random-walk step 4475/7000: motor target x=299600nm y=-422054nm
2026-08-18 06:00:18,327 - corrector.core.run - INFO - Random-walk step 4476/7000: motor target x=299089nm y=-421522nm
2026-08-18 06:00:24,011 - corrector.core.run - INFO - Random-walk step 4477/7000: motor target x=299115nm y=-420985nm
2026-08-18 06:00:29,611 - corrector.core.run - INFO - Random-walk step 4478/7000: motor target x=301749nm y=-420884nm
2026-08-18 06:00:35,469 - corrector.core.run - INFO - Random-walk step 4479/7000: motor target x=301237nm y=-420964nm
2026-08-18 06:00:41,062 - corrector.core.run - INFO - Random-walk step 4480/7000: motor target x=301321nm y=-420603nm
2026-08-18 06:00:46,877 - corrector.core.run - INFO - Random-walk step 4481/7000: motor target x=300937nm y=-422861nm
2026-08-18 06:00:52,441 - corrector.core.run - INFO - Random-walk step 4482/7000: motor target x=300834nm y=-422870nm
2026-08-18 06:00:58,276 - corrector.core.run - INFO - Random-walk step 4483/7000: motor target x=300750nm y=-423020nm
2026-08-18 06:01:04,005 - corrector.core.run - INFO - Random-walk step 4484/7000: motor target x=300454nm y=-423225nm
2026-08-18 06:01:09,609 - corrector.core.run - INFO - Random-walk step 4485/7000: motor target x=300477nm y=-423270nm
2026-08-18 06:01:15,646 - corrector.core.run - INFO - Random-walk step 4486/7000: motor target x=300988nm y=-423922nm
2026-08-18 06:01:21,465 - corrector.core.run - INFO - Random-walk step 4487/7000: motor target x=300029nm y=-423648nm
2026-08-18 06:01:27,349 - corrector.core.run - INFO - Random-walk step 4488/7000: motor target x=304007nm y=-422263nm
2026-08-18 06:01:32,785 - corrector.core.run - INFO - Random-walk step 4489/7000: motor target x=304204nm y=-421626nm
2026-08-18 06:01:38,574 - corrector.core.run - INFO - Random-walk step 4490/7000: motor target x=304905nm y=-421314nm
2026-08-18 06:01:44,500 - corrector.core.run - INFO - Random-walk step 4491/7000: motor target x=306118nm y=-415892nm
2026-08-18 06:01:49,865 - corrector.core.run - INFO - Random-walk step 4492/7000: motor target x=306552nm y=-416231nm
2026-08-18 06:01:55,728 - corrector.core.run - INFO - Random-walk step 4493/7000: motor target x=305832nm y=-418583nm
2026-08-18 06:02:01,281 - corrector.core.run - INFO - Random-walk step 4494/7000: motor target x=306227nm y=-418850nm
2026-08-18 06:02:07,107 - corrector.core.run - INFO - Random-walk step 4495/7000: motor target x=305873nm y=-418787nm
2026-08-18 06:02:12,866 - corrector.core.run - INFO - Random-walk step 4496/7000: motor target x=305312nm y=-418909nm
2026-08-18 06:02:18,493 - corrector.core.run - INFO - Random-walk step 4497/7000: motor target x=305751nm y=-418685nm
2026-08-18 06:02:24,217 - corrector.core.run - INFO - Random-walk step 4498/7000: motor target x=304088nm y=-420502nm
2026-08-18 06:02:30,399 - corrector.core.run - INFO - Random-walk step 4499/7000: motor target x=301901nm y=-421929nm
2026-08-18 06:02:35,599 - corrector.core.run - INFO - Random-walk step 4500/7000: motor target x=301992nm y=-418090nm
2026-08-18 06:02:41,580 - corrector.core.run - INFO - Random-walk step 4501/7000: motor target x=301639nm y=-418750nm
2026-08-18 06:02:47,053 - corrector.core.run - INFO - Random-walk step 4502/7000: motor target x=301968nm y=-418601nm
2026-08-18 06:02:53,281 - corrector.core.run - INFO - Random-walk step 4503/7000: motor target x=303391nm y=-418923nm
2026-08-18 06:02:58,415 - corrector.core.run - INFO - Random-walk step 4504/7000: motor target x=303314nm y=-418881nm
2026-08-18 06:03:04,443 - corrector.core.run - INFO - Random-walk step 4505/7000: motor target x=303516nm y=-419278nm
2026-08-18 06:03:10,030 - corrector.core.run - INFO - Random-walk step 4506/7000: motor target x=303589nm y=-418936nm
2026-08-18 06:03:15,905 - corrector.core.run - INFO - Random-walk step 4507/7000: motor target x=304277nm y=-415764nm
2026-08-18 06:03:21,673 - corrector.core.run - INFO - Random-walk step 4508/7000: motor target x=303585nm y=-415322nm
2026-08-18 06:03:27,462 - corrector.core.run - INFO - Random-walk step 4509/7000: motor target x=304443nm y=-411542nm
2026-08-18 06:03:32,847 - corrector.core.run - INFO - Random-walk step 4510/7000: motor target x=304694nm y=-411550nm
2026-08-18 06:03:38,790 - corrector.core.run - INFO - Random-walk step 4511/7000: motor target x=302510nm y=-412121nm
2026-08-18 06:03:44,480 - corrector.core.run - INFO - Random-walk step 4512/7000: motor target x=302723nm y=-412445nm
2026-08-18 06:03:49,990 - corrector.core.run - INFO - Random-walk step 4513/7000: motor target x=302805nm y=-412489nm
2026-08-18 06:03:55,877 - corrector.core.run - INFO - Random-walk step 4514/7000: motor target x=302489nm y=-412657nm
2026-08-18 06:04:01,878 - corrector.core.run - INFO - Random-walk step 4515/7000: motor target x=303461nm y=-413599nm
2026-08-18 06:04:07,405 - corrector.core.run - INFO - Random-walk step 4516/7000: motor target x=304113nm y=-413817nm
2026-08-18 06:04:13,008 - corrector.core.run - INFO - Random-walk step 4517/7000: motor target x=304166nm y=-415739nm
2026-08-18 06:04:18,743 - corrector.core.run - INFO - Random-walk step 4518/7000: motor target x=298093nm y=-420225nm
2026-08-18 06:04:24,693 - corrector.core.run - INFO - Random-walk step 4519/7000: motor target x=298772nm y=-419759nm
2026-08-18 06:04:30,565 - corrector.core.run - INFO - Random-walk step 4520/7000: motor target x=299011nm y=-420950nm
2026-08-18 06:04:35,794 - corrector.core.run - INFO - Random-walk step 4521/7000: motor target x=299018nm y=-420851nm
2026-08-18 06:04:41,694 - corrector.core.run - INFO - Random-walk step 4522/7000: motor target x=299553nm y=-421179nm
2026-08-18 06:04:47,541 - corrector.core.run - INFO - Random-walk step 4523/7000: motor target x=302078nm y=-421836nm
2026-08-18 06:04:53,503 - corrector.core.run - INFO - Random-walk step 4524/7000: motor target x=301177nm y=-423103nm
2026-08-18 06:04:58,747 - corrector.core.run - INFO - Random-walk step 4525/7000: motor target x=301064nm y=-422907nm
2026-08-18 06:05:04,771 - corrector.core.run - INFO - Random-walk step 4526/7000: motor target x=300286nm y=-423492nm
2026-08-18 06:05:10,255 - corrector.core.run - INFO - Random-walk step 4527/7000: motor target x=299996nm y=-421784nm
2026-08-18 06:05:16,331 - corrector.core.run - INFO - Random-walk step 4528/7000: motor target x=298896nm y=-421256nm
2026-08-18 06:05:21,853 - corrector.core.run - INFO - Random-walk step 4529/7000: motor target x=298183nm y=-421247nm
2026-08-18 06:05:27,412 - corrector.core.run - INFO - Random-walk step 4530/7000: motor target x=299884nm y=-423025nm
2026-08-18 06:05:33,423 - corrector.core.run - INFO - Random-walk step 4531/7000: motor target x=299677nm y=-422087nm
2026-08-18 06:05:38,885 - corrector.core.run - INFO - Random-walk step 4532/7000: motor target x=299353nm y=-422158nm
2026-08-18 06:05:44,622 - corrector.core.run - INFO - Random-walk step 4533/7000: motor target x=299590nm y=-422422nm
2026-08-18 06:05:50,587 - corrector.core.run - INFO - Random-walk step 4534/7000: motor target x=299194nm y=-423122nm
2026-08-18 06:05:55,962 - corrector.core.run - INFO - Random-walk step 4535/7000: motor target x=299155nm y=-423061nm
2026-08-18 06:06:01,784 - corrector.core.run - INFO - Random-walk step 4536/7000: motor target x=299409nm y=-423163nm
2026-08-18 06:06:07,610 - corrector.core.run - INFO - Random-walk step 4537/7000: motor target x=292699nm y=-417867nm
2026-08-18 06:06:13,451 - corrector.core.run - INFO - Random-walk step 4538/7000: motor target x=291984nm y=-417702nm
2026-08-18 06:06:19,160 - corrector.core.run - INFO - Random-walk step 4539/7000: motor target x=291345nm y=-417986nm
2026-08-18 06:06:24,724 - corrector.core.run - INFO - Random-walk step 4540/7000: motor target x=290951nm y=-418137nm
2026-08-18 06:06:30,338 - corrector.core.run - INFO - Random-walk step 4541/7000: motor target x=290932nm y=-418066nm
2026-08-18 06:06:36,284 - corrector.core.run - INFO - Random-walk step 4542/7000: motor target x=291289nm y=-418550nm
2026-08-18 06:06:42,188 - corrector.core.run - INFO - Random-walk step 4543/7000: motor target x=291895nm y=-417625nm
2026-08-18 06:06:47,864 - corrector.core.run - INFO - Random-walk step 4544/7000: motor target x=292738nm y=-417109nm
2026-08-18 06:06:53,402 - corrector.core.run - INFO - Random-walk step 4545/7000: motor target x=293309nm y=-417462nm
2026-08-18 06:06:59,575 - corrector.core.run - INFO - Random-walk step 4546/7000: motor target x=294783nm y=-418630nm
2026-08-18 06:07:05,254 - corrector.core.run - INFO - Random-walk step 4547/7000: motor target x=295868nm y=-417379nm
2026-08-18 06:07:10,780 - corrector.core.run - INFO - Random-walk step 4548/7000: motor target x=296679nm y=-417567nm
2026-08-18 06:07:16,158 - corrector.core.run - INFO - Random-walk step 4549/7000: motor target x=296601nm y=-417440nm
2026-08-18 06:07:21,885 - corrector.core.run - INFO - Random-walk step 4550/7000: motor target x=296535nm y=-417482nm
2026-08-18 06:07:27,893 - corrector.core.run - INFO - Random-walk step 4551/7000: motor target x=295959nm y=-417182nm
2026-08-18 06:07:33,592 - corrector.core.run - INFO - Random-walk step 4552/7000: motor target x=296525nm y=-416990nm
2026-08-18 06:07:39,045 - corrector.core.run - INFO - Random-walk step 4553/7000: motor target x=296411nm y=-416998nm
2026-08-18 06:07:44,743 - corrector.core.run - INFO - Random-walk step 4554/7000: motor target x=296343nm y=-416987nm
2026-08-18 06:07:50,803 - corrector.core.run - INFO - Random-walk step 4555/7000: motor target x=296898nm y=-416278nm
2026-08-18 06:07:56,785 - corrector.core.run - INFO - Random-walk step 4556/7000: motor target x=297905nm y=-414934nm
2026-08-18 06:08:02,407 - corrector.core.run - INFO - Random-walk step 4557/7000: motor target x=295784nm y=-416038nm
2026-08-18 06:08:07,800 - corrector.core.run - INFO - Random-walk step 4558/7000: motor target x=295733nm y=-416445nm
2026-08-18 06:08:13,493 - corrector.core.run - INFO - Random-walk step 4559/7000: motor target x=295994nm y=-418194nm
2026-08-18 06:08:19,125 - corrector.core.run - INFO - Random-walk step 4560/7000: motor target x=295940nm y=-418217nm
2026-08-18 06:08:24,833 - corrector.core.run - INFO - Random-walk step 4561/7000: motor target x=295977nm y=-418149nm
2026-08-18 06:08:30,605 - corrector.core.run - INFO - Random-walk step 4562/7000: motor target x=296162nm y=-418098nm
2026-08-18 06:08:36,309 - corrector.core.run - INFO - Random-walk step 4563/7000: motor target x=296222nm y=-418179nm
2026-08-18 06:08:42,373 - corrector.core.run - INFO - Random-walk step 4564/7000: motor target x=296228nm y=-417365nm
2026-08-18 06:08:47,805 - corrector.core.run - INFO - Random-walk step 4565/7000: motor target x=296351nm y=-417260nm
2026-08-18 06:08:53,716 - corrector.core.run - INFO - Random-walk step 4566/7000: motor target x=296742nm y=-419502nm
2026-08-18 06:08:59,444 - corrector.core.run - INFO - Random-walk step 4567/7000: motor target x=297310nm y=-420063nm
2026-08-18 06:09:05,254 - corrector.core.run - INFO - Random-walk step 4568/7000: motor target x=300324nm y=-420654nm
2026-08-18 06:09:10,973 - corrector.core.run - INFO - Random-walk step 4569/7000: motor target x=300778nm y=-422766nm
2026-08-18 06:09:16,468 - corrector.core.run - INFO - Random-walk step 4570/7000: motor target x=300878nm y=-422558nm
2026-08-18 06:09:22,426 - corrector.core.run - INFO - Random-walk step 4571/7000: motor target x=301358nm y=-421902nm
2026-08-18 06:09:28,304 - corrector.core.run - INFO - Random-walk step 4572/7000: motor target x=300339nm y=-422479nm
2026-08-18 06:09:33,906 - corrector.core.run - INFO - Random-walk step 4573/7000: motor target x=299447nm y=-423272nm
2026-08-18 06:09:39,444 - corrector.core.run - INFO - Random-walk step 4574/7000: motor target x=299352nm y=-423633nm
2026-08-18 06:09:45,432 - corrector.core.run - INFO - Random-walk step 4575/7000: motor target x=300263nm y=-423611nm
2026-08-18 06:09:50,863 - corrector.core.run - INFO - Random-walk step 4576/7000: motor target x=292165nm y=-425304nm
2026-08-18 06:09:56,657 - corrector.core.run - INFO - Random-walk step 4577/7000: motor target x=300148nm y=-422456nm
2026-08-18 06:10:02,220 - corrector.core.run - INFO - Random-walk step 4578/7000: motor target x=300068nm y=-422483nm
2026-08-18 06:10:08,011 - corrector.core.run - INFO - Random-walk step 4579/7000: motor target x=300318nm y=-422729nm
2026-08-18 06:10:14,218 - corrector.core.run - INFO - Random-walk step 4580/7000: motor target x=304731nm y=-421326nm
2026-08-18 06:10:19,769 - corrector.core.run - INFO - Random-walk step 4581/7000: motor target x=304297nm y=-420510nm
2026-08-18 06:10:25,373 - corrector.core.run - INFO - Random-walk step 4582/7000: motor target x=304408nm y=-421040nm
2026-08-18 06:10:30,949 - corrector.core.run - INFO - Random-walk step 4583/7000: motor target x=302282nm y=-412061nm
2026-08-18 06:10:37,203 - corrector.core.run - INFO - Random-walk step 4584/7000: motor target x=300927nm y=-413127nm
2026-08-18 06:10:42,383 - corrector.core.run - INFO - Random-walk step 4585/7000: motor target x=297260nm y=-415714nm
2026-08-18 06:10:48,306 - corrector.core.run - INFO - Random-walk step 4586/7000: motor target x=296579nm y=-415759nm
2026-08-18 06:10:53,770 - corrector.core.run - INFO - Random-walk step 4587/7000: motor target x=296480nm y=-415768nm
2026-08-18 06:11:00,012 - corrector.core.run - INFO - Random-walk step 4588/7000: motor target x=297813nm y=-414885nm
2026-08-18 06:11:05,355 - corrector.core.run - INFO - Random-walk step 4589/7000: motor target x=298235nm y=-414606nm
2026-08-18 06:11:11,344 - corrector.core.run - INFO - Random-walk step 4590/7000: motor target x=298978nm y=-415595nm
2026-08-18 06:11:16,868 - corrector.core.run - INFO - Random-walk step 4591/7000: motor target x=298540nm y=-415807nm
2026-08-18 06:11:22,370 - corrector.core.run - INFO - Random-walk step 4592/7000: motor target x=298527nm y=-415645nm
2026-08-18 06:11:28,187 - corrector.core.run - INFO - Random-walk step 4593/7000: motor target x=298726nm y=-415376nm
2026-08-18 06:11:34,133 - corrector.core.run - INFO - Random-walk step 4594/7000: motor target x=299044nm y=-414664nm
2026-08-18 06:11:40,006 - corrector.core.run - INFO - Random-walk step 4595/7000: motor target x=297968nm y=-415590nm
2026-08-18 06:11:45,644 - corrector.core.run - INFO - Random-walk step 4596/7000: motor target x=297034nm y=-416247nm
2026-08-18 06:11:51,046 - corrector.core.run - INFO - Random-walk step 4597/7000: motor target x=296981nm y=-414376nm
2026-08-18 06:11:57,059 - corrector.core.run - INFO - Random-walk step 4598/7000: motor target x=296274nm y=-414303nm
2026-08-18 06:12:02,818 - corrector.core.run - INFO - Random-walk step 4599/7000: motor target x=292276nm y=-415103nm
2026-08-18 06:12:08,584 - corrector.core.run - INFO - Random-walk step 4600/7000: motor target x=291512nm y=-415502nm
2026-08-18 06:12:13,996 - corrector.core.run - INFO - Random-walk step 4601/7000: motor target x=291625nm y=-415319nm
2026-08-18 06:12:19,867 - corrector.core.run - INFO - Random-walk step 4602/7000: motor target x=292141nm y=-415779nm
2026-08-18 06:12:25,668 - corrector.core.run - INFO - Random-walk step 4603/7000: motor target x=292778nm y=-417726nm
2026-08-18 06:12:31,493 - corrector.core.run - INFO - Random-walk step 4604/7000: motor target x=292577nm y=-418685nm
2026-08-18 06:12:36,886 - corrector.core.run - INFO - Random-walk step 4605/7000: motor target x=292771nm y=-418878nm
2026-08-18 06:12:43,056 - corrector.core.run - INFO - Random-walk step 4606/7000: motor target x=291516nm y=-419676nm
2026-08-18 06:12:48,540 - corrector.core.run - INFO - Random-walk step 4607/7000: motor target x=292190nm y=-420308nm
2026-08-18 06:12:54,098 - corrector.core.run - INFO - Random-walk step 4608/7000: motor target x=295269nm y=-424049nm
2026-08-18 06:12:59,915 - corrector.core.run - INFO - Random-walk step 4609/7000: motor target x=295815nm y=-424224nm
2026-08-18 06:13:06,003 - corrector.core.run - INFO - Random-walk step 4610/7000: motor target x=294372nm y=-424093nm
2026-08-18 06:13:11,701 - corrector.core.run - INFO - Random-walk step 4611/7000: motor target x=297340nm y=-425329nm
2026-08-18 06:13:16,983 - corrector.core.run - INFO - Random-walk step 4612/7000: motor target x=297070nm y=-425412nm
2026-08-18 06:13:23,004 - corrector.core.run - INFO - Random-walk step 4613/7000: motor target x=297363nm y=-424502nm
2026-08-18 06:13:28,663 - corrector.core.run - INFO - Random-walk step 4614/7000: motor target x=298191nm y=-424707nm
2026-08-18 06:13:34,361 - corrector.core.run - INFO - Random-walk step 4615/7000: motor target x=298933nm y=-425181nm
2026-08-18 06:13:40,083 - corrector.core.run - INFO - Random-walk step 4616/7000: motor target x=299638nm y=-424536nm
2026-08-18 06:13:46,002 - corrector.core.run - INFO - Random-walk step 4617/7000: motor target x=298568nm y=-422967nm
2026-08-18 06:13:51,795 - corrector.core.run - INFO - Random-walk step 4618/7000: motor target x=296675nm y=-421318nm
2026-08-18 06:13:57,911 - corrector.core.run - INFO - Random-walk step 4619/7000: motor target x=295489nm y=-420111nm
2026-08-18 06:14:03,336 - corrector.core.run - INFO - Random-walk step 4620/7000: motor target x=295594nm y=-420447nm
2026-08-18 06:14:08,908 - corrector.core.run - INFO - Random-walk step 4621/7000: motor target x=295620nm y=-420264nm
2026-08-18 06:14:15,022 - corrector.core.run - INFO - Random-walk step 4622/7000: motor target x=296187nm y=-420185nm
2026-08-18 06:14:20,898 - corrector.core.run - INFO - Random-walk step 4623/7000: motor target x=296129nm y=-421144nm
2026-08-18 06:14:27,693 - corrector.core.run - INFO - Random-walk step 4624/7000: motor target x=296390nm y=-421453nm
2026-08-18 06:14:33,588 - corrector.core.run - INFO - Random-walk step 4625/7000: motor target x=296262nm y=-422193nm
2026-08-18 06:14:39,536 - corrector.core.run - INFO - Random-walk step 4626/7000: motor target x=297356nm y=-424083nm
2026-08-18 06:14:45,161 - corrector.core.run - INFO - Random-walk step 4627/7000: motor target x=297719nm y=-423882nm
2026-08-18 06:14:50,477 - corrector.core.run - INFO - Random-walk step 4628/7000: motor target x=297772nm y=-423822nm
2026-08-18 06:14:56,798 - corrector.core.run - INFO - Random-walk step 4629/7000: motor target x=299086nm y=-422428nm
2026-08-18 06:15:02,076 - corrector.core.run - INFO - Random-walk step 4630/7000: motor target x=299601nm y=-422439nm
2026-08-18 06:15:07,743 - corrector.core.run - INFO - Random-walk step 4631/7000: motor target x=299972nm y=-422478nm
2026-08-18 06:15:13,378 - corrector.core.run - INFO - Random-walk step 4632/7000: motor target x=300082nm y=-422529nm
2026-08-18 06:15:19,627 - corrector.core.run - INFO - Random-walk step 4633/7000: motor target x=300422nm y=-421168nm
2026-08-18 06:15:24,837 - corrector.core.run - INFO - Random-walk step 4634/7000: motor target x=300375nm y=-421090nm
2026-08-18 06:15:30,666 - corrector.core.run - INFO - Random-walk step 4635/7000: motor target x=302522nm y=-423268nm
2026-08-18 06:15:36,602 - corrector.core.run - INFO - Random-walk step 4636/7000: motor target x=301910nm y=-423763nm
2026-08-18 06:15:42,591 - corrector.core.run - INFO - Random-walk step 4637/7000: motor target x=300510nm y=-423438nm
2026-08-18 06:15:47,757 - corrector.core.run - INFO - Random-walk step 4638/7000: motor target x=300568nm y=-423405nm
2026-08-18 06:15:54,038 - corrector.core.run - INFO - Random-walk step 4639/7000: motor target x=299518nm y=-422063nm
2026-08-18 06:15:59,365 - corrector.core.run - INFO - Random-walk step 4640/7000: motor target x=302410nm y=-421615nm
2026-08-18 06:16:05,446 - corrector.core.run - INFO - Random-walk step 4641/7000: motor target x=300467nm y=-420301nm
2026-08-18 06:16:10,699 - corrector.core.run - INFO - Random-walk step 4642/7000: motor target x=304971nm y=-420139nm
2026-08-18 06:16:16,453 - corrector.core.run - INFO - Random-walk step 4643/7000: motor target x=304996nm y=-419970nm
2026-08-18 06:16:22,293 - corrector.core.run - INFO - Random-walk step 4644/7000: motor target x=299089nm y=-413567nm
2026-08-18 06:16:28,372 - corrector.core.run - INFO - Random-walk step 4645/7000: motor target x=298394nm y=-412422nm
2026-08-18 06:16:33,683 - corrector.core.run - INFO - Random-walk step 4646/7000: motor target x=304290nm y=-407600nm
2026-08-18 06:16:39,456 - corrector.core.run - INFO - Random-walk step 4647/7000: motor target x=306483nm y=-408177nm
2026-08-18 06:16:45,351 - corrector.core.run - INFO - Random-walk step 4648/7000: motor target x=306977nm y=-408988nm
2026-08-18 06:16:50,914 - corrector.core.run - INFO - Random-walk step 4649/7000: motor target x=307305nm y=-409562nm
2026-08-18 06:16:56,532 - corrector.core.run - INFO - Random-walk step 4650/7000: motor target x=307209nm y=-409208nm
2026-08-18 06:17:02,629 - corrector.core.run - INFO - Random-walk step 4651/7000: motor target x=309485nm y=-410349nm
2026-08-18 06:17:08,504 - corrector.core.run - INFO - Random-walk step 4652/7000: motor target x=310883nm y=-410507nm
2026-08-18 06:17:13,742 - corrector.core.run - INFO - Random-walk step 4653/7000: motor target x=307269nm y=-412568nm
2026-08-18 06:17:19,710 - corrector.core.run - INFO - Random-walk step 4654/7000: motor target x=307691nm y=-411917nm
2026-08-18 06:17:25,406 - corrector.core.run - INFO - Random-walk step 4655/7000: motor target x=308362nm y=-405317nm
2026-08-18 06:17:30,972 - corrector.core.run - INFO - Random-walk step 4656/7000: motor target x=307973nm y=-407000nm
2026-08-18 06:17:36,600 - corrector.core.run - INFO - Random-walk step 4657/7000: motor target x=308144nm y=-407191nm
2026-08-18 06:17:42,568 - corrector.core.run - INFO - Random-walk step 4658/7000: motor target x=307809nm y=-407795nm
2026-08-18 06:17:48,330 - corrector.core.run - INFO - Random-walk step 4659/7000: motor target x=308547nm y=-408393nm
2026-08-18 06:17:53,834 - corrector.core.run - INFO - Random-walk step 4660/7000: motor target x=308231nm y=-412251nm
2026-08-18 06:17:59,433 - corrector.core.run - INFO - Random-walk step 4661/7000: motor target x=308303nm y=-412256nm
2026-08-18 06:18:05,165 - corrector.core.run - INFO - Random-walk step 4662/7000: motor target x=308231nm y=-412249nm
2026-08-18 06:18:11,165 - corrector.core.run - INFO - Random-walk step 4663/7000: motor target x=308917nm y=-412273nm
2026-08-18 06:18:16,910 - corrector.core.run - INFO - Random-walk step 4664/7000: motor target x=308638nm y=-412921nm
2026-08-18 06:18:23,026 - corrector.core.run - INFO - Random-walk step 4665/7000: motor target x=307371nm y=-411520nm
2026-08-18 06:18:28,073 - corrector.core.run - INFO - Random-walk step 4666/7000: motor target x=307416nm y=-411616nm
2026-08-18 06:18:34,293 - corrector.core.run - INFO - Random-walk step 4667/7000: motor target x=308584nm y=-410922nm
2026-08-18 06:18:39,636 - corrector.core.run - INFO - Random-walk step 4668/7000: motor target x=303665nm y=-411265nm
2026-08-18 06:18:45,405 - corrector.core.run - INFO - Random-walk step 4669/7000: motor target x=300766nm y=-407911nm
2026-08-18 06:18:51,365 - corrector.core.run - INFO - Random-walk step 4670/7000: motor target x=299744nm y=-407946nm
2026-08-18 06:18:56,919 - corrector.core.run - INFO - Random-walk step 4671/7000: motor target x=295615nm y=-408349nm
2026-08-18 06:19:02,559 - corrector.core.run - INFO - Random-walk step 4672/7000: motor target x=295979nm y=-408483nm
2026-08-18 06:19:08,257 - corrector.core.run - INFO - Random-walk step 4673/7000: motor target x=293457nm y=-412771nm
2026-08-18 06:19:14,371 - corrector.core.run - INFO - Random-walk step 4674/7000: motor target x=295754nm y=-414046nm
2026-08-18 06:19:19,770 - corrector.core.run - INFO - Random-walk step 4675/7000: motor target x=295560nm y=-413569nm
2026-08-18 06:19:25,429 - corrector.core.run - INFO - Random-walk step 4676/7000: motor target x=295603nm y=-413300nm
2026-08-18 06:19:31,234 - corrector.core.run - INFO - Random-walk step 4677/7000: motor target x=297507nm y=-417109nm
2026-08-18 06:19:37,054 - corrector.core.run - INFO - Random-walk step 4678/7000: motor target x=296906nm y=-416591nm
2026-08-18 06:19:42,778 - corrector.core.run - INFO - Random-walk step 4679/7000: motor target x=296306nm y=-414279nm
2026-08-18 06:19:48,400 - corrector.core.run - INFO - Random-walk step 4680/7000: motor target x=296065nm y=-413741nm
2026-08-18 06:19:54,086 - corrector.core.run - INFO - Random-walk step 4681/7000: motor target x=295615nm y=-413678nm
2026-08-18 06:20:00,123 - corrector.core.run - INFO - Random-walk step 4682/7000: motor target x=294565nm y=-410988nm
2026-08-18 06:20:05,844 - corrector.core.run - INFO - Random-walk step 4683/7000: motor target x=295692nm y=-411243nm
2026-08-18 06:20:11,154 - corrector.core.run - INFO - Random-walk step 4684/7000: motor target x=295870nm y=-411361nm
2026-08-18 06:20:17,001 - corrector.core.run - INFO - Random-walk step 4685/7000: motor target x=297475nm y=-408979nm
2026-08-18 06:20:22,728 - corrector.core.run - INFO - Random-walk step 4686/7000: motor target x=301329nm y=-410681nm
2026-08-18 06:20:28,367 - corrector.core.run - INFO - Random-walk step 4687/7000: motor target x=304323nm y=-413799nm
2026-08-18 06:20:34,206 - corrector.core.run - INFO - Random-walk step 4688/7000: motor target x=307943nm y=-408015nm
2026-08-18 06:20:40,288 - corrector.core.run - INFO - Random-walk step 4689/7000: motor target x=308906nm y=-409172nm
2026-08-18 06:20:45,750 - corrector.core.run - INFO - Random-walk step 4690/7000: motor target x=308367nm y=-409559nm
2026-08-18 06:20:51,247 - corrector.core.run - INFO - Random-walk step 4691/7000: motor target x=308455nm y=-409547nm
2026-08-18 06:20:56,975 - corrector.core.run - INFO - Random-walk step 4692/7000: motor target x=308419nm y=-409680nm
2026-08-18 06:21:02,834 - corrector.core.run - INFO - Random-walk step 4693/7000: motor target x=305570nm y=-413589nm
2026-08-18 06:21:08,611 - corrector.core.run - INFO - Random-walk step 4694/7000: motor target x=305063nm y=-413395nm
2026-08-18 06:21:14,709 - corrector.core.run - INFO - Random-walk step 4695/7000: motor target x=306523nm y=-412737nm
2026-08-18 06:21:20,196 - corrector.core.run - INFO - Random-walk step 4696/7000: motor target x=304683nm y=-412124nm
2026-08-18 06:21:25,691 - corrector.core.run - INFO - Random-walk step 4697/7000: motor target x=304747nm y=-412521nm
2026-08-18 06:21:31,333 - corrector.core.run - INFO - Random-walk step 4698/7000: motor target x=304493nm y=-412723nm
2026-08-18 06:21:37,114 - corrector.core.run - INFO - Random-walk step 4699/7000: motor target x=310157nm y=-406698nm
2026-08-18 06:21:42,859 - corrector.core.run - INFO - Random-walk step 4700/7000: motor target x=310495nm y=-406534nm
2026-08-18 06:21:48,551 - corrector.core.run - INFO - Random-walk step 4701/7000: motor target x=308282nm y=-402908nm
2026-08-18 06:21:54,472 - corrector.core.run - INFO - Random-walk step 4702/7000: motor target x=306169nm y=-403536nm
2026-08-18 06:22:00,296 - corrector.core.run - INFO - Random-walk step 4703/7000: motor target x=306901nm y=-405302nm
2026-08-18 06:22:05,984 - corrector.core.run - INFO - Random-walk step 4704/7000: motor target x=306158nm y=-405239nm
2026-08-18 06:22:11,800 - corrector.core.run - INFO - Random-walk step 4705/7000: motor target x=305774nm y=-404318nm
2026-08-18 06:22:17,276 - corrector.core.run - INFO - Random-walk step 4706/7000: motor target x=305737nm y=-403828nm
2026-08-18 06:22:22,987 - corrector.core.run - INFO - Random-walk step 4707/7000: motor target x=305386nm y=-404318nm
2026-08-18 06:22:28,994 - corrector.core.run - INFO - Random-walk step 4708/7000: motor target x=306182nm y=-403401nm
2026-08-18 06:22:34,620 - corrector.core.run - INFO - Random-walk step 4709/7000: motor target x=305424nm y=-403568nm
2026-08-18 06:22:40,127 - corrector.core.run - INFO - Random-walk step 4710/7000: motor target x=305328nm y=-403299nm
2026-08-18 06:22:45,818 - corrector.core.run - INFO - Random-walk step 4711/7000: motor target x=305212nm y=-403534nm
2026-08-18 06:22:51,836 - corrector.core.run - INFO - Random-walk step 4712/7000: motor target x=304420nm y=-403840nm
2026-08-18 06:22:57,235 - corrector.core.run - INFO - Random-walk step 4713/7000: motor target x=304466nm y=-404027nm
2026-08-18 06:23:03,024 - corrector.core.run - INFO - Random-walk step 4714/7000: motor target x=304784nm y=-404173nm
2026-08-18 06:23:08,966 - corrector.core.run - INFO - Random-walk step 4715/7000: motor target x=305466nm y=-404834nm
2026-08-18 06:23:14,536 - corrector.core.run - INFO - Random-walk step 4716/7000: motor target x=305961nm y=-404800nm
2026-08-18 06:23:20,346 - corrector.core.run - INFO - Random-walk step 4717/7000: motor target x=305543nm y=-402712nm
2026-08-18 06:23:26,371 - corrector.core.run - INFO - Random-walk step 4718/7000: motor target x=304187nm y=-404482nm
2026-08-18 06:23:31,705 - corrector.core.run - INFO - Random-walk step 4719/7000: motor target x=304599nm y=-404698nm
2026-08-18 06:23:37,421 - corrector.core.run - INFO - Random-walk step 4720/7000: motor target x=308627nm y=-404684nm
2026-08-18 06:23:43,173 - corrector.core.run - INFO - Random-walk step 4721/7000: motor target x=308254nm y=-405071nm
2026-08-18 06:23:48,777 - corrector.core.run - INFO - Random-walk step 4722/7000: motor target x=308115nm y=-405180nm
2026-08-18 06:23:54,713 - corrector.core.run - INFO - Random-walk step 4723/7000: motor target x=307870nm y=-404814nm
2026-08-18 06:24:00,286 - corrector.core.run - INFO - Random-walk step 4724/7000: motor target x=307697nm y=-405108nm
2026-08-18 06:24:05,958 - corrector.core.run - INFO - Random-walk step 4725/7000: motor target x=307703nm y=-405199nm
2026-08-18 06:24:11,675 - corrector.core.run - INFO - Random-walk step 4726/7000: motor target x=307728nm y=-405246nm
2026-08-18 06:24:17,618 - corrector.core.run - INFO - Random-walk step 4727/7000: motor target x=307722nm y=-404796nm
2026-08-18 06:24:23,316 - corrector.core.run - INFO - Random-walk step 4728/7000: motor target x=310680nm y=-401875nm
2026-08-18 06:24:29,129 - corrector.core.run - INFO - Random-walk step 4729/7000: motor target x=311422nm y=-401797nm
2026-08-18 06:24:34,735 - corrector.core.run - INFO - Random-walk step 4730/7000: motor target x=305687nm y=-399002nm
2026-08-18 06:24:40,339 - corrector.core.run - INFO - Random-walk step 4731/7000: motor target x=305643nm y=-398778nm
2026-08-18 06:24:46,065 - corrector.core.run - INFO - Random-walk step 4732/7000: motor target x=305488nm y=-398614nm
2026-08-18 06:24:51,872 - corrector.core.run - INFO - Random-walk step 4733/7000: motor target x=305129nm y=-398964nm
2026-08-18 06:24:57,564 - corrector.core.run - INFO - Random-walk step 4734/7000: motor target x=302170nm y=-395700nm
2026-08-18 06:25:03,388 - corrector.core.run - INFO - Random-walk step 4735/7000: motor target x=301722nm y=-396146nm
2026-08-18 06:25:09,033 - corrector.core.run - INFO - Random-walk step 4736/7000: motor target x=303367nm y=-399255nm
2026-08-18 06:25:15,148 - corrector.core.run - INFO - Random-walk step 4737/7000: motor target x=304099nm y=-398172nm
2026-08-18 06:25:20,424 - corrector.core.run - INFO - Random-walk step 4738/7000: motor target x=303898nm y=-398278nm
2026-08-18 06:25:26,338 - corrector.core.run - INFO - Random-walk step 4739/7000: motor target x=303934nm y=-398748nm
2026-08-18 06:25:32,120 - corrector.core.run - INFO - Random-walk step 4740/7000: motor target x=303341nm y=-399186nm
2026-08-18 06:25:37,687 - corrector.core.run - INFO - Random-walk step 4741/7000: motor target x=303752nm y=-399500nm
2026-08-18 06:25:43,612 - corrector.core.run - INFO - Random-walk step 4742/7000: motor target x=304478nm y=-399143nm
2026-08-18 06:25:49,424 - corrector.core.run - INFO - Random-walk step 4743/7000: motor target x=303499nm y=-398368nm
2026-08-18 06:25:55,112 - corrector.core.run - INFO - Random-walk step 4744/7000: motor target x=302649nm y=-398098nm
2026-08-18 06:26:00,999 - corrector.core.run - INFO - Random-walk step 4745/7000: motor target x=302911nm y=-396801nm
2026-08-18 06:26:06,259 - corrector.core.run - INFO - Random-walk step 4746/7000: motor target x=299714nm y=-399094nm
2026-08-18 06:26:12,039 - corrector.core.run - INFO - Random-walk step 4747/7000: motor target x=299354nm y=-398644nm
2026-08-18 06:26:18,072 - corrector.core.run - INFO - Random-walk step 4748/7000: motor target x=300535nm y=-398661nm
2026-08-18 06:26:23,657 - corrector.core.run - INFO - Random-walk step 4749/7000: motor target x=300778nm y=-397958nm
2026-08-18 06:26:29,213 - corrector.core.run - INFO - Random-walk step 4750/7000: motor target x=301088nm y=-398324nm
2026-08-18 06:26:34,901 - corrector.core.run - INFO - Random-walk step 4751/7000: motor target x=300773nm y=-398061nm
2026-08-18 06:26:41,085 - corrector.core.run - INFO - Random-walk step 4752/7000: motor target x=302731nm y=-396649nm
2026-08-18 06:26:46,278 - corrector.core.run - INFO - Random-walk step 4753/7000: motor target x=302777nm y=-396680nm
2026-08-18 06:26:52,289 - corrector.core.run - INFO - Random-walk step 4754/7000: motor target x=303444nm y=-396586nm
2026-08-18 06:26:58,079 - corrector.core.run - INFO - Random-walk step 4755/7000: motor target x=302887nm y=-395839nm
2026-08-18 06:27:03,545 - corrector.core.run - INFO - Random-walk step 4756/7000: motor target x=299322nm y=-399592nm
2026-08-18 06:27:09,367 - corrector.core.run - INFO - Random-walk step 4757/7000: motor target x=296157nm y=-396863nm
2026-08-18 06:27:14,941 - corrector.core.run - INFO - Random-walk step 4758/7000: motor target x=296290nm y=-396719nm
2026-08-18 06:27:20,679 - corrector.core.run - INFO - Random-walk step 4759/7000: motor target x=296519nm y=-396909nm
2026-08-18 06:27:26,629 - corrector.core.run - INFO - Random-walk step 4760/7000: motor target x=296396nm y=-397516nm
2026-08-18 06:27:32,080 - corrector.core.run - INFO - Random-walk step 4761/7000: motor target x=296481nm y=-397574nm
2026-08-18 06:27:38,417 - corrector.core.run - INFO - Random-walk step 4762/7000: motor target x=297433nm y=-399019nm
2026-08-18 06:27:43,793 - corrector.core.run - INFO - Random-walk step 4763/7000: motor target x=297852nm y=-399574nm
2026-08-18 06:27:49,358 - corrector.core.run - INFO - Random-walk step 4764/7000: motor target x=297996nm y=-401500nm
2026-08-18 06:27:55,142 - corrector.core.run - INFO - Random-walk step 4765/7000: motor target x=293221nm y=-408773nm
2026-08-18 06:28:01,152 - corrector.core.run - INFO - Random-walk step 4766/7000: motor target x=292929nm y=-409884nm
2026-08-18 06:28:06,506 - corrector.core.run - INFO - Random-walk step 4767/7000: motor target x=292820nm y=-409537nm
2026-08-18 06:28:12,276 - corrector.core.run - INFO - Random-walk step 4768/7000: motor target x=292977nm y=-409938nm
2026-08-18 06:28:17,990 - corrector.core.run - INFO - Random-walk step 4769/7000: motor target x=294560nm y=-407811nm
2026-08-18 06:28:23,729 - corrector.core.run - INFO - Random-walk step 4770/7000: motor target x=294247nm y=-408139nm
2026-08-18 06:28:29,430 - corrector.core.run - INFO - Random-walk step 4771/7000: motor target x=291471nm y=-410396nm
2026-08-18 06:28:35,617 - corrector.core.run - INFO - Random-walk step 4772/7000: motor target x=289950nm y=-410493nm
2026-08-18 06:28:40,920 - corrector.core.run - INFO - Random-walk step 4773/7000: motor target x=289588nm y=-410904nm
2026-08-18 06:28:46,979 - corrector.core.run - INFO - Random-walk step 4774/7000: motor target x=290061nm y=-409741nm
2026-08-18 06:28:52,233 - corrector.core.run - INFO - Random-walk step 4775/7000: motor target x=289936nm y=-409833nm
2026-08-18 06:28:58,123 - corrector.core.run - INFO - Random-walk step 4776/7000: motor target x=285488nm y=-400879nm
2026-08-18 06:29:04,098 - corrector.core.run - INFO - Random-walk step 4777/7000: motor target x=284589nm y=-401515nm
2026-08-18 06:29:09,967 - corrector.core.run - INFO - Random-walk step 4778/7000: motor target x=285968nm y=-398325nm
2026-08-18 06:29:15,505 - corrector.core.run - INFO - Random-walk step 4779/7000: motor target x=286850nm y=-398391nm
2026-08-18 06:29:21,031 - corrector.core.run - INFO - Random-walk step 4780/7000: motor target x=286473nm y=-398827nm
2026-08-18 06:29:26,609 - corrector.core.run - INFO - Random-walk step 4781/7000: motor target x=286547nm y=-398956nm
2026-08-18 06:29:32,650 - corrector.core.run - INFO - Random-walk step 4782/7000: motor target x=285950nm y=-402383nm
2026-08-18 06:29:38,309 - corrector.core.run - INFO - Random-walk step 4783/7000: motor target x=286507nm y=-402185nm
2026-08-18 06:29:44,142 - corrector.core.run - INFO - Random-walk step 4784/7000: motor target x=287500nm y=-402205nm
2026-08-18 06:29:50,050 - corrector.core.run - INFO - Random-walk step 4785/7000: motor target x=288903nm y=-401963nm
2026-08-18 06:29:55,534 - corrector.core.run - INFO - Random-walk step 4786/7000: motor target x=289117nm y=-402691nm
2026-08-18 06:30:01,432 - corrector.core.run - INFO - Random-walk step 4787/7000: motor target x=290248nm y=-405198nm
2026-08-18 06:30:06,799 - corrector.core.run - INFO - Random-walk step 4788/7000: motor target x=288085nm y=-403180nm
2026-08-18 06:30:12,861 - corrector.core.run - INFO - Random-walk step 4789/7000: motor target x=287367nm y=-403821nm
2026-08-18 06:30:18,440 - corrector.core.run - INFO - Random-walk step 4790/7000: motor target x=288119nm y=-404534nm
2026-08-18 06:30:24,411 - corrector.core.run - INFO - Random-walk step 4791/7000: motor target x=289291nm y=-408546nm
2026-08-18 06:30:29,778 - corrector.core.run - INFO - Random-walk step 4792/7000: motor target x=289416nm y=-409020nm
2026-08-18 06:30:35,443 - corrector.core.run - INFO - Random-walk step 4793/7000: motor target x=287799nm y=-409106nm
2026-08-18 06:30:41,167 - corrector.core.run - INFO - Random-walk step 4794/7000: motor target x=287508nm y=-408987nm
2026-08-18 06:30:46,846 - corrector.core.run - INFO - Random-walk step 4795/7000: motor target x=287589nm y=-408919nm
2026-08-18 06:30:52,970 - corrector.core.run - INFO - Random-walk step 4796/7000: motor target x=288476nm y=-409324nm
2026-08-18 06:30:58,771 - corrector.core.run - INFO - Random-walk step 4797/7000: motor target x=289347nm y=-408023nm
2026-08-18 06:31:04,508 - corrector.core.run - INFO - Random-walk step 4798/7000: motor target x=288167nm y=-407055nm
2026-08-18 06:31:09,977 - corrector.core.run - INFO - Random-walk step 4799/7000: motor target x=288881nm y=-407671nm
2026-08-18 06:31:15,879 - corrector.core.run - INFO - Random-walk step 4800/7000: motor target x=288777nm y=-408756nm
2026-08-18 06:31:21,233 - corrector.core.run - INFO - Random-walk step 4801/7000: motor target x=284774nm y=-406479nm
2026-08-18 06:31:27,032 - corrector.core.run - INFO - Random-walk step 4802/7000: motor target x=284847nm y=-406052nm
2026-08-18 06:31:32,695 - corrector.core.run - INFO - Random-walk step 4803/7000: motor target x=282739nm y=-406349nm
2026-08-18 06:31:38,330 - corrector.core.run - INFO - Random-walk step 4804/7000: motor target x=282738nm y=-406249nm
2026-08-18 06:31:44,455 - corrector.core.run - INFO - Random-walk step 4805/7000: motor target x=281173nm y=-407185nm
2026-08-18 06:31:50,087 - corrector.core.run - INFO - Random-walk step 4806/7000: motor target x=281739nm y=-402539nm
2026-08-18 06:31:55,941 - corrector.core.run - INFO - Random-walk step 4807/7000: motor target x=282150nm y=-403554nm
2026-08-18 06:32:01,287 - corrector.core.run - INFO - Random-walk step 4808/7000: motor target x=282025nm y=-403431nm
2026-08-18 06:32:07,296 - corrector.core.run - INFO - Random-walk step 4809/7000: motor target x=281747nm y=-402738nm
2026-08-18 06:32:14,433 - corrector.core.run - INFO - Random-walk step 4810/7000: motor target x=281338nm y=-397428nm
2026-08-18 06:32:20,514 - corrector.core.run - INFO - Random-walk step 4811/7000: motor target x=280802nm y=-396044nm
2026-08-18 06:32:25,792 - corrector.core.run - INFO - Random-walk step 4812/7000: motor target x=280557nm y=-396350nm
2026-08-18 06:32:31,951 - corrector.core.run - INFO - Random-walk step 4813/7000: motor target x=281937nm y=-395684nm
2026-08-18 06:32:38,718 - corrector.core.run - INFO - Random-walk step 4814/7000: motor target x=284464nm y=-397440nm
2026-08-18 06:32:44,398 - corrector.core.run - INFO - Random-walk step 4815/7000: motor target x=284506nm y=-397295nm
2026-08-18 06:32:50,094 - corrector.core.run - INFO - Random-walk step 4816/7000: motor target x=284503nm y=-397140nm
2026-08-18 06:32:56,066 - corrector.core.run - INFO - Random-walk step 4817/7000: motor target x=283994nm y=-398902nm
2026-08-18 06:33:02,112 - corrector.core.run - INFO - Random-walk step 4818/7000: motor target x=285430nm y=-399500nm
2026-08-18 06:33:07,524 - corrector.core.run - INFO - Random-walk step 4819/7000: motor target x=284732nm y=-402471nm
2026-08-18 06:33:13,178 - corrector.core.run - INFO - Random-walk step 4820/7000: motor target x=284213nm y=-402215nm
2026-08-18 06:33:18,883 - corrector.core.run - INFO - Random-walk step 4821/7000: motor target x=284375nm y=-401822nm
2026-08-18 06:33:24,554 - corrector.core.run - INFO - Random-walk step 4822/7000: motor target x=284278nm y=-397074nm
2026-08-18 06:33:30,359 - corrector.core.run - INFO - Random-walk step 4823/7000: motor target x=283957nm y=-397207nm
2026-08-18 06:33:36,262 - corrector.core.run - INFO - Random-walk step 4824/7000: motor target x=283141nm y=-397889nm
2026-08-18 06:33:42,024 - corrector.core.run - INFO - Random-walk step 4825/7000: motor target x=282270nm y=-397507nm
2026-08-18 06:33:47,742 - corrector.core.run - INFO - Random-walk step 4826/7000: motor target x=281454nm y=-397989nm
2026-08-18 06:33:53,325 - corrector.core.run - INFO - Random-walk step 4827/7000: motor target x=281750nm y=-398626nm
2026-08-18 06:33:59,219 - corrector.core.run - INFO - Random-walk step 4828/7000: motor target x=281416nm y=-397670nm
2026-08-18 06:34:04,563 - corrector.core.run - INFO - Random-walk step 4829/7000: motor target x=281259nm y=-397579nm
2026-08-18 06:34:10,655 - corrector.core.run - INFO - Random-walk step 4830/7000: motor target x=282791nm y=-396762nm
2026-08-18 06:34:15,973 - corrector.core.run - INFO - Random-walk step 4831/7000: motor target x=282763nm y=-396822nm
2026-08-18 06:34:22,077 - corrector.core.run - INFO - Random-walk step 4832/7000: motor target x=280061nm y=-395859nm
2026-08-18 06:34:27,785 - corrector.core.run - INFO - Random-walk step 4833/7000: motor target x=280835nm y=-396316nm
2026-08-18 06:34:33,381 - corrector.core.run - INFO - Random-walk step 4834/7000: motor target x=282736nm y=-395898nm
2026-08-18 06:34:39,690 - corrector.core.run - INFO - Random-walk step 4835/7000: motor target x=282680nm y=-395997nm
2026-08-18 06:34:44,748 - corrector.core.run - INFO - Random-walk step 4836/7000: motor target x=282301nm y=-396382nm
2026-08-18 06:34:50,631 - corrector.core.run - INFO - Random-walk step 4837/7000: motor target x=281742nm y=-396091nm
2026-08-18 06:34:56,226 - corrector.core.run - INFO - Random-walk step 4838/7000: motor target x=279738nm y=-396432nm
2026-08-18 06:35:01,881 - corrector.core.run - INFO - Random-walk step 4839/7000: motor target x=279846nm y=-396216nm
2026-08-18 06:35:07,506 - corrector.core.run - INFO - Random-walk step 4840/7000: motor target x=279909nm y=-396142nm
2026-08-18 06:35:13,568 - corrector.core.run - INFO - Random-walk step 4841/7000: motor target x=280577nm y=-396254nm
2026-08-18 06:35:19,131 - corrector.core.run - INFO - Random-walk step 4842/7000: motor target x=280840nm y=-396397nm
2026-08-18 06:35:24,982 - corrector.core.run - INFO - Random-walk step 4843/7000: motor target x=281408nm y=-396900nm
2026-08-18 06:35:30,516 - corrector.core.run - INFO - Random-walk step 4844/7000: motor target x=281218nm y=-396648nm
2026-08-18 06:35:36,276 - corrector.core.run - INFO - Random-walk step 4845/7000: motor target x=281520nm y=-396874nm
2026-08-18 06:35:42,032 - corrector.core.run - INFO - Random-walk step 4846/7000: motor target x=286062nm y=-395065nm
2026-08-18 06:35:47,874 - corrector.core.run - INFO - Random-walk step 4847/7000: motor target x=285892nm y=-395620nm
2026-08-18 06:35:53,884 - corrector.core.run - INFO - Random-walk step 4848/7000: motor target x=285418nm y=-395956nm
2026-08-18 06:35:59,965 - corrector.core.run - INFO - Random-walk step 4849/7000: motor target x=281485nm y=-394573nm
2026-08-18 06:36:05,109 - corrector.core.run - INFO - Random-walk step 4850/7000: motor target x=281514nm y=-394519nm
2026-08-18 06:36:11,379 - corrector.core.run - INFO - Random-walk step 4851/7000: motor target x=282742nm y=-394053nm
2026-08-18 06:36:17,136 - corrector.core.run - INFO - Random-walk step 4852/7000: motor target x=285776nm y=-395386nm
2026-08-18 06:36:22,706 - corrector.core.run - INFO - Random-walk step 4853/7000: motor target x=284949nm y=-395909nm
2026-08-18 06:36:28,635 - corrector.core.run - INFO - Random-walk step 4854/7000: motor target x=286327nm y=-396708nm
2026-08-18 06:36:33,920 - corrector.core.run - INFO - Random-walk step 4855/7000: motor target x=286082nm y=-397000nm
2026-08-18 06:36:39,994 - corrector.core.run - INFO - Random-walk step 4856/7000: motor target x=284884nm y=-397172nm
2026-08-18 06:36:45,562 - corrector.core.run - INFO - Random-walk step 4857/7000: motor target x=285599nm y=-399743nm
2026-08-18 06:36:51,314 - corrector.core.run - INFO - Random-walk step 4858/7000: motor target x=286275nm y=-397735nm
2026-08-18 06:36:56,804 - corrector.core.run - INFO - Random-walk step 4859/7000: motor target x=278452nm y=-397505nm
2026-08-18 06:37:02,501 - corrector.core.run - INFO - Random-walk step 4860/7000: motor target x=278285nm y=-397697nm
2026-08-18 06:37:08,193 - corrector.core.run - INFO - Random-walk step 4861/7000: motor target x=278242nm y=-397777nm
2026-08-18 06:37:13,901 - corrector.core.run - INFO - Random-walk step 4862/7000: motor target x=278201nm y=-397738nm
2026-08-18 06:37:19,791 - corrector.core.run - INFO - Random-walk step 4863/7000: motor target x=278430nm y=-397523nm
2026-08-18 06:37:25,665 - corrector.core.run - INFO - Random-walk step 4864/7000: motor target x=277622nm y=-397726nm
2026-08-18 06:37:31,161 - corrector.core.run - INFO - Random-walk step 4865/7000: motor target x=277284nm y=-393778nm
2026-08-18 06:37:37,375 - corrector.core.run - INFO - Random-walk step 4866/7000: motor target x=278793nm y=-394316nm
2026-08-18 06:37:42,585 - corrector.core.run - INFO - Random-walk step 4867/7000: motor target x=278745nm y=-394607nm
2026-08-18 06:37:48,247 - corrector.core.run - INFO - Random-walk step 4868/7000: motor target x=278673nm y=-394659nm
2026-08-18 06:37:54,256 - corrector.core.run - INFO - Random-walk step 4869/7000: motor target x=279284nm y=-394219nm
2026-08-18 06:38:01,200 - corrector.core.run - INFO - Random-walk step 4870/7000: motor target x=279452nm y=-394299nm
2026-08-18 06:38:07,516 - corrector.core.run - INFO - Random-walk step 4871/7000: motor target x=277978nm y=-395336nm
2026-08-18 06:38:12,890 - corrector.core.run - INFO - Random-walk step 4872/7000: motor target x=278615nm y=-399534nm
2026-08-18 06:38:18,814 - corrector.core.run - INFO - Random-walk step 4873/7000: motor target x=279453nm y=-400533nm
2026-08-18 06:38:26,102 - corrector.core.run - INFO - Random-walk step 4874/7000: motor target x=278396nm y=-401374nm
2026-08-18 06:38:32,874 - corrector.core.run - INFO - Random-walk step 4875/7000: motor target x=278446nm y=-401343nm
2026-08-18 06:38:38,746 - corrector.core.run - INFO - Random-walk step 4876/7000: motor target x=278580nm y=-401039nm
2026-08-18 06:38:44,488 - corrector.core.run - INFO - Random-walk step 4877/7000: motor target x=278752nm y=-400759nm
2026-08-18 06:38:50,418 - corrector.core.run - INFO - Random-walk step 4878/7000: motor target x=277862nm y=-400119nm
2026-08-18 06:38:55,840 - corrector.core.run - INFO - Random-walk step 4879/7000: motor target x=275416nm y=-403955nm
2026-08-18 06:39:01,713 - corrector.core.run - INFO - Random-walk step 4880/7000: motor target x=275916nm y=-405520nm
2026-08-18 06:39:07,239 - corrector.core.run - INFO - Random-walk step 4881/7000: motor target x=275965nm y=-405511nm
2026-08-18 06:39:13,225 - corrector.core.run - INFO - Random-walk step 4882/7000: motor target x=273164nm y=-404942nm
2026-08-18 06:39:18,807 - corrector.core.run - INFO - Random-walk step 4883/7000: motor target x=273097nm y=-404527nm
2026-08-18 06:39:24,927 - corrector.core.run - INFO - Random-walk step 4884/7000: motor target x=274455nm y=-398082nm
2026-08-18 06:39:30,161 - corrector.core.run - INFO - Random-walk step 4885/7000: motor target x=274406nm y=-398013nm
2026-08-18 06:39:36,901 - corrector.core.run - INFO - Random-walk step 4886/7000: motor target x=274791nm y=-397728nm
2026-08-18 06:39:42,743 - corrector.core.run - INFO - Random-walk step 4887/7000: motor target x=275305nm y=-398179nm
2026-08-18 06:39:48,537 - corrector.core.run - INFO - Random-walk step 4888/7000: motor target x=275142nm y=-397450nm
2026-08-18 06:39:54,028 - corrector.core.run - INFO - Random-walk step 4889/7000: motor target x=274923nm y=-397759nm
2026-08-18 06:39:59,783 - corrector.core.run - INFO - Random-walk step 4890/7000: motor target x=274859nm y=-398089nm
2026-08-18 06:40:05,545 - corrector.core.run - INFO - Random-walk step 4891/7000: motor target x=274916nm y=-397786nm
2026-08-18 06:40:11,277 - corrector.core.run - INFO - Random-walk step 4892/7000: motor target x=275118nm y=-398224nm
2026-08-18 06:40:17,046 - corrector.core.run - INFO - Random-walk step 4893/7000: motor target x=279360nm y=-396192nm
2026-08-18 06:40:22,663 - corrector.core.run - INFO - Random-walk step 4894/7000: motor target x=279124nm y=-396063nm
2026-08-18 06:40:28,617 - corrector.core.run - INFO - Random-walk step 4895/7000: motor target x=279435nm y=-395356nm
2026-08-18 06:40:34,335 - corrector.core.run - INFO - Random-walk step 4896/7000: motor target x=278722nm y=-395223nm
2026-08-18 06:40:40,090 - corrector.core.run - INFO - Random-walk step 4897/7000: motor target x=277952nm y=-395854nm
2026-08-18 06:40:45,944 - corrector.core.run - INFO - Random-walk step 4898/7000: motor target x=278922nm y=-396058nm
2026-08-18 06:40:51,288 - corrector.core.run - INFO - Random-walk step 4899/7000: motor target x=276498nm y=-395727nm
2026-08-18 06:40:57,020 - corrector.core.run - INFO - Random-walk step 4900/7000: motor target x=276568nm y=-399849nm
2026-08-18 06:41:02,869 - corrector.core.run - INFO - Random-walk step 4901/7000: motor target x=276999nm y=-399664nm
2026-08-18 06:41:08,422 - corrector.core.run - INFO - Random-walk step 4902/7000: motor target x=277063nm y=-399487nm
2026-08-18 06:41:14,412 - corrector.core.run - INFO - Random-walk step 4903/7000: motor target x=276498nm y=-400214nm
2026-08-18 06:41:20,222 - corrector.core.run - INFO - Random-walk step 4904/7000: motor target x=275562nm y=-400098nm
2026-08-18 06:41:25,602 - corrector.core.run - INFO - Random-walk step 4905/7000: motor target x=275467nm y=-399949nm
2026-08-18 06:41:31,477 - corrector.core.run - INFO - Random-walk step 4906/7000: motor target x=273726nm y=-401777nm
2026-08-18 06:41:37,257 - corrector.core.run - INFO - Random-walk step 4907/7000: motor target x=274238nm y=-399498nm
2026-08-18 06:41:42,837 - corrector.core.run - INFO - Random-walk step 4908/7000: motor target x=272554nm y=-404098nm
2026-08-18 06:41:48,511 - corrector.core.run - INFO - Random-walk step 4909/7000: motor target x=272367nm y=-403874nm
2026-08-18 06:41:54,307 - corrector.core.run - INFO - Random-walk step 4910/7000: motor target x=272557nm y=-403783nm
2026-08-18 06:41:59,996 - corrector.core.run - INFO - Random-walk step 4911/7000: motor target x=272716nm y=-403611nm
2026-08-18 06:42:05,739 - corrector.core.run - INFO - Random-walk step 4912/7000: motor target x=272377nm y=-403364nm
2026-08-18 06:42:11,523 - corrector.core.run - INFO - Random-walk step 4913/7000: motor target x=272773nm y=-403190nm
2026-08-18 06:42:17,625 - corrector.core.run - INFO - Random-walk step 4914/7000: motor target x=272864nm y=-404593nm
2026-08-18 06:42:23,124 - corrector.core.run - INFO - Random-walk step 4915/7000: motor target x=273565nm y=-404912nm
2026-08-18 06:42:28,524 - corrector.core.run - INFO - Random-walk step 4916/7000: motor target x=273511nm y=-404898nm
2026-08-18 06:42:34,334 - corrector.core.run - INFO - Random-walk step 4917/7000: motor target x=275443nm y=-405146nm
2026-08-18 06:42:40,409 - corrector.core.run - INFO - Random-walk step 4918/7000: motor target x=276571nm y=-405046nm
2026-08-18 06:42:45,979 - corrector.core.run - INFO - Random-walk step 4919/7000: motor target x=278704nm y=-404564nm
2026-08-18 06:42:51,543 - corrector.core.run - INFO - Random-walk step 4920/7000: motor target x=278671nm y=-404193nm
2026-08-18 06:42:57,243 - corrector.core.run - INFO - Random-walk step 4921/7000: motor target x=278773nm y=-400410nm
2026-08-18 06:43:03,203 - corrector.core.run - INFO - Random-walk step 4922/7000: motor target x=282289nm y=-401057nm
2026-08-18 06:43:08,813 - corrector.core.run - INFO - Random-walk step 4923/7000: motor target x=284578nm y=-398209nm
2026-08-18 06:43:14,434 - corrector.core.run - INFO - Random-walk step 4924/7000: motor target x=284621nm y=-398422nm
2026-08-18 06:43:20,658 - corrector.core.run - INFO - Random-walk step 4925/7000: motor target x=283304nm y=-397115nm
2026-08-18 06:43:26,007 - corrector.core.run - INFO - Random-walk step 4926/7000: motor target x=283045nm y=-397585nm
2026-08-18 06:43:31,639 - corrector.core.run - INFO - Random-walk step 4927/7000: motor target x=283226nm y=-397867nm
2026-08-18 06:43:37,387 - corrector.core.run - INFO - Random-walk step 4928/7000: motor target x=283647nm y=-397825nm
2026-08-18 06:43:43,038 - corrector.core.run - INFO - Random-walk step 4929/7000: motor target x=283606nm y=-397977nm
2026-08-18 06:43:48,816 - corrector.core.run - INFO - Random-walk step 4930/7000: motor target x=283286nm y=-398122nm
2026-08-18 06:43:54,554 - corrector.core.run - INFO - Random-walk step 4931/7000: motor target x=283658nm y=-398161nm
2026-08-18 06:44:00,404 - corrector.core.run - INFO - Random-walk step 4932/7000: motor target x=283126nm y=-394175nm
2026-08-18 06:44:05,997 - corrector.core.run - INFO - Random-walk step 4933/7000: motor target x=282869nm y=-393917nm
2026-08-18 06:44:11,806 - corrector.core.run - INFO - Random-walk step 4934/7000: motor target x=283341nm y=-394198nm
2026-08-18 06:44:17,425 - corrector.core.run - INFO - Random-walk step 4935/7000: motor target x=280793nm y=-392352nm
2026-08-18 06:44:23,073 - corrector.core.run - INFO - Random-walk step 4936/7000: motor target x=280824nm y=-392435nm
2026-08-18 06:44:29,135 - corrector.core.run - INFO - Random-walk step 4937/7000: motor target x=281512nm y=-393041nm
2026-08-18 06:44:34,997 - corrector.core.run - INFO - Random-walk step 4938/7000: motor target x=283955nm y=-394275nm
2026-08-18 06:44:40,621 - corrector.core.run - INFO - Random-walk step 4939/7000: motor target x=284828nm y=-394519nm
2026-08-18 06:44:46,379 - corrector.core.run - INFO - Random-walk step 4940/7000: motor target x=283183nm y=-393427nm
2026-08-18 06:44:51,778 - corrector.core.run - INFO - Random-walk step 4941/7000: motor target x=285168nm y=-390810nm
2026-08-18 06:44:58,112 - corrector.core.run - INFO - Random-walk step 4942/7000: motor target x=285634nm y=-389233nm
2026-08-18 06:45:03,191 - corrector.core.run - INFO - Random-walk step 4943/7000: motor target x=285490nm y=-389241nm
2026-08-18 06:45:08,963 - corrector.core.run - INFO - Random-walk step 4944/7000: motor target x=285213nm y=-389288nm
2026-08-18 06:45:14,769 - corrector.core.run - INFO - Random-walk step 4945/7000: motor target x=291389nm y=-396066nm
2026-08-18 06:45:20,784 - corrector.core.run - INFO - Random-walk step 4946/7000: motor target x=290702nm y=-397242nm
2026-08-18 06:45:26,187 - corrector.core.run - INFO - Random-walk step 4947/7000: motor target x=288367nm y=-396870nm
2026-08-18 06:45:31,912 - corrector.core.run - INFO - Random-walk step 4948/7000: motor target x=288540nm y=-397268nm
2026-08-18 06:45:37,598 - corrector.core.run - INFO - Random-walk step 4949/7000: motor target x=288327nm y=-396942nm
2026-08-18 06:45:43,295 - corrector.core.run - INFO - Random-walk step 4950/7000: motor target x=288412nm y=-396724nm
2026-08-18 06:45:49,116 - corrector.core.run - INFO - Random-walk step 4951/7000: motor target x=290347nm y=-393455nm
2026-08-18 06:45:54,927 - corrector.core.run - INFO - Random-walk step 4952/7000: motor target x=291931nm y=-392963nm
2026-08-18 06:46:00,659 - corrector.core.run - INFO - Random-walk step 4953/7000: motor target x=291431nm y=-395284nm
2026-08-18 06:46:06,542 - corrector.core.run - INFO - Random-walk step 4954/7000: motor target x=291935nm y=-394442nm
2026-08-18 06:46:12,040 - corrector.core.run - INFO - Random-walk step 4955/7000: motor target x=291507nm y=-394062nm
2026-08-18 06:46:18,182 - corrector.core.run - INFO - Random-walk step 4956/7000: motor target x=290190nm y=-398541nm
2026-08-18 06:46:23,373 - corrector.core.run - INFO - Random-walk step 4957/7000: motor target x=290001nm y=-398394nm
2026-08-18 06:46:29,330 - corrector.core.run - INFO - Random-walk step 4958/7000: motor target x=290583nm y=-400123nm
2026-08-18 06:46:35,338 - corrector.core.run - INFO - Random-walk step 4959/7000: motor target x=292023nm y=-399621nm
2026-08-18 06:46:40,560 - corrector.core.run - INFO - Random-walk step 4960/7000: motor target x=292230nm y=-399646nm
2026-08-18 06:46:46,434 - corrector.core.run - INFO - Random-walk step 4961/7000: motor target x=290350nm y=-400045nm
2026-08-18 06:46:52,038 - corrector.core.run - INFO - Random-walk step 4962/7000: motor target x=290451nm y=-399791nm
2026-08-18 06:46:58,414 - corrector.core.run - INFO - Random-walk step 4963/7000: motor target x=291531nm y=-401241nm
2026-08-18 06:47:03,827 - corrector.core.run - INFO - Random-walk step 4964/7000: motor target x=290865nm y=-402083nm
2026-08-18 06:47:09,260 - corrector.core.run - INFO - Random-walk step 4965/7000: motor target x=290510nm y=-402028nm
2026-08-18 06:47:15,395 - corrector.core.run - INFO - Random-walk step 4966/7000: motor target x=289463nm y=-401047nm
2026-08-18 06:47:20,807 - corrector.core.run - INFO - Random-walk step 4967/7000: motor target x=289087nm y=-401350nm
2026-08-18 06:47:26,457 - corrector.core.run - INFO - Random-walk step 4968/7000: motor target x=288777nm y=-401738nm
2026-08-18 06:47:32,533 - corrector.core.run - INFO - Random-walk step 4969/7000: motor target x=287627nm y=-401239nm
2026-08-18 06:47:38,245 - corrector.core.run - INFO - Random-walk step 4970/7000: motor target x=286676nm y=-401198nm
2026-08-18 06:47:43,681 - corrector.core.run - INFO - Random-walk step 4971/7000: motor target x=286270nm y=-401676nm
2026-08-18 06:47:49,275 - corrector.core.run - INFO - Random-walk step 4972/7000: motor target x=286223nm y=-401830nm
2026-08-18 06:47:55,089 - corrector.core.run - INFO - Random-walk step 4973/7000: motor target x=286396nm y=-402252nm
2026-08-18 06:48:00,759 - corrector.core.run - INFO - Random-walk step 4974/7000: motor target x=286550nm y=-401949nm
2026-08-18 06:48:06,670 - corrector.core.run - INFO - Random-walk step 4975/7000: motor target x=287090nm y=-401644nm
2026-08-18 06:48:12,195 - corrector.core.run - INFO - Random-walk step 4976/7000: motor target x=287109nm y=-401386nm
2026-08-18 06:48:18,076 - corrector.core.run - INFO - Random-walk step 4977/7000: motor target x=286590nm y=-401593nm
2026-08-18 06:48:26,716 - corrector.core.run - INFO - Random-walk step 4978/7000: motor target x=286848nm y=-401796nm
2026-08-18 06:48:34,373 - corrector.core.run - INFO - Random-walk step 4979/7000: motor target x=286747nm y=-400574nm
2026-08-18 06:48:40,005 - corrector.core.run - INFO - Random-walk step 4980/7000: motor target x=285701nm y=-394091nm
2026-08-18 06:48:45,774 - corrector.core.run - INFO - Random-walk step 4981/7000: motor target x=286887nm y=-394274nm
2026-08-18 06:48:52,566 - corrector.core.run - INFO - Random-walk step 4982/7000: motor target x=286914nm y=-394333nm
2026-08-18 06:48:58,424 - corrector.core.run - INFO - Random-walk step 4983/7000: motor target x=286808nm y=-394091nm
2026-08-18 06:49:04,340 - corrector.core.run - INFO - Random-walk step 4984/7000: motor target x=287129nm y=-393440nm
2026-08-18 06:49:10,000 - corrector.core.run - INFO - Random-walk step 4985/7000: motor target x=286715nm y=-394988nm
2026-08-18 06:49:15,663 - corrector.core.run - INFO - Random-walk step 4986/7000: motor target x=286210nm y=-394587nm
2026-08-18 06:49:21,483 - corrector.core.run - INFO - Random-walk step 4987/7000: motor target x=284575nm y=-394083nm
2026-08-18 06:49:27,291 - corrector.core.run - INFO - Random-walk step 4988/7000: motor target x=285500nm y=-395953nm
2026-08-18 06:49:33,066 - corrector.core.run - INFO - Random-walk step 4989/7000: motor target x=285751nm y=-396863nm
2026-08-18 06:49:38,808 - corrector.core.run - INFO - Random-walk step 4990/7000: motor target x=286534nm y=-397037nm
2026-08-18 06:49:44,245 - corrector.core.run - INFO - Random-walk step 4991/7000: motor target x=286132nm y=-392500nm
2026-08-18 06:49:49,947 - corrector.core.run - INFO - Random-walk step 4992/7000: motor target x=290444nm y=-398180nm
2026-08-18 06:49:55,763 - corrector.core.run - INFO - Random-walk step 4993/7000: motor target x=285463nm y=-400293nm
2026-08-18 06:50:01,464 - corrector.core.run - INFO - Random-walk step 4994/7000: motor target x=285538nm y=-402993nm
2026-08-18 06:50:07,151 - corrector.core.run - INFO - Random-walk step 4995/7000: motor target x=285898nm y=-402784nm
2026-08-18 06:50:13,375 - corrector.core.run - INFO - Random-walk step 4996/7000: motor target x=287417nm y=-398306nm
2026-08-18 06:50:18,969 - corrector.core.run - INFO - Random-walk step 4997/7000: motor target x=288367nm y=-398112nm
2026-08-18 06:50:24,277 - corrector.core.run - INFO - Random-walk step 4998/7000: motor target x=288201nm y=-398131nm
2026-08-18 06:50:30,486 - corrector.core.run - INFO - Random-walk step 4999/7000: motor target x=288995nm y=-399421nm
2026-08-18 06:50:35,801 - corrector.core.run - INFO - Random-walk step 5000/7000: motor target x=288909nm y=-399840nm
2026-08-18 06:50:41,818 - corrector.core.run - INFO - Random-walk step 5001/7000: motor target x=289972nm y=-402686nm
2026-08-18 06:50:47,153 - corrector.core.run - INFO - Random-walk step 5002/7000: motor target x=290062nm y=-402552nm
2026-08-18 06:50:53,413 - corrector.core.run - INFO - Random-walk step 5003/7000: motor target x=288619nm y=-402503nm
2026-08-18 06:50:58,654 - corrector.core.run - INFO - Random-walk step 5004/7000: motor target x=286666nm y=-400922nm
2026-08-18 06:51:04,462 - corrector.core.run - INFO - Random-walk step 5005/7000: motor target x=286552nm y=-400556nm
2026-08-18 06:51:10,139 - corrector.core.run - INFO - Random-walk step 5006/7000: motor target x=286322nm y=-402300nm
2026-08-18 06:51:15,797 - corrector.core.run - INFO - Random-walk step 5007/7000: motor target x=286286nm y=-402501nm
2026-08-18 06:51:21,847 - corrector.core.run - INFO - Random-walk step 5008/7000: motor target x=287182nm y=-400558nm
2026-08-18 06:51:27,292 - corrector.core.run - INFO - Random-walk step 5009/7000: motor target x=284865nm y=-400414nm
2026-08-18 06:51:33,212 - corrector.core.run - INFO - Random-walk step 5010/7000: motor target x=285472nm y=-398585nm
2026-08-18 06:51:38,891 - corrector.core.run - INFO - Random-walk step 5011/7000: motor target x=278894nm y=-398104nm
2026-08-18 06:51:44,743 - corrector.core.run - INFO - Random-walk step 5012/7000: motor target x=277095nm y=-397318nm
2026-08-18 06:51:50,068 - corrector.core.run - INFO - Random-walk step 5013/7000: motor target x=277119nm y=-397221nm
2026-08-18 06:51:56,087 - corrector.core.run - INFO - Random-walk step 5014/7000: motor target x=277010nm y=-397789nm
2026-08-18 06:52:01,929 - corrector.core.run - INFO - Random-walk step 5015/7000: motor target x=274089nm y=-398805nm
2026-08-18 06:52:07,554 - corrector.core.run - INFO - Random-walk step 5016/7000: motor target x=274757nm y=-398630nm
2026-08-18 06:52:13,207 - corrector.core.run - INFO - Random-walk step 5017/7000: motor target x=275346nm y=-398519nm
2026-08-18 06:52:19,219 - corrector.core.run - INFO - Random-walk step 5018/7000: motor target x=274104nm y=-398267nm
2026-08-18 06:52:25,003 - corrector.core.run - INFO - Random-walk step 5019/7000: motor target x=273829nm y=-399620nm
2026-08-18 06:52:30,627 - corrector.core.run - INFO - Random-walk step 5020/7000: motor target x=274710nm y=-400590nm
2026-08-18 06:52:36,027 - corrector.core.run - INFO - Random-walk step 5021/7000: motor target x=274312nm y=-398964nm
2026-08-18 06:52:42,046 - corrector.core.run - INFO - Random-walk step 5022/7000: motor target x=275255nm y=-399278nm
2026-08-18 06:52:47,350 - corrector.core.run - INFO - Random-walk step 5023/7000: motor target x=275240nm y=-399219nm
2026-08-18 06:52:53,151 - corrector.core.run - INFO - Random-walk step 5024/7000: motor target x=278490nm y=-401012nm
2026-08-18 06:52:58,886 - corrector.core.run - INFO - Random-walk step 5025/7000: motor target x=278599nm y=-403033nm
2026-08-18 06:53:05,138 - corrector.core.run - INFO - Random-walk step 5026/7000: motor target x=277136nm y=-398440nm
2026-08-18 06:53:10,845 - corrector.core.run - INFO - Random-walk step 5027/7000: motor target x=278626nm y=-398371nm
2026-08-18 06:53:16,014 - corrector.core.run - INFO - Random-walk step 5028/7000: motor target x=278705nm y=-398227nm
2026-08-18 06:53:22,214 - corrector.core.run - INFO - Random-walk step 5029/7000: motor target x=276568nm y=-399469nm
2026-08-18 06:53:27,449 - corrector.core.run - INFO - Random-walk step 5030/7000: motor target x=276640nm y=-399377nm
2026-08-18 06:53:33,330 - corrector.core.run - INFO - Random-walk step 5031/7000: motor target x=274169nm y=-399607nm
2026-08-18 06:53:39,068 - corrector.core.run - INFO - Random-walk step 5032/7000: motor target x=274606nm y=-399490nm
2026-08-18 06:53:44,841 - corrector.core.run - INFO - Random-walk step 5033/7000: motor target x=274096nm y=-399249nm
2026-08-18 06:53:50,464 - corrector.core.run - INFO - Random-walk step 5034/7000: motor target x=274544nm y=-399191nm
2026-08-18 06:53:56,520 - corrector.core.run - INFO - Random-walk step 5035/7000: motor target x=274270nm y=-400363nm
2026-08-18 06:54:02,094 - corrector.core.run - INFO - Random-walk step 5036/7000: motor target x=274810nm y=-399628nm
2026-08-18 06:54:07,728 - corrector.core.run - INFO - Random-walk step 5037/7000: motor target x=275140nm y=-400249nm
2026-08-18 06:54:13,260 - corrector.core.run - INFO - Random-walk step 5038/7000: motor target x=275300nm y=-400316nm
2026-08-18 06:54:18,969 - corrector.core.run - INFO - Random-walk step 5039/7000: motor target x=275273nm y=-400188nm
2026-08-18 06:54:24,968 - corrector.core.run - INFO - Random-walk step 5040/7000: motor target x=275806nm y=-399620nm
2026-08-18 06:54:30,541 - corrector.core.run - INFO - Random-walk step 5041/7000: motor target x=276108nm y=-399540nm
2026-08-18 06:54:36,331 - corrector.core.run - INFO - Random-walk step 5042/7000: motor target x=273934nm y=-399338nm
2026-08-18 06:54:43,542 - corrector.core.run - INFO - Random-walk step 5043/7000: motor target x=273863nm y=-400970nm
2026-08-18 06:54:50,747 - corrector.core.run - INFO - Random-walk step 5044/7000: motor target x=274139nm y=-401077nm
2026-08-18 06:54:56,541 - corrector.core.run - INFO - Random-walk step 5045/7000: motor target x=273819nm y=-405781nm
2026-08-18 06:55:02,370 - corrector.core.run - INFO - Random-walk step 5046/7000: motor target x=274458nm y=-403727nm
2026-08-18 06:55:09,852 - corrector.core.run - INFO - Random-walk step 5047/7000: motor target x=274134nm y=-402491nm
2026-08-18 06:55:16,683 - corrector.core.run - INFO - Random-walk step 5048/7000: motor target x=274269nm y=-402797nm
2026-08-18 06:55:22,555 - corrector.core.run - INFO - Random-walk step 5049/7000: motor target x=273767nm y=-402949nm
2026-08-18 06:55:28,403 - corrector.core.run - INFO - Random-walk step 5050/7000: motor target x=274691nm y=-406476nm
2026-08-18 06:55:33,925 - corrector.core.run - INFO - Random-walk step 5051/7000: motor target x=274359nm y=-406967nm
2026-08-18 06:55:39,585 - corrector.core.run - INFO - Random-walk step 5052/7000: motor target x=276667nm y=-410785nm
2026-08-18 06:55:45,501 - corrector.core.run - INFO - Random-walk step 5053/7000: motor target x=277304nm y=-408610nm
2026-08-18 06:55:51,519 - corrector.core.run - INFO - Random-walk step 5054/7000: motor target x=275921nm y=-407384nm
2026-08-18 06:55:58,164 - corrector.core.run - INFO - Random-walk step 5055/7000: motor target x=275785nm y=-407481nm
2026-08-18 06:56:04,298 - corrector.core.run - INFO - Random-walk step 5056/7000: motor target x=274826nm y=-409579nm
2026-08-18 06:56:09,790 - corrector.core.run - INFO - Random-walk step 5057/7000: motor target x=276727nm y=-404778nm
2026-08-18 06:56:15,708 - corrector.core.run - INFO - Random-walk step 5058/7000: motor target x=275998nm y=-404689nm
2026-08-18 06:56:21,265 - corrector.core.run - INFO - Random-walk step 5059/7000: motor target x=281847nm y=-404930nm
2026-08-18 06:56:26,824 - corrector.core.run - INFO - Random-walk step 5060/7000: motor target x=281857nm y=-405115nm
2026-08-18 06:56:32,725 - corrector.core.run - INFO - Random-walk step 5061/7000: motor target x=284610nm y=-412604nm
2026-08-18 06:56:38,412 - corrector.core.run - INFO - Random-walk step 5062/7000: motor target x=288256nm y=-414641nm
2026-08-18 06:56:44,070 - corrector.core.run - INFO - Random-walk step 5063/7000: motor target x=288282nm y=-414954nm
2026-08-18 06:56:50,032 - corrector.core.run - INFO - Random-walk step 5064/7000: motor target x=287470nm y=-413142nm
2026-08-18 06:56:55,757 - corrector.core.run - INFO - Random-walk step 5065/7000: motor target x=288306nm y=-411092nm
2026-08-18 06:57:01,331 - corrector.core.run - INFO - Random-walk step 5066/7000: motor target x=287912nm y=-410927nm
2026-08-18 06:57:06,930 - corrector.core.run - INFO - Random-walk step 5067/7000: motor target x=288002nm y=-411091nm
2026-08-18 06:57:12,771 - corrector.core.run - INFO - Random-walk step 5068/7000: motor target x=289905nm y=-413675nm
2026-08-18 06:57:18,829 - corrector.core.run - INFO - Random-walk step 5069/7000: motor target x=290897nm y=-414718nm
2026-08-18 06:57:24,122 - corrector.core.run - INFO - Random-walk step 5070/7000: motor target x=291126nm y=-414622nm
2026-08-18 06:57:30,292 - corrector.core.run - INFO - Random-walk step 5071/7000: motor target x=289967nm y=-415502nm
2026-08-18 06:57:35,633 - corrector.core.run - INFO - Random-walk step 5072/7000: motor target x=294586nm y=-417029nm
2026-08-18 06:57:41,313 - corrector.core.run - INFO - Random-walk step 5073/7000: motor target x=294438nm y=-416821nm
2026-08-18 06:57:46,968 - corrector.core.run - INFO - Random-walk step 5074/7000: motor target x=294548nm y=-416781nm
2026-08-18 06:57:52,867 - corrector.core.run - INFO - Random-walk step 5075/7000: motor target x=294692nm y=-414970nm
2026-08-18 06:57:58,531 - corrector.core.run - INFO - Random-walk step 5076/7000: motor target x=296757nm y=-410490nm
2026-08-18 06:58:04,443 - corrector.core.run - INFO - Random-walk step 5077/7000: motor target x=300621nm y=-409923nm
2026-08-18 06:58:10,127 - corrector.core.run - INFO - Random-walk step 5078/7000: motor target x=300238nm y=-409394nm
2026-08-18 06:58:16,058 - corrector.core.run - INFO - Random-walk step 5079/7000: motor target x=299144nm y=-411558nm
2026-08-18 06:58:21,565 - corrector.core.run - INFO - Random-walk step 5080/7000: motor target x=298928nm y=-412019nm
2026-08-18 06:58:27,653 - corrector.core.run - INFO - Random-walk step 5081/7000: motor target x=301626nm y=-410553nm
2026-08-18 06:58:33,125 - corrector.core.run - INFO - Random-walk step 5082/7000: motor target x=304961nm y=-411305nm
2026-08-18 06:58:38,632 - corrector.core.run - INFO - Random-walk step 5083/7000: motor target x=303054nm y=-411641nm
2026-08-18 06:58:44,809 - corrector.core.run - INFO - Random-walk step 5084/7000: motor target x=303997nm y=-410265nm
2026-08-18 06:58:50,310 - corrector.core.run - INFO - Random-walk step 5085/7000: motor target x=303181nm y=-410108nm
2026-08-18 06:58:55,754 - corrector.core.run - INFO - Random-walk step 5086/7000: motor target x=303456nm y=-410071nm
2026-08-18 06:59:01,554 - corrector.core.run - INFO - Random-walk step 5087/7000: motor target x=301456nm y=-409866nm
2026-08-18 06:59:07,284 - corrector.core.run - INFO - Random-walk step 5088/7000: motor target x=300996nm y=-409774nm
2026-08-18 06:59:13,256 - corrector.core.run - INFO - Random-walk step 5089/7000: motor target x=300094nm y=-408871nm
2026-08-18 06:59:18,697 - corrector.core.run - INFO - Random-walk step 5090/7000: motor target x=300378nm y=-408637nm
2026-08-18 06:59:24,725 - corrector.core.run - INFO - Random-walk step 5091/7000: motor target x=300326nm y=-407639nm
2026-08-18 06:59:30,222 - corrector.core.run - INFO - Random-walk step 5092/7000: motor target x=299922nm y=-407421nm
2026-08-18 06:59:36,321 - corrector.core.run - INFO - Random-walk step 5093/7000: motor target x=300373nm y=-408840nm
2026-08-18 06:59:41,630 - corrector.core.run - INFO - Random-walk step 5094/7000: motor target x=296699nm y=-406450nm
2026-08-18 06:59:47,322 - corrector.core.run - INFO - Random-walk step 5095/7000: motor target x=294721nm y=-409171nm
2026-08-18 06:59:53,357 - corrector.core.run - INFO - Random-walk step 5096/7000: motor target x=295103nm y=-410220nm
2026-08-18 07:00:02,041 - corrector.core.run - INFO - Random-walk step 5097/7000: motor target x=296244nm y=-410396nm
2026-08-18 07:00:08,351 - corrector.core.run - INFO - Random-walk step 5098/7000: motor target x=295845nm y=-409389nm
2026-08-18 07:00:13,610 - corrector.core.run - INFO - Random-walk step 5099/7000: motor target x=295780nm y=-409407nm
2026-08-18 07:00:19,680 - corrector.core.run - INFO - Random-walk step 5100/7000: motor target x=295080nm y=-414197nm
2026-08-18 07:00:25,253 - corrector.core.run - INFO - Random-walk step 5101/7000: motor target x=299514nm y=-414706nm
2026-08-18 07:00:30,979 - corrector.core.run - INFO - Random-walk step 5102/7000: motor target x=299275nm y=-415149nm
2026-08-18 07:00:36,678 - corrector.core.run - INFO - Random-walk step 5103/7000: motor target x=299109nm y=-414817nm
2026-08-18 07:00:42,320 - corrector.core.run - INFO - Random-walk step 5104/7000: motor target x=299051nm y=-414727nm
2026-08-18 07:00:48,205 - corrector.core.run - INFO - Random-walk step 5105/7000: motor target x=300671nm y=-415150nm
2026-08-18 07:00:53,789 - corrector.core.run - INFO - Random-walk step 5106/7000: motor target x=300650nm y=-415460nm
2026-08-18 07:00:59,539 - corrector.core.run - INFO - Random-walk step 5107/7000: motor target x=296254nm y=-415770nm
2026-08-18 07:01:05,463 - corrector.core.run - INFO - Random-walk step 5108/7000: motor target x=295576nm y=-411746nm
2026-08-18 07:01:11,460 - corrector.core.run - INFO - Random-walk step 5109/7000: motor target x=294682nm y=-413053nm
2026-08-18 07:01:16,673 - corrector.core.run - INFO - Random-walk step 5110/7000: motor target x=294542nm y=-413014nm
2026-08-18 07:01:22,497 - corrector.core.run - INFO - Random-walk step 5111/7000: motor target x=294856nm y=-412956nm
2026-08-18 07:01:28,550 - corrector.core.run - INFO - Random-walk step 5112/7000: motor target x=298553nm y=-414102nm
2026-08-18 07:01:33,801 - corrector.core.run - INFO - Random-walk step 5113/7000: motor target x=298704nm y=-414015nm
2026-08-18 07:01:39,642 - corrector.core.run - INFO - Random-walk step 5114/7000: motor target x=298964nm y=-413716nm
2026-08-18 07:01:45,256 - corrector.core.run - INFO - Random-walk step 5115/7000: motor target x=298903nm y=-413661nm
2026-08-18 07:01:51,122 - corrector.core.run - INFO - Random-walk step 5116/7000: motor target x=298620nm y=-413485nm
2026-08-18 07:01:56,855 - corrector.core.run - INFO - Random-walk step 5117/7000: motor target x=294599nm y=-415339nm
2026-08-18 07:02:02,652 - corrector.core.run - INFO - Random-walk step 5118/7000: motor target x=291596nm y=-411417nm
2026-08-18 07:02:08,532 - corrector.core.run - INFO - Random-walk step 5119/7000: motor target x=290761nm y=-411800nm
2026-08-18 07:02:14,310 - corrector.core.run - INFO - Random-walk step 5120/7000: motor target x=290585nm y=-412844nm
2026-08-18 07:02:19,709 - corrector.core.run - INFO - Random-walk step 5121/7000: motor target x=290283nm y=-410993nm
2026-08-18 07:02:25,346 - corrector.core.run - INFO - Random-walk step 5122/7000: motor target x=290371nm y=-411001nm
2026-08-18 07:02:31,429 - corrector.core.run - INFO - Random-walk step 5123/7000: motor target x=290222nm y=-411905nm
2026-08-18 07:02:36,984 - corrector.core.run - INFO - Random-walk step 5124/7000: motor target x=281543nm y=-409340nm
2026-08-18 07:02:43,098 - corrector.core.run - INFO - Random-walk step 5125/7000: motor target x=280140nm y=-408646nm
2026-08-18 07:02:48,793 - corrector.core.run - INFO - Random-walk step 5126/7000: motor target x=284254nm y=-410055nm
2026-08-18 07:02:54,554 - corrector.core.run - INFO - Random-walk step 5127/7000: motor target x=285697nm y=-411838nm
2026-08-18 07:02:59,787 - corrector.core.run - INFO - Random-walk step 5128/7000: motor target x=285347nm y=-411930nm
2026-08-18 07:03:05,778 - corrector.core.run - INFO - Random-walk step 5129/7000: motor target x=286094nm y=-408574nm
2026-08-18 07:03:11,145 - corrector.core.run - INFO - Random-walk step 5130/7000: motor target x=286010nm y=-408580nm
2026-08-18 07:03:17,255 - corrector.core.run - INFO - Random-walk step 5131/7000: motor target x=286377nm y=-409484nm
2026-08-18 07:03:22,631 - corrector.core.run - INFO - Random-walk step 5132/7000: motor target x=286454nm y=-409676nm
2026-08-18 07:03:28,611 - corrector.core.run - INFO - Random-walk step 5133/7000: motor target x=286414nm y=-408989nm
2026-08-18 07:03:34,355 - corrector.core.run - INFO - Random-walk step 5134/7000: motor target x=286812nm y=-409707nm
2026-08-18 07:03:40,340 - corrector.core.run - INFO - Random-walk step 5135/7000: motor target x=288080nm y=-408326nm
2026-08-18 07:03:45,973 - corrector.core.run - INFO - Random-walk step 5136/7000: motor target x=289777nm y=-407140nm
2026-08-18 07:03:51,331 - corrector.core.run - INFO - Random-walk step 5137/7000: motor target x=287460nm y=-414198nm
2026-08-18 07:03:57,296 - corrector.core.run - INFO - Random-walk step 5138/7000: motor target x=287943nm y=-413361nm
2026-08-18 07:04:03,232 - corrector.core.run - INFO - Random-walk step 5139/7000: motor target x=289176nm y=-413047nm
2026-08-18 07:04:08,665 - corrector.core.run - INFO - Random-walk step 5140/7000: motor target x=289250nm y=-413760nm
2026-08-18 07:04:14,552 - corrector.core.run - INFO - Random-walk step 5141/7000: motor target x=290220nm y=-415489nm
2026-08-18 07:04:20,178 - corrector.core.run - INFO - Random-walk step 5142/7000: motor target x=290971nm y=-415358nm
2026-08-18 07:04:27,387 - corrector.core.run - INFO - Random-walk step 5143/7000: motor target x=290722nm y=-416161nm
2026-08-18 07:04:33,494 - corrector.core.run - INFO - Random-walk step 5144/7000: motor target x=290857nm y=-417614nm
2026-08-18 07:04:38,764 - corrector.core.run - INFO - Random-walk step 5145/7000: motor target x=290797nm y=-416984nm
2026-08-18 07:04:44,613 - corrector.core.run - INFO - Random-walk step 5146/7000: motor target x=291572nm y=-418638nm
2026-08-18 07:04:51,948 - corrector.core.run - INFO - Random-walk step 5147/7000: motor target x=288658nm y=-419721nm
2026-08-18 07:04:57,231 - corrector.core.run - INFO - Random-walk step 5148/7000: motor target x=288662nm y=-419780nm
2026-08-18 07:05:03,393 - corrector.core.run - INFO - Random-walk step 5149/7000: motor target x=287695nm y=-420661nm
2026-08-18 07:05:08,837 - corrector.core.run - INFO - Random-walk step 5150/7000: motor target x=288166nm y=-420917nm
2026-08-18 07:05:14,444 - corrector.core.run - INFO - Random-walk step 5151/7000: motor target x=288229nm y=-420692nm
2026-08-18 07:05:20,167 - corrector.core.run - INFO - Random-walk step 5152/7000: motor target x=288377nm y=-420755nm
2026-08-18 07:05:26,264 - corrector.core.run - INFO - Random-walk step 5153/7000: motor target x=290086nm y=-419779nm
2026-08-18 07:05:32,117 - corrector.core.run - INFO - Random-walk step 5154/7000: motor target x=291314nm y=-418782nm
2026-08-18 07:05:37,713 - corrector.core.run - INFO - Random-walk step 5155/7000: motor target x=295937nm y=-417892nm
2026-08-18 07:05:44,968 - corrector.core.run - INFO - Random-walk step 5156/7000: motor target x=296874nm y=-417756nm
2026-08-18 07:05:50,405 - corrector.core.run - INFO - Random-walk step 5157/7000: motor target x=296707nm y=-417931nm
2026-08-18 07:05:56,081 - corrector.core.run - INFO - Random-walk step 5158/7000: motor target x=296959nm y=-418013nm
2026-08-18 07:06:01,921 - corrector.core.run - INFO - Random-walk step 5159/7000: motor target x=293708nm y=-419856nm
2026-08-18 07:06:07,473 - corrector.core.run - INFO - Random-walk step 5160/7000: motor target x=293668nm y=-419965nm
2026-08-18 07:06:13,503 - corrector.core.run - INFO - Random-walk step 5161/7000: motor target x=293339nm y=-420669nm
2026-08-18 07:06:19,235 - corrector.core.run - INFO - Random-walk step 5162/7000: motor target x=294099nm y=-418433nm
2026-08-18 07:06:25,086 - corrector.core.run - INFO - Random-walk step 5163/7000: motor target x=292986nm y=-423667nm
2026-08-18 07:06:30,391 - corrector.core.run - INFO - Random-walk step 5164/7000: motor target x=292924nm y=-423686nm
2026-08-18 07:06:36,438 - corrector.core.run - INFO - Random-walk step 5165/7000: motor target x=293598nm y=-423499nm
2026-08-18 07:06:42,124 - corrector.core.run - INFO - Random-walk step 5166/7000: motor target x=293573nm y=-424112nm
2026-08-18 07:06:47,630 - corrector.core.run - INFO - Random-walk step 5167/7000: motor target x=290392nm y=-420080nm
2026-08-18 07:06:53,479 - corrector.core.run - INFO - Random-walk step 5168/7000: motor target x=290335nm y=-419657nm
2026-08-18 07:06:59,088 - corrector.core.run - INFO - Random-walk step 5169/7000: motor target x=283849nm y=-422256nm
2026-08-18 07:07:04,802 - corrector.core.run - INFO - Random-walk step 5170/7000: motor target x=283602nm y=-422289nm
2026-08-18 07:07:10,620 - corrector.core.run - INFO - Random-walk step 5171/7000: motor target x=283312nm y=-422354nm
2026-08-18 07:07:16,638 - corrector.core.run - INFO - Random-walk step 5172/7000: motor target x=284517nm y=-422467nm
2026-08-18 07:07:22,172 - corrector.core.run - INFO - Random-walk step 5173/7000: motor target x=283863nm y=-421753nm
2026-08-18 07:07:27,650 - corrector.core.run - INFO - Random-walk step 5174/7000: motor target x=283893nm y=-421858nm
2026-08-18 07:07:33,684 - corrector.core.run - INFO - Random-walk step 5175/7000: motor target x=284652nm y=-420027nm
2026-08-18 07:07:39,576 - corrector.core.run - INFO - Random-walk step 5176/7000: motor target x=283463nm y=-420264nm
2026-08-18 07:07:44,914 - corrector.core.run - INFO - Random-walk step 5177/7000: motor target x=283635nm y=-420527nm
2026-08-18 07:07:50,907 - corrector.core.run - INFO - Random-walk step 5178/7000: motor target x=283757nm y=-419638nm
2026-08-18 07:07:56,356 - corrector.core.run - INFO - Random-walk step 5179/7000: motor target x=286492nm y=-415777nm
2026-08-18 07:08:02,957 - corrector.core.run - INFO - Random-walk step 5180/7000: motor target x=285925nm y=-416282nm
2026-08-18 07:08:09,376 - corrector.core.run - INFO - Random-walk step 5181/7000: motor target x=285874nm y=-416469nm
2026-08-18 07:08:15,509 - corrector.core.run - INFO - Random-walk step 5182/7000: motor target x=287963nm y=-417804nm
2026-08-18 07:08:20,807 - corrector.core.run - INFO - Random-walk step 5183/7000: motor target x=288192nm y=-417666nm
2026-08-18 07:08:29,335 - corrector.core.run - INFO - Random-walk step 5184/7000: motor target x=288585nm y=-416378nm
2026-08-18 07:08:35,789 - corrector.core.run - INFO - Random-walk step 5185/7000: motor target x=287269nm y=-415290nm
2026-08-18 07:08:41,083 - corrector.core.run - INFO - Random-walk step 5186/7000: motor target x=285399nm y=-414991nm
2026-08-18 07:08:46,825 - corrector.core.run - INFO - Random-walk step 5187/7000: motor target x=279365nm y=-413227nm
2026-08-18 07:08:54,306 - corrector.core.run - INFO - Random-walk step 5188/7000: motor target x=279375nm y=-413836nm
2026-08-18 07:09:00,809 - corrector.core.run - INFO - Random-walk step 5189/7000: motor target x=278362nm y=-413690nm
2026-08-18 07:09:06,268 - corrector.core.run - INFO - Random-walk step 5190/7000: motor target x=278716nm y=-411334nm
2026-08-18 07:09:11,914 - corrector.core.run - INFO - Random-walk step 5191/7000: motor target x=278494nm y=-411374nm
2026-08-18 07:09:17,743 - corrector.core.run - INFO - Random-walk step 5192/7000: motor target x=278216nm y=-413516nm
2026-08-18 07:09:23,638 - corrector.core.run - INFO - Random-walk step 5193/7000: motor target x=278209nm y=-414146nm
2026-08-18 07:09:29,549 - corrector.core.run - INFO - Random-walk step 5194/7000: motor target x=277350nm y=-415219nm
2026-08-18 07:09:34,983 - corrector.core.run - INFO - Random-walk step 5195/7000: motor target x=274601nm y=-415381nm
2026-08-18 07:09:40,686 - corrector.core.run - INFO - Random-walk step 5196/7000: motor target x=277776nm y=-415860nm
2026-08-18 07:09:46,769 - corrector.core.run - INFO - Random-walk step 5197/7000: motor target x=278103nm y=-417158nm
2026-08-18 07:09:52,045 - corrector.core.run - INFO - Random-walk step 5198/7000: motor target x=278117nm y=-417441nm
2026-08-18 07:09:58,037 - corrector.core.run - INFO - Random-walk step 5199/7000: motor target x=277398nm y=-416972nm
2026-08-18 07:10:03,770 - corrector.core.run - INFO - Random-walk step 5200/7000: motor target x=275788nm y=-417696nm
2026-08-18 07:10:09,250 - corrector.core.run - INFO - Random-walk step 5201/7000: motor target x=276025nm y=-417407nm
2026-08-18 07:10:15,334 - corrector.core.run - INFO - Random-walk step 5202/7000: motor target x=278518nm y=-418251nm
2026-08-18 07:10:20,976 - corrector.core.run - INFO - Random-walk step 5203/7000: motor target x=277973nm y=-419122nm
2026-08-18 07:10:26,728 - corrector.core.run - INFO - Random-walk step 5204/7000: motor target x=278911nm y=-417092nm
2026-08-18 07:10:32,678 - corrector.core.run - INFO - Random-walk step 5205/7000: motor target x=278169nm y=-415645nm
2026-08-18 07:10:37,990 - corrector.core.run - INFO - Random-walk step 5206/7000: motor target x=278407nm y=-415205nm
2026-08-18 07:10:44,151 - corrector.core.run - INFO - Random-walk step 5207/7000: motor target x=279889nm y=-416517nm
2026-08-18 07:10:49,575 - corrector.core.run - INFO - Random-walk step 5208/7000: motor target x=281490nm y=-415788nm
2026-08-18 07:10:55,464 - corrector.core.run - INFO - Random-walk step 5209/7000: motor target x=280552nm y=-413879nm
2026-08-18 07:11:00,825 - corrector.core.run - INFO - Random-walk step 5210/7000: motor target x=280135nm y=-413637nm
2026-08-18 07:11:06,775 - corrector.core.run - INFO - Random-walk step 5211/7000: motor target x=280892nm y=-412014nm
2026-08-18 07:11:12,378 - corrector.core.run - INFO - Random-walk step 5212/7000: motor target x=281536nm y=-411870nm
2026-08-18 07:11:18,396 - corrector.core.run - INFO - Random-walk step 5213/7000: motor target x=280262nm y=-411867nm
2026-08-18 07:11:23,635 - corrector.core.run - INFO - Random-walk step 5214/7000: motor target x=280323nm y=-411989nm
2026-08-18 07:11:29,445 - corrector.core.run - INFO - Random-walk step 5215/7000: motor target x=280574nm y=-412372nm
2026-08-18 07:11:35,277 - corrector.core.run - INFO - Random-walk step 5216/7000: motor target x=280801nm y=-412859nm
2026-08-18 07:11:41,395 - corrector.core.run - INFO - Random-walk step 5217/7000: motor target x=279232nm y=-412969nm
2026-08-18 07:11:46,861 - corrector.core.run - INFO - Random-walk step 5218/7000: motor target x=281222nm y=-413776nm
2026-08-18 07:11:52,717 - corrector.core.run - INFO - Random-walk step 5219/7000: motor target x=282424nm y=-414335nm
2026-08-18 07:11:58,054 - corrector.core.run - INFO - Random-walk step 5220/7000: motor target x=275970nm y=-411787nm
2026-08-18 07:12:03,770 - corrector.core.run - INFO - Random-walk step 5221/7000: motor target x=276205nm y=-415837nm
2026-08-18 07:12:09,884 - corrector.core.run - INFO - Random-walk step 5222/7000: motor target x=275090nm y=-413924nm
2026-08-18 07:12:15,306 - corrector.core.run - INFO - Random-walk step 5223/7000: motor target x=274641nm y=-414084nm
2026-08-18 07:12:21,214 - corrector.core.run - INFO - Random-walk step 5224/7000: motor target x=276433nm y=-414828nm
2026-08-18 07:12:26,999 - corrector.core.run - INFO - Random-walk step 5225/7000: motor target x=275548nm y=-414950nm
2026-08-18 07:12:32,418 - corrector.core.run - INFO - Random-walk step 5226/7000: motor target x=279385nm y=-412915nm
2026-08-18 07:12:38,930 - corrector.core.run - INFO - Random-walk step 5227/7000: motor target x=279189nm y=-412851nm
2026-08-18 07:12:44,072 - corrector.core.run - INFO - Random-walk step 5228/7000: motor target x=278807nm y=-413475nm
2026-08-18 07:12:49,998 - corrector.core.run - INFO - Random-walk step 5229/7000: motor target x=277557nm y=-414985nm
2026-08-18 07:12:56,119 - corrector.core.run - INFO - Random-walk step 5230/7000: motor target x=277858nm y=-414733nm
2026-08-18 07:13:02,725 - corrector.core.run - INFO - Random-walk step 5231/7000: motor target x=279965nm y=-414207nm
2026-08-18 07:13:08,962 - corrector.core.run - INFO - Random-walk step 5232/7000: motor target x=279901nm y=-411846nm
2026-08-18 07:13:14,740 - corrector.core.run - INFO - Random-walk step 5233/7000: motor target x=273106nm y=-406427nm
2026-08-18 07:13:21,271 - corrector.core.run - INFO - Random-walk step 5234/7000: motor target x=272929nm y=-406348nm
2026-08-18 07:13:27,521 - corrector.core.run - INFO - Random-walk step 5235/7000: motor target x=272394nm y=-408600nm
2026-08-18 07:13:33,416 - corrector.core.run - INFO - Random-walk step 5236/7000: motor target x=273329nm y=-406649nm
2026-08-18 07:13:38,860 - corrector.core.run - INFO - Random-walk step 5237/7000: motor target x=273094nm y=-406257nm
2026-08-18 07:13:44,609 - corrector.core.run - INFO - Random-walk step 5238/7000: motor target x=272986nm y=-406669nm
2026-08-18 07:13:50,247 - corrector.core.run - INFO - Random-walk step 5239/7000: motor target x=272842nm y=-406856nm
2026-08-18 07:13:55,993 - corrector.core.run - INFO - Random-walk step 5240/7000: motor target x=272652nm y=-406719nm
2026-08-18 07:14:02,064 - corrector.core.run - INFO - Random-walk step 5241/7000: motor target x=274961nm y=-407637nm
2026-08-18 07:14:07,391 - corrector.core.run - INFO - Random-walk step 5242/7000: motor target x=275033nm y=-407666nm
2026-08-18 07:14:13,149 - corrector.core.run - INFO - Random-walk step 5243/7000: motor target x=274944nm y=-407550nm
2026-08-18 07:14:19,079 - corrector.core.run - INFO - Random-walk step 5244/7000: motor target x=274592nm y=-407103nm
2026-08-18 07:14:24,639 - corrector.core.run - INFO - Random-walk step 5245/7000: motor target x=274802nm y=-410308nm
2026-08-18 07:14:30,791 - corrector.core.run - INFO - Random-walk step 5246/7000: motor target x=273752nm y=-411489nm
2026-08-18 07:14:36,196 - corrector.core.run - INFO - Random-walk step 5247/7000: motor target x=274077nm y=-413099nm
2026-08-18 07:14:42,121 - corrector.core.run - INFO - Random-walk step 5248/7000: motor target x=273977nm y=-414058nm
2026-08-18 07:14:47,598 - corrector.core.run - INFO - Random-walk step 5249/7000: motor target x=273884nm y=-414514nm
2026-08-18 07:14:54,816 - corrector.core.run - INFO - Random-walk step 5250/7000: motor target x=273770nm y=-414133nm
2026-08-18 07:15:03,722 - corrector.core.run - INFO - Random-walk step 5251/7000: motor target x=274082nm y=-414663nm
2026-08-18 07:15:12,322 - corrector.core.run - INFO - Random-walk step 5252/7000: motor target x=276374nm y=-416934nm
2026-08-18 07:15:18,340 - corrector.core.run - INFO - Random-walk step 5253/7000: motor target x=277035nm y=-417777nm
2026-08-18 07:15:23,883 - corrector.core.run - INFO - Random-walk step 5254/7000: motor target x=276442nm y=-417920nm
2026-08-18 07:15:29,528 - corrector.core.run - INFO - Random-walk step 5255/7000: motor target x=278088nm y=-419465nm
2026-08-18 07:15:35,426 - corrector.core.run - INFO - Random-walk step 5256/7000: motor target x=278208nm y=-418745nm
2026-08-18 07:15:41,265 - corrector.core.run - INFO - Random-walk step 5257/7000: motor target x=278102nm y=-419699nm
2026-08-18 07:15:47,192 - corrector.core.run - INFO - Random-walk step 5258/7000: motor target x=279275nm y=-418825nm
2026-08-18 07:15:52,419 - corrector.core.run - INFO - Random-walk step 5259/7000: motor target x=276854nm y=-416120nm
2026-08-18 07:15:58,056 - corrector.core.run - INFO - Random-walk step 5260/7000: motor target x=276949nm y=-416139nm
2026-08-18 07:16:03,866 - corrector.core.run - INFO - Random-walk step 5261/7000: motor target x=277197nm y=-416186nm
2026-08-18 07:16:09,595 - corrector.core.run - INFO - Random-walk step 5262/7000: motor target x=277388nm y=-416289nm
2026-08-18 07:16:15,527 - corrector.core.run - INFO - Random-walk step 5263/7000: motor target x=276802nm y=-416624nm
2026-08-18 07:16:21,245 - corrector.core.run - INFO - Random-walk step 5264/7000: motor target x=276379nm y=-417230nm
2026-08-18 07:16:26,773 - corrector.core.run - INFO - Random-walk step 5265/7000: motor target x=276433nm y=-417545nm
2026-08-18 07:16:32,485 - corrector.core.run - INFO - Random-walk step 5266/7000: motor target x=274420nm y=-415932nm
2026-08-18 07:16:38,235 - corrector.core.run - INFO - Random-walk step 5267/7000: motor target x=274731nm y=-416104nm
2026-08-18 07:16:44,305 - corrector.core.run - INFO - Random-walk step 5268/7000: motor target x=275824nm y=-416202nm
2026-08-18 07:16:49,583 - corrector.core.run - INFO - Random-walk step 5269/7000: motor target x=275864nm y=-416099nm
2026-08-18 07:16:55,643 - corrector.core.run - INFO - Random-walk step 5270/7000: motor target x=275891nm y=-416978nm
2026-08-18 07:17:01,455 - corrector.core.run - INFO - Random-walk step 5271/7000: motor target x=274835nm y=-413321nm
2026-08-18 07:17:06,784 - corrector.core.run - INFO - Random-walk step 5272/7000: motor target x=274947nm y=-413348nm
2026-08-18 07:17:12,719 - corrector.core.run - INFO - Random-walk step 5273/7000: motor target x=275478nm y=-413362nm
2026-08-18 07:17:18,638 - corrector.core.run - INFO - Random-walk step 5274/7000: motor target x=274671nm y=-412420nm
2026-08-18 07:17:24,492 - corrector.core.run - INFO - Random-walk step 5275/7000: motor target x=276073nm y=-411983nm
2026-08-18 07:17:29,704 - corrector.core.run - INFO - Random-walk step 5276/7000: motor target x=275850nm y=-411903nm
2026-08-18 07:17:35,500 - corrector.core.run - INFO - Random-walk step 5277/7000: motor target x=276116nm y=-411534nm
2026-08-18 07:17:41,390 - corrector.core.run - INFO - Random-walk step 5278/7000: motor target x=276783nm y=-411921nm
2026-08-18 07:17:46,931 - corrector.core.run - INFO - Random-walk step 5279/7000: motor target x=276813nm y=-412256nm
2026-08-18 07:17:52,878 - corrector.core.run - INFO - Random-walk step 5280/7000: motor target x=277566nm y=-411622nm
2026-08-18 07:17:58,455 - corrector.core.run - INFO - Random-walk step 5281/7000: motor target x=276952nm y=-411800nm
2026-08-18 07:18:04,094 - corrector.core.run - INFO - Random-walk step 5282/7000: motor target x=283457nm y=-407952nm
2026-08-18 07:18:09,714 - corrector.core.run - INFO - Random-walk step 5283/7000: motor target x=283495nm y=-403380nm
2026-08-18 07:18:15,711 - corrector.core.run - INFO - Random-walk step 5284/7000: motor target x=282997nm y=-400136nm
2026-08-18 07:18:21,476 - corrector.core.run - INFO - Random-walk step 5285/7000: motor target x=282246nm y=-400215nm
2026-08-18 07:18:27,256 - corrector.core.run - INFO - Random-walk step 5286/7000: motor target x=281296nm y=-401820nm
2026-08-18 07:18:33,009 - corrector.core.run - INFO - Random-walk step 5287/7000: motor target x=280366nm y=-401645nm
2026-08-18 07:18:38,622 - corrector.core.run - INFO - Random-walk step 5288/7000: motor target x=280237nm y=-400947nm
2026-08-18 07:18:44,131 - corrector.core.run - INFO - Random-walk step 5289/7000: motor target x=280491nm y=-401013nm
2026-08-18 07:18:50,056 - corrector.core.run - INFO - Random-walk step 5290/7000: motor target x=281000nm y=-403431nm
2026-08-18 07:18:55,847 - corrector.core.run - INFO - Random-walk step 5291/7000: motor target x=280283nm y=-403830nm
2026-08-18 07:19:01,337 - corrector.core.run - INFO - Random-walk step 5292/7000: motor target x=273329nm y=-403986nm
2026-08-18 07:19:07,029 - corrector.core.run - INFO - Random-walk step 5293/7000: motor target x=273494nm y=-403800nm
2026-08-18 07:19:13,037 - corrector.core.run - INFO - Random-walk step 5294/7000: motor target x=273681nm y=-404635nm
2026-08-18 07:19:18,777 - corrector.core.run - INFO - Random-walk step 5295/7000: motor target x=272837nm y=-404697nm
2026-08-18 07:19:24,500 - corrector.core.run - INFO - Random-walk step 5296/7000: motor target x=272444nm y=-405449nm
2026-08-18 07:19:30,446 - corrector.core.run - INFO - Random-walk step 5297/7000: motor target x=273011nm y=-406778nm
2026-08-18 07:19:35,710 - corrector.core.run - INFO - Random-walk step 5298/7000: motor target x=276770nm y=-409755nm
2026-08-18 07:19:41,637 - corrector.core.run - INFO - Random-walk step 5299/7000: motor target x=278299nm y=-409074nm
2026-08-18 07:19:47,188 - corrector.core.run - INFO - Random-walk step 5300/7000: motor target x=278630nm y=-409417nm
2026-08-18 07:19:52,798 - corrector.core.run - INFO - Random-walk step 5301/7000: motor target x=278723nm y=-409303nm
2026-08-18 07:19:58,652 - corrector.core.run - INFO - Random-walk step 5302/7000: motor target x=279096nm y=-409627nm
2026-08-18 07:20:04,381 - corrector.core.run - INFO - Random-walk step 5303/7000: motor target x=279574nm y=-409728nm
2026-08-18 07:20:10,297 - corrector.core.run - INFO - Random-walk step 5304/7000: motor target x=279877nm y=-410519nm
2026-08-18 07:20:15,963 - corrector.core.run - INFO - Random-walk step 5305/7000: motor target x=280487nm y=-410687nm
2026-08-18 07:20:21,652 - corrector.core.run - INFO - Random-walk step 5306/7000: motor target x=277581nm y=-410164nm
2026-08-18 07:20:27,164 - corrector.core.run - INFO - Random-walk step 5307/7000: motor target x=277492nm y=-410351nm
2026-08-18 07:20:33,122 - corrector.core.run - INFO - Random-walk step 5308/7000: motor target x=277517nm y=-410976nm
2026-08-18 07:20:38,934 - corrector.core.run - INFO - Random-walk step 5309/7000: motor target x=278049nm y=-411625nm
2026-08-18 07:20:45,936 - corrector.core.run - INFO - Random-walk step 5310/7000: motor target x=280845nm y=-411729nm
2026-08-18 07:20:51,631 - corrector.core.run - INFO - Random-walk step 5311/7000: motor target x=280982nm y=-409044nm
2026-08-18 07:20:57,309 - corrector.core.run - INFO - Random-walk step 5312/7000: motor target x=280908nm y=-409171nm
2026-08-18 07:21:03,407 - corrector.core.run - INFO - Random-walk step 5313/7000: motor target x=281798nm y=-409314nm
2026-08-18 07:21:11,758 - corrector.core.run - INFO - Random-walk step 5314/7000: motor target x=281818nm y=-409227nm
2026-08-18 07:21:17,478 - corrector.core.run - INFO - Random-walk step 5315/7000: motor target x=281781nm y=-409191nm
2026-08-18 07:21:23,677 - corrector.core.run - INFO - Random-walk step 5316/7000: motor target x=280631nm y=-411367nm
2026-08-18 07:21:29,249 - corrector.core.run - INFO - Random-walk step 5317/7000: motor target x=280502nm y=-410684nm
2026-08-18 07:21:37,993 - corrector.core.run - INFO - Random-walk step 5318/7000: motor target x=279842nm y=-407036nm
2026-08-18 07:21:43,633 - corrector.core.run - INFO - Random-walk step 5319/7000: motor target x=279423nm y=-406675nm
2026-08-18 07:21:49,216 - corrector.core.run - INFO - Random-walk step 5320/7000: motor target x=279574nm y=-406828nm
2026-08-18 07:21:55,210 - corrector.core.run - INFO - Random-walk step 5321/7000: motor target x=278885nm y=-407392nm
2026-08-18 07:22:02,619 - corrector.core.run - INFO - Random-walk step 5322/7000: motor target x=280121nm y=-405823nm
2026-08-18 07:22:09,591 - corrector.core.run - INFO - Random-walk step 5323/7000: motor target x=279512nm y=-405319nm
2026-08-18 07:22:15,208 - corrector.core.run - INFO - Random-walk step 5324/7000: motor target x=279776nm y=-405409nm
2026-08-18 07:22:21,398 - corrector.core.run - INFO - Random-walk step 5325/7000: motor target x=278366nm y=-407307nm
2026-08-18 07:22:28,607 - corrector.core.run - INFO - Random-walk step 5326/7000: motor target x=277102nm y=-407579nm
2026-08-18 07:22:34,413 - corrector.core.run - INFO - Random-walk step 5327/7000: motor target x=278330nm y=-406216nm
2026-08-18 07:22:39,707 - corrector.core.run - INFO - Random-walk step 5328/7000: motor target x=278862nm y=-406250nm
2026-08-18 07:22:45,369 - corrector.core.run - INFO - Random-walk step 5329/7000: motor target x=278552nm y=-406361nm
2026-08-18 07:22:51,101 - corrector.core.run - INFO - Random-walk step 5330/7000: motor target x=278861nm y=-406221nm
2026-08-18 07:22:56,950 - corrector.core.run - INFO - Random-walk step 5331/7000: motor target x=279355nm y=-404285nm
2026-08-18 07:23:02,812 - corrector.core.run - INFO - Random-walk step 5332/7000: motor target x=278506nm y=-403458nm
2026-08-18 07:23:08,162 - corrector.core.run - INFO - Random-walk step 5333/7000: motor target x=278548nm y=-403388nm
2026-08-18 07:23:14,771 - corrector.core.run - INFO - Random-walk step 5334/7000: motor target x=282836nm y=-403313nm
2026-08-18 07:23:19,930 - corrector.core.run - INFO - Random-walk step 5335/7000: motor target x=282251nm y=-400314nm
2026-08-18 07:23:25,454 - corrector.core.run - INFO - Random-walk step 5336/7000: motor target x=282478nm y=-400225nm
2026-08-18 07:23:31,510 - corrector.core.run - INFO - Random-walk step 5337/7000: motor target x=282911nm y=-401293nm
2026-08-18 07:23:36,942 - corrector.core.run - INFO - Random-walk step 5338/7000: motor target x=283029nm y=-401267nm
2026-08-18 07:23:42,942 - corrector.core.run - INFO - Random-walk step 5339/7000: motor target x=282980nm y=-400139nm
2026-08-18 07:23:48,405 - corrector.core.run - INFO - Random-walk step 5340/7000: motor target x=282957nm y=-400593nm
2026-08-18 07:23:54,177 - corrector.core.run - INFO - Random-walk step 5341/7000: motor target x=282535nm y=-400613nm
2026-08-18 07:23:59,842 - corrector.core.run - INFO - Random-walk step 5342/7000: motor target x=282432nm y=-400977nm
2026-08-18 07:24:05,569 - corrector.core.run - INFO - Random-walk step 5343/7000: motor target x=282182nm y=-400611nm
2026-08-18 07:24:12,839 - corrector.core.run - INFO - Random-walk step 5344/7000: motor target x=278833nm y=-402786nm
2026-08-18 07:24:18,649 - corrector.core.run - INFO - Random-walk step 5345/7000: motor target x=278282nm y=-402817nm
2026-08-18 07:24:24,249 - corrector.core.run - INFO - Random-walk step 5346/7000: motor target x=278517nm y=-402392nm
2026-08-18 07:24:30,683 - corrector.core.run - INFO - Random-walk step 5347/7000: motor target x=273946nm y=-402100nm
2026-08-18 07:24:36,052 - corrector.core.run - INFO - Random-walk step 5348/7000: motor target x=274630nm y=-403273nm
2026-08-18 07:24:43,121 - corrector.core.run - INFO - Random-walk step 5349/7000: motor target x=273916nm y=-403161nm
2026-08-18 07:24:48,913 - corrector.core.run - INFO - Random-walk step 5350/7000: motor target x=274780nm y=-404977nm
2026-08-18 07:24:54,651 - corrector.core.run - INFO - Random-walk step 5351/7000: motor target x=275772nm y=-405280nm
2026-08-18 07:24:59,976 - corrector.core.run - INFO - Random-walk step 5352/7000: motor target x=275798nm y=-405333nm
2026-08-18 07:25:06,251 - corrector.core.run - INFO - Random-walk step 5353/7000: motor target x=277210nm y=-410054nm
2026-08-18 07:25:11,751 - corrector.core.run - INFO - Random-walk step 5354/7000: motor target x=276343nm y=-410161nm
2026-08-18 07:25:17,518 - corrector.core.run - INFO - Random-walk step 5355/7000: motor target x=275410nm y=-409962nm
2026-08-18 07:25:23,045 - corrector.core.run - INFO - Random-walk step 5356/7000: motor target x=278193nm y=-417903nm
2026-08-18 07:25:28,779 - corrector.core.run - INFO - Random-walk step 5357/7000: motor target x=275738nm y=-417966nm
2026-08-18 07:25:34,789 - corrector.core.run - INFO - Random-walk step 5358/7000: motor target x=282162nm y=-416889nm
2026-08-18 07:25:40,054 - corrector.core.run - INFO - Random-walk step 5359/7000: motor target x=282173nm y=-416809nm
2026-08-18 07:25:46,118 - corrector.core.run - INFO - Random-walk step 5360/7000: motor target x=281326nm y=-416780nm
2026-08-18 07:25:51,643 - corrector.core.run - INFO - Random-walk step 5361/7000: motor target x=284007nm y=-414293nm
2026-08-18 07:25:57,776 - corrector.core.run - INFO - Random-walk step 5362/7000: motor target x=284065nm y=-415641nm
2026-08-18 07:26:03,032 - corrector.core.run - INFO - Random-walk step 5363/7000: motor target x=284039nm y=-415864nm
2026-08-18 07:26:08,859 - corrector.core.run - INFO - Random-walk step 5364/7000: motor target x=287948nm y=-413372nm
2026-08-18 07:26:14,850 - corrector.core.run - INFO - Random-walk step 5365/7000: motor target x=286915nm y=-416568nm
2026-08-18 07:26:20,848 - corrector.core.run - INFO - Random-walk step 5366/7000: motor target x=289590nm y=-415082nm
2026-08-18 07:26:26,493 - corrector.core.run - INFO - Random-walk step 5367/7000: motor target x=290880nm y=-416558nm
2026-08-18 07:26:31,636 - corrector.core.run - INFO - Random-walk step 5368/7000: motor target x=291001nm y=-416778nm
2026-08-18 07:26:37,345 - corrector.core.run - INFO - Random-walk step 5369/7000: motor target x=291123nm y=-416635nm
2026-08-18 07:26:43,203 - corrector.core.run - INFO - Random-walk step 5370/7000: motor target x=290567nm y=-416390nm
2026-08-18 07:26:48,849 - corrector.core.run - INFO - Random-walk step 5371/7000: motor target x=293205nm y=-419308nm
2026-08-18 07:26:54,845 - corrector.core.run - INFO - Random-walk step 5372/7000: motor target x=293757nm y=-420021nm
2026-08-18 07:27:00,381 - corrector.core.run - INFO - Random-walk step 5373/7000: motor target x=299099nm y=-420236nm
2026-08-18 07:27:06,331 - corrector.core.run - INFO - Random-walk step 5374/7000: motor target x=299608nm y=-419422nm
2026-08-18 07:27:12,187 - corrector.core.run - INFO - Random-walk step 5375/7000: motor target x=300910nm y=-418859nm
2026-08-18 07:27:17,675 - corrector.core.run - INFO - Random-walk step 5376/7000: motor target x=305534nm y=-418292nm
2026-08-18 07:27:23,719 - corrector.core.run - INFO - Random-walk step 5377/7000: motor target x=303778nm y=-419817nm
2026-08-18 07:27:29,197 - corrector.core.run - INFO - Random-walk step 5378/7000: motor target x=304532nm y=-415586nm
2026-08-18 07:27:35,053 - corrector.core.run - INFO - Random-walk step 5379/7000: motor target x=302895nm y=-416758nm
2026-08-18 07:27:40,693 - corrector.core.run - INFO - Random-walk step 5380/7000: motor target x=303883nm y=-417096nm
2026-08-18 07:27:46,234 - corrector.core.run - INFO - Random-walk step 5381/7000: motor target x=303424nm y=-417472nm
2026-08-18 07:27:52,246 - corrector.core.run - INFO - Random-walk step 5382/7000: motor target x=302875nm y=-418610nm
2026-08-18 07:27:58,020 - corrector.core.run - INFO - Random-walk step 5383/7000: motor target x=301685nm y=-419671nm
2026-08-18 07:28:03,384 - corrector.core.run - INFO - Random-walk step 5384/7000: motor target x=301295nm y=-420028nm
2026-08-18 07:28:09,040 - corrector.core.run - INFO - Random-walk step 5385/7000: motor target x=301531nm y=-419961nm
2026-08-18 07:28:14,802 - corrector.core.run - INFO - Random-walk step 5386/7000: motor target x=296923nm y=-416983nm
2026-08-18 07:28:20,788 - corrector.core.run - INFO - Random-walk step 5387/7000: motor target x=303354nm y=-416190nm
2026-08-18 07:28:26,260 - corrector.core.run - INFO - Random-walk step 5388/7000: motor target x=303724nm y=-416454nm
2026-08-18 07:28:32,309 - corrector.core.run - INFO - Random-walk step 5389/7000: motor target x=302642nm y=-416989nm
2026-08-18 07:28:37,672 - corrector.core.run - INFO - Random-walk step 5390/7000: motor target x=302710nm y=-416745nm
2026-08-18 07:28:45,194 - corrector.core.run - INFO - Random-walk step 5391/7000: motor target x=302697nm y=-415879nm
2026-08-18 07:28:50,935 - corrector.core.run - INFO - Random-walk step 5392/7000: motor target x=303439nm y=-415227nm
2026-08-18 07:28:56,451 - corrector.core.run - INFO - Random-walk step 5393/7000: motor target x=304003nm y=-415388nm
2026-08-18 07:29:02,338 - corrector.core.run - INFO - Random-walk step 5394/7000: motor target x=304076nm y=-416225nm
2026-08-18 07:29:07,810 - corrector.core.run - INFO - Random-walk step 5395/7000: motor target x=304359nm y=-413005nm
2026-08-18 07:29:13,679 - corrector.core.run - INFO - Random-walk step 5396/7000: motor target x=303847nm y=-412571nm
2026-08-18 07:29:19,584 - corrector.core.run - INFO - Random-walk step 5397/7000: motor target x=304846nm y=-413212nm
2026-08-18 07:29:25,086 - corrector.core.run - INFO - Random-walk step 5398/7000: motor target x=305414nm y=-413477nm
2026-08-18 07:29:31,135 - corrector.core.run - INFO - Random-walk step 5399/7000: motor target x=306062nm y=-414541nm
2026-08-18 07:29:36,574 - corrector.core.run - INFO - Random-walk step 5400/7000: motor target x=303820nm y=-413957nm
2026-08-18 07:29:42,071 - corrector.core.run - INFO - Random-walk step 5401/7000: motor target x=303950nm y=-413854nm
2026-08-18 07:29:47,948 - corrector.core.run - INFO - Random-walk step 5402/7000: motor target x=303652nm y=-413343nm
2026-08-18 07:29:53,583 - corrector.core.run - INFO - Random-walk step 5403/7000: motor target x=303829nm y=-413519nm
2026-08-18 07:29:59,657 - corrector.core.run - INFO - Random-walk step 5404/7000: motor target x=302801nm y=-416758nm
2026-08-18 07:30:05,223 - corrector.core.run - INFO - Random-walk step 5405/7000: motor target x=303307nm y=-416844nm
2026-08-18 07:30:11,151 - corrector.core.run - INFO - Random-walk step 5406/7000: motor target x=302222nm y=-418671nm
2026-08-18 07:30:17,014 - corrector.core.run - INFO - Random-walk step 5407/7000: motor target x=295726nm y=-423894nm
2026-08-18 07:30:24,045 - corrector.core.run - INFO - Random-walk step 5408/7000: motor target x=296581nm y=-424644nm
2026-08-18 07:30:29,595 - corrector.core.run - INFO - Random-walk step 5409/7000: motor target x=297085nm y=-424921nm
2026-08-18 07:30:35,382 - corrector.core.run - INFO - Random-walk step 5410/7000: motor target x=297840nm y=-425220nm
2026-08-18 07:30:41,233 - corrector.core.run - INFO - Random-walk step 5411/7000: motor target x=296979nm y=-425964nm
2026-08-18 07:30:46,781 - corrector.core.run - INFO - Random-walk step 5412/7000: motor target x=296832nm y=-425472nm
2026-08-18 07:30:52,849 - corrector.core.run - INFO - Random-walk step 5413/7000: motor target x=298200nm y=-423196nm
2026-08-18 07:30:58,120 - corrector.core.run - INFO - Random-walk step 5414/7000: motor target x=298335nm y=-423480nm
2026-08-18 07:31:04,126 - corrector.core.run - INFO - Random-walk step 5415/7000: motor target x=297593nm y=-423702nm
2026-08-18 07:31:09,529 - corrector.core.run - INFO - Random-walk step 5416/7000: motor target x=297381nm y=-423677nm
2026-08-18 07:31:15,400 - corrector.core.run - INFO - Random-walk step 5417/7000: motor target x=297943nm y=-423623nm
2026-08-18 07:31:21,326 - corrector.core.run - INFO - Random-walk step 5418/7000: motor target x=298432nm y=-424486nm
2026-08-18 07:31:27,235 - corrector.core.run - INFO - Random-walk step 5419/7000: motor target x=299145nm y=-423081nm
2026-08-18 07:31:32,659 - corrector.core.run - INFO - Random-walk step 5420/7000: motor target x=299882nm y=-423109nm
2026-08-18 07:31:38,122 - corrector.core.run - INFO - Random-walk step 5421/7000: motor target x=299928nm y=-423027nm
2026-08-18 07:31:44,226 - corrector.core.run - INFO - Random-walk step 5422/7000: motor target x=299169nm y=-424902nm
2026-08-18 07:31:49,935 - corrector.core.run - INFO - Random-walk step 5423/7000: motor target x=299972nm y=-424705nm
2026-08-18 07:31:55,419 - corrector.core.run - INFO - Random-walk step 5424/7000: motor target x=294558nm y=-419610nm
2026-08-18 07:32:01,055 - corrector.core.run - INFO - Random-walk step 5425/7000: motor target x=294530nm y=-419714nm
2026-08-18 07:32:07,097 - corrector.core.run - INFO - Random-walk step 5426/7000: motor target x=295211nm y=-420270nm
2026-08-18 07:32:13,109 - corrector.core.run - INFO - Random-walk step 5427/7000: motor target x=296709nm y=-419660nm
2026-08-18 07:32:18,219 - corrector.core.run - INFO - Random-walk step 5428/7000: motor target x=296764nm y=-419581nm
2026-08-18 07:32:24,039 - corrector.core.run - INFO - Random-walk step 5429/7000: motor target x=296799nm y=-419958nm
2026-08-18 07:32:29,661 - corrector.core.run - INFO - Random-walk step 5430/7000: motor target x=296946nm y=-419992nm
2026-08-18 07:32:35,748 - corrector.core.run - INFO - Random-walk step 5431/7000: motor target x=295334nm y=-420784nm
2026-08-18 07:32:41,265 - corrector.core.run - INFO - Random-walk step 5432/7000: motor target x=293106nm y=-421163nm
2026-08-18 07:32:46,962 - corrector.core.run - INFO - Random-walk step 5433/7000: motor target x=292881nm y=-420759nm
2026-08-18 07:32:52,642 - corrector.core.run - INFO - Random-walk step 5434/7000: motor target x=288539nm y=-415391nm
2026-08-18 07:32:58,777 - corrector.core.run - INFO - Random-walk step 5435/7000: motor target x=289792nm y=-418821nm
2026-08-18 07:33:04,534 - corrector.core.run - INFO - Random-walk step 5436/7000: motor target x=289406nm y=-417541nm
2026-08-18 07:33:10,220 - corrector.core.run - INFO - Random-walk step 5437/7000: motor target x=288190nm y=-417064nm
2026-08-18 07:33:15,519 - corrector.core.run - INFO - Random-walk step 5438/7000: motor target x=288152nm y=-417153nm
2026-08-18 07:33:21,221 - corrector.core.run - INFO - Random-walk step 5439/7000: motor target x=288249nm y=-417266nm
2026-08-18 07:33:27,114 - corrector.core.run - INFO - Random-walk step 5440/7000: motor target x=285420nm y=-419475nm
2026-08-18 07:33:32,804 - corrector.core.run - INFO - Random-walk step 5441/7000: motor target x=289196nm y=-415030nm
2026-08-18 07:33:38,627 - corrector.core.run - INFO - Random-walk step 5442/7000: motor target x=289789nm y=-415007nm
2026-08-18 07:33:44,129 - corrector.core.run - INFO - Random-walk step 5443/7000: motor target x=289791nm y=-415058nm
2026-08-18 07:33:49,999 - corrector.core.run - INFO - Random-walk step 5444/7000: motor target x=289776nm y=-415300nm
2026-08-18 07:33:55,764 - corrector.core.run - INFO - Random-walk step 5445/7000: motor target x=296268nm y=-411945nm
2026-08-18 07:34:01,644 - corrector.core.run - INFO - Random-walk step 5446/7000: motor target x=295811nm y=-412717nm
2026-08-18 07:34:07,158 - corrector.core.run - INFO - Random-walk step 5447/7000: motor target x=289347nm y=-410622nm
2026-08-18 07:34:13,106 - corrector.core.run - INFO - Random-walk step 5448/7000: motor target x=290086nm y=-410354nm
2026-08-18 07:34:18,535 - corrector.core.run - INFO - Random-walk step 5449/7000: motor target x=290342nm y=-410459nm
2026-08-18 07:34:25,649 - corrector.core.run - INFO - Random-walk step 5450/7000: motor target x=288316nm y=-414582nm
2026-08-18 07:34:31,636 - corrector.core.run - INFO - Random-walk step 5451/7000: motor target x=288209nm y=-414300nm
2026-08-18 07:34:37,579 - corrector.core.run - INFO - Random-walk step 5452/7000: motor target x=288585nm y=-413309nm
2026-08-18 07:34:43,283 - corrector.core.run - INFO - Random-walk step 5453/7000: motor target x=287797nm y=-412699nm
2026-08-18 07:34:48,915 - corrector.core.run - INFO - Random-walk step 5454/7000: motor target x=290241nm y=-414293nm
2026-08-18 07:34:54,890 - corrector.core.run - INFO - Random-walk step 5455/7000: motor target x=289200nm y=-413866nm
2026-08-18 07:35:00,834 - corrector.core.run - INFO - Random-walk step 5456/7000: motor target x=290083nm y=-412293nm
2026-08-18 07:35:06,063 - corrector.core.run - INFO - Random-walk step 5457/7000: motor target x=290463nm y=-412002nm
2026-08-18 07:35:12,193 - corrector.core.run - INFO - Random-walk step 5458/7000: motor target x=289140nm y=-412914nm
2026-08-18 07:35:17,647 - corrector.core.run - INFO - Random-walk step 5459/7000: motor target x=289914nm y=-412491nm
2026-08-18 07:35:23,541 - corrector.core.run - INFO - Random-walk step 5460/7000: motor target x=290415nm y=-411509nm
2026-08-18 07:35:29,023 - corrector.core.run - INFO - Random-walk step 5461/7000: motor target x=290896nm y=-413809nm
2026-08-18 07:35:34,872 - corrector.core.run - INFO - Random-walk step 5462/7000: motor target x=290251nm y=-414019nm
2026-08-18 07:35:40,417 - corrector.core.run - INFO - Random-walk step 5463/7000: motor target x=287890nm y=-416818nm
2026-08-18 07:35:46,093 - corrector.core.run - INFO - Random-walk step 5464/7000: motor target x=285336nm y=-420350nm
2026-08-18 07:35:52,154 - corrector.core.run - INFO - Random-walk step 5465/7000: motor target x=286387nm y=-418519nm
2026-08-18 07:35:57,784 - corrector.core.run - INFO - Random-walk step 5466/7000: motor target x=287049nm y=-419145nm
2026-08-18 07:36:03,226 - corrector.core.run - INFO - Random-walk step 5467/7000: motor target x=286839nm y=-419026nm
2026-08-18 07:36:09,242 - corrector.core.run - INFO - Random-walk step 5468/7000: motor target x=287166nm y=-419748nm
2026-08-18 07:36:15,218 - corrector.core.run - INFO - Random-walk step 5469/7000: motor target x=285634nm y=-419594nm
2026-08-18 07:36:20,406 - corrector.core.run - INFO - Random-walk step 5470/7000: motor target x=285462nm y=-419731nm
2026-08-18 07:36:26,236 - corrector.core.run - INFO - Random-walk step 5471/7000: motor target x=287073nm y=-420198nm
2026-08-18 07:36:31,828 - corrector.core.run - INFO - Random-walk step 5472/7000: motor target x=287085nm y=-420322nm
2026-08-18 07:36:37,997 - corrector.core.run - INFO - Random-walk step 5473/7000: motor target x=286182nm y=-421389nm
2026-08-18 07:36:43,443 - corrector.core.run - INFO - Random-walk step 5474/7000: motor target x=286297nm y=-421745nm
2026-08-18 07:36:49,093 - corrector.core.run - INFO - Random-walk step 5475/7000: motor target x=284613nm y=-423493nm
2026-08-18 07:36:55,284 - corrector.core.run - INFO - Random-walk step 5476/7000: motor target x=283926nm y=-422000nm
2026-08-18 07:37:00,823 - corrector.core.run - INFO - Random-walk step 5477/7000: motor target x=285477nm y=-422964nm
2026-08-18 07:37:06,601 - corrector.core.run - INFO - Random-walk step 5478/7000: motor target x=283753nm y=-421938nm
2026-08-18 07:37:11,975 - corrector.core.run - INFO - Random-walk step 5479/7000: motor target x=283428nm y=-421881nm
2026-08-18 07:37:17,939 - corrector.core.run - INFO - Random-walk step 5480/7000: motor target x=284243nm y=-422389nm
2026-08-18 07:37:23,725 - corrector.core.run - INFO - Random-walk step 5481/7000: motor target x=285015nm y=-422505nm
2026-08-18 07:37:29,437 - corrector.core.run - INFO - Random-walk step 5482/7000: motor target x=284967nm y=-421646nm
2026-08-18 07:37:34,905 - corrector.core.run - INFO - Random-walk step 5483/7000: motor target x=287335nm y=-417337nm
2026-08-18 07:37:40,585 - corrector.core.run - INFO - Random-walk step 5484/7000: motor target x=287366nm y=-412925nm
2026-08-18 07:37:46,443 - corrector.core.run - INFO - Random-walk step 5485/7000: motor target x=287359nm y=-413524nm
2026-08-18 07:37:52,482 - corrector.core.run - INFO - Random-walk step 5486/7000: motor target x=286802nm y=-412248nm
2026-08-18 07:37:58,027 - corrector.core.run - INFO - Random-walk step 5487/7000: motor target x=285876nm y=-412242nm
2026-08-18 07:38:03,550 - corrector.core.run - INFO - Random-walk step 5488/7000: motor target x=285650nm y=-409755nm
2026-08-18 07:38:09,493 - corrector.core.run - INFO - Random-walk step 5489/7000: motor target x=295467nm y=-408879nm
2026-08-18 07:38:15,225 - corrector.core.run - INFO - Random-walk step 5490/7000: motor target x=297095nm y=-409715nm
2026-08-18 07:38:21,111 - corrector.core.run - INFO - Random-walk step 5491/7000: motor target x=295776nm y=-411804nm
2026-08-18 07:38:26,397 - corrector.core.run - INFO - Random-walk step 5492/7000: motor target x=293878nm y=-414230nm
2026-08-18 07:38:32,468 - corrector.core.run - INFO - Random-walk step 5493/7000: motor target x=294472nm y=-415293nm
2026-08-18 07:38:37,756 - corrector.core.run - INFO - Random-walk step 5494/7000: motor target x=294356nm y=-415303nm
2026-08-18 07:38:44,104 - corrector.core.run - INFO - Random-walk step 5495/7000: motor target x=295782nm y=-414316nm
2026-08-18 07:38:49,779 - corrector.core.run - INFO - Random-walk step 5496/7000: motor target x=299972nm y=-412846nm
2026-08-18 07:38:55,344 - corrector.core.run - INFO - Random-walk step 5497/7000: motor target x=299754nm y=-411905nm
2026-08-18 07:39:00,759 - corrector.core.run - INFO - Random-walk step 5498/7000: motor target x=299597nm y=-414628nm
2026-08-18 07:39:06,942 - corrector.core.run - INFO - Random-walk step 5499/7000: motor target x=300216nm y=-413293nm
2026-08-18 07:39:12,517 - corrector.core.run - INFO - Random-walk step 5500/7000: motor target x=299300nm y=-413441nm
2026-08-18 07:39:18,455 - corrector.core.run - INFO - Random-walk step 5501/7000: motor target x=297959nm y=-412241nm
2026-08-18 07:39:23,755 - corrector.core.run - INFO - Random-walk step 5502/7000: motor target x=298455nm y=-412402nm
2026-08-18 07:39:29,526 - corrector.core.run - INFO - Random-walk step 5503/7000: motor target x=300263nm y=-413000nm
2026-08-18 07:39:35,189 - corrector.core.run - INFO - Random-walk step 5504/7000: motor target x=299802nm y=-413472nm
2026-08-18 07:39:41,126 - corrector.core.run - INFO - Random-walk step 5505/7000: motor target x=298880nm y=-413169nm
2026-08-18 07:39:46,563 - corrector.core.run - INFO - Random-walk step 5506/7000: motor target x=298762nm y=-412839nm
2026-08-18 07:39:52,297 - corrector.core.run - INFO - Random-walk step 5507/7000: motor target x=299052nm y=-412950nm
2026-08-18 07:39:58,016 - corrector.core.run - INFO - Random-walk step 5508/7000: motor target x=298727nm y=-412882nm
2026-08-18 07:40:03,851 - corrector.core.run - INFO - Random-walk step 5509/7000: motor target x=299097nm y=-412728nm
2026-08-18 07:40:09,609 - corrector.core.run - INFO - Random-walk step 5510/7000: motor target x=299537nm y=-416782nm
2026-08-18 07:40:15,854 - corrector.core.run - INFO - Random-walk step 5511/7000: motor target x=298065nm y=-415703nm
2026-08-18 07:40:21,132 - corrector.core.run - INFO - Random-walk step 5512/7000: motor target x=298732nm y=-416396nm
2026-08-18 07:40:26,691 - corrector.core.run - INFO - Random-walk step 5513/7000: motor target x=296816nm y=-420751nm
2026-08-18 07:40:32,399 - corrector.core.run - INFO - Random-walk step 5514/7000: motor target x=298352nm y=-421001nm
2026-08-18 07:40:38,060 - corrector.core.run - INFO - Random-walk step 5515/7000: motor target x=298441nm y=-420985nm
2026-08-18 07:40:43,790 - corrector.core.run - INFO - Random-walk step 5516/7000: motor target x=298489nm y=-421113nm
2026-08-18 07:40:49,743 - corrector.core.run - INFO - Random-walk step 5517/7000: motor target x=298548nm y=-420585nm
2026-08-18 07:40:55,351 - corrector.core.run - INFO - Random-walk step 5518/7000: motor target x=298614nm y=-420827nm
2026-08-18 07:41:01,296 - corrector.core.run - INFO - Random-walk step 5519/7000: motor target x=297632nm y=-420877nm
2026-08-18 07:41:07,201 - corrector.core.run - INFO - Random-walk step 5520/7000: motor target x=297756nm y=-419554nm
2026-08-18 07:41:12,806 - corrector.core.run - INFO - Random-walk step 5521/7000: motor target x=298704nm y=-420288nm
2026-08-18 07:41:18,233 - corrector.core.run - INFO - Random-walk step 5522/7000: motor target x=298279nm y=-420527nm
2026-08-18 07:41:23,938 - corrector.core.run - INFO - Random-walk step 5523/7000: motor target x=295259nm y=-422932nm
2026-08-18 07:41:29,778 - corrector.core.run - INFO - Random-walk step 5524/7000: motor target x=295693nm y=-421109nm
2026-08-18 07:41:35,361 - corrector.core.run - INFO - Random-walk step 5525/7000: motor target x=295427nm y=-421333nm
2026-08-18 07:41:41,288 - corrector.core.run - INFO - Random-walk step 5526/7000: motor target x=294866nm y=-420965nm
2026-08-18 07:41:46,806 - corrector.core.run - INFO - Random-walk step 5527/7000: motor target x=291919nm y=-422616nm
2026-08-18 07:41:52,794 - corrector.core.run - INFO - Random-walk step 5528/7000: motor target x=292721nm y=-422932nm
2026-08-18 07:41:58,557 - corrector.core.run - INFO - Random-walk step 5529/7000: motor target x=291929nm y=-423426nm
2026-08-18 07:42:04,258 - corrector.core.run - INFO - Random-walk step 5530/7000: motor target x=291225nm y=-423499nm
2026-08-18 07:42:09,676 - corrector.core.run - INFO - Random-walk step 5531/7000: motor target x=291215nm y=-423412nm
2026-08-18 07:42:15,562 - corrector.core.run - INFO - Random-walk step 5532/7000: motor target x=287216nm y=-420513nm
2026-08-18 07:42:21,518 - corrector.core.run - INFO - Random-walk step 5533/7000: motor target x=288755nm y=-421462nm
2026-08-18 07:42:26,944 - corrector.core.run - INFO - Random-walk step 5534/7000: motor target x=290362nm y=-423479nm
2026-08-18 07:42:33,035 - corrector.core.run - INFO - Random-walk step 5535/7000: motor target x=289254nm y=-422973nm
2026-08-18 07:42:38,901 - corrector.core.run - INFO - Random-walk step 5536/7000: motor target x=288196nm y=-421486nm
2026-08-18 07:42:44,501 - corrector.core.run - INFO - Random-walk step 5537/7000: motor target x=287258nm y=-420377nm
2026-08-18 07:42:49,882 - corrector.core.run - INFO - Random-walk step 5538/7000: motor target x=294213nm y=-426311nm
2026-08-18 07:42:55,553 - corrector.core.run - INFO - Random-walk step 5539/7000: motor target x=292354nm y=-424016nm
2026-08-18 07:43:01,910 - corrector.core.run - INFO - Random-walk step 5540/7000: motor target x=290896nm y=-425465nm
2026-08-18 07:43:07,003 - corrector.core.run - INFO - Random-walk step 5541/7000: motor target x=290982nm y=-425291nm
2026-08-18 07:43:12,989 - corrector.core.run - INFO - Random-walk step 5542/7000: motor target x=291124nm y=-425926nm
2026-08-18 07:43:18,818 - corrector.core.run - INFO - Random-walk step 5543/7000: motor target x=292059nm y=-425786nm
2026-08-18 07:43:24,221 - corrector.core.run - INFO - Random-walk step 5544/7000: motor target x=292350nm y=-426009nm
2026-08-18 07:43:29,943 - corrector.core.run - INFO - Random-walk step 5545/7000: motor target x=292482nm y=-425810nm
2026-08-18 07:43:36,107 - corrector.core.run - INFO - Random-walk step 5546/7000: motor target x=291351nm y=-424126nm
2026-08-18 07:43:41,398 - corrector.core.run - INFO - Random-walk step 5547/7000: motor target x=294330nm y=-422380nm
2026-08-18 07:43:47,586 - corrector.core.run - INFO - Random-walk step 5548/7000: motor target x=292944nm y=-424215nm
2026-08-18 07:43:52,883 - corrector.core.run - INFO - Random-walk step 5549/7000: motor target x=293336nm y=-424396nm
2026-08-18 07:43:58,806 - corrector.core.run - INFO - Random-walk step 5550/7000: motor target x=293606nm y=-425162nm
2026-08-18 07:44:04,322 - corrector.core.run - INFO - Random-walk step 5551/7000: motor target x=290638nm y=-418587nm
2026-08-18 07:44:10,221 - corrector.core.run - INFO - Random-walk step 5552/7000: motor target x=289987nm y=-419066nm
2026-08-18 07:44:15,836 - corrector.core.run - INFO - Random-walk step 5553/7000: motor target x=284020nm y=-423483nm
2026-08-18 07:44:21,911 - corrector.core.run - INFO - Random-walk step 5554/7000: motor target x=280602nm y=-422198nm
2026-08-18 07:44:27,075 - corrector.core.run - INFO - Random-walk step 5555/7000: motor target x=280669nm y=-422184nm
2026-08-18 07:44:33,125 - corrector.core.run - INFO - Random-walk step 5556/7000: motor target x=279982nm y=-422055nm
2026-08-18 07:44:38,648 - corrector.core.run - INFO - Random-walk step 5557/7000: motor target x=282910nm y=-420226nm
2026-08-18 07:44:44,424 - corrector.core.run - INFO - Random-walk step 5558/7000: motor target x=280879nm y=-420465nm
2026-08-18 07:44:50,644 - corrector.core.run - INFO - Random-walk step 5559/7000: motor target x=281584nm y=-418911nm
2026-08-18 07:44:56,440 - corrector.core.run - INFO - Random-walk step 5560/7000: motor target x=280566nm y=-417465nm
2026-08-18 07:45:01,525 - corrector.core.run - INFO - Random-walk step 5561/7000: motor target x=280630nm y=-417540nm
2026-08-18 07:45:07,761 - corrector.core.run - INFO - Random-walk step 5562/7000: motor target x=281846nm y=-418823nm
2026-08-18 07:45:12,989 - corrector.core.run - INFO - Random-walk step 5563/7000: motor target x=281702nm y=-418990nm
2026-08-18 07:45:18,869 - corrector.core.run - INFO - Random-walk step 5564/7000: motor target x=282252nm y=-416591nm
2026-08-18 07:45:24,371 - corrector.core.run - INFO - Random-walk step 5565/7000: motor target x=282182nm y=-416610nm
2026-08-18 07:45:30,481 - corrector.core.run - INFO - Random-walk step 5566/7000: motor target x=281758nm y=-417413nm
2026-08-18 07:45:35,971 - corrector.core.run - INFO - Random-walk step 5567/7000: motor target x=286302nm y=-418968nm
2026-08-18 07:45:41,915 - corrector.core.run - INFO - Random-walk step 5568/7000: motor target x=285391nm y=-418901nm
2026-08-18 07:45:47,429 - corrector.core.run - INFO - Random-walk step 5569/7000: motor target x=285775nm y=-418854nm
2026-08-18 07:45:53,107 - corrector.core.run - INFO - Random-walk step 5570/7000: motor target x=286085nm y=-418607nm
2026-08-18 07:45:59,029 - corrector.core.run - INFO - Random-walk step 5571/7000: motor target x=285856nm y=-417895nm
2026-08-18 07:46:04,458 - corrector.core.run - INFO - Random-walk step 5572/7000: motor target x=285774nm y=-417917nm
2026-08-18 07:46:10,359 - corrector.core.run - INFO - Random-walk step 5573/7000: motor target x=285458nm y=-415944nm
2026-08-18 07:46:15,993 - corrector.core.run - INFO - Random-walk step 5574/7000: motor target x=281129nm y=-418599nm
2026-08-18 07:46:21,670 - corrector.core.run - INFO - Random-walk step 5575/7000: motor target x=281282nm y=-418557nm
2026-08-18 07:46:27,440 - corrector.core.run - INFO - Random-walk step 5576/7000: motor target x=281557nm y=-418540nm
2026-08-18 07:46:33,412 - corrector.core.run - INFO - Random-walk step 5577/7000: motor target x=279918nm y=-417909nm
2026-08-18 07:46:39,014 - corrector.core.run - INFO - Random-walk step 5578/7000: motor target x=274923nm y=-410136nm
2026-08-18 07:46:44,768 - corrector.core.run - INFO - Random-walk step 5579/7000: motor target x=275240nm y=-409876nm
2026-08-18 07:46:50,661 - corrector.core.run - INFO - Random-walk step 5580/7000: motor target x=276917nm y=-410778nm
2026-08-18 07:46:56,124 - corrector.core.run - INFO - Random-walk step 5581/7000: motor target x=276598nm y=-410967nm
2026-08-18 07:47:01,968 - corrector.core.run - INFO - Random-walk step 5582/7000: motor target x=277047nm y=-412651nm
2026-08-18 07:47:07,860 - corrector.core.run - INFO - Random-walk step 5583/7000: motor target x=281149nm y=-413613nm
2026-08-18 07:47:13,790 - corrector.core.run - INFO - Random-walk step 5584/7000: motor target x=279683nm y=-412398nm
2026-08-18 07:47:19,391 - corrector.core.run - INFO - Random-walk step 5585/7000: motor target x=280006nm y=-413506nm
2026-08-18 07:47:25,265 - corrector.core.run - INFO - Random-walk step 5586/7000: motor target x=281504nm y=-413012nm
2026-08-18 07:47:30,384 - corrector.core.run - INFO - Random-walk step 5587/7000: motor target x=281400nm y=-413002nm
2026-08-18 07:47:36,542 - corrector.core.run - INFO - Random-walk step 5588/7000: motor target x=279589nm y=-412203nm
2026-08-18 07:47:42,167 - corrector.core.run - INFO - Random-walk step 5589/7000: motor target x=280304nm y=-411630nm
2026-08-18 07:47:47,638 - corrector.core.run - INFO - Random-walk step 5590/7000: motor target x=280569nm y=-411731nm
2026-08-18 07:47:53,313 - corrector.core.run - INFO - Random-walk step 5591/7000: motor target x=280450nm y=-411841nm
2026-08-18 07:47:59,303 - corrector.core.run - INFO - Random-walk step 5592/7000: motor target x=281028nm y=-409032nm
2026-08-18 07:48:05,257 - corrector.core.run - INFO - Random-walk step 5593/7000: motor target x=279730nm y=-408898nm
2026-08-18 07:48:10,661 - corrector.core.run - INFO - Random-walk step 5594/7000: motor target x=279238nm y=-408605nm
2026-08-18 07:48:16,623 - corrector.core.run - INFO - Random-walk step 5595/7000: motor target x=279468nm y=-409526nm
2026-08-18 07:48:22,023 - corrector.core.run - INFO - Random-walk step 5596/7000: motor target x=279654nm y=-407437nm
2026-08-18 07:48:28,068 - corrector.core.run - INFO - Random-walk step 5597/7000: motor target x=279421nm y=-406476nm
2026-08-18 07:48:33,427 - corrector.core.run - INFO - Random-walk step 5598/7000: motor target x=279612nm y=-406629nm
2026-08-18 07:48:39,649 - corrector.core.run - INFO - Random-walk step 5599/7000: motor target x=277647nm y=-407927nm
2026-08-18 07:48:45,188 - corrector.core.run - INFO - Random-walk step 5600/7000: motor target x=276892nm y=-408824nm
2026-08-18 07:48:50,722 - corrector.core.run - INFO - Random-walk step 5601/7000: motor target x=276378nm y=-406594nm
2026-08-18 07:48:56,632 - corrector.core.run - INFO - Random-walk step 5602/7000: motor target x=275563nm y=-406017nm
2026-08-18 07:49:02,117 - corrector.core.run - INFO - Random-walk step 5603/7000: motor target x=275213nm y=-404301nm
2026-08-18 07:49:07,838 - corrector.core.run - INFO - Random-walk step 5604/7000: motor target x=278328nm y=-400937nm
2026-08-18 07:49:13,914 - corrector.core.run - INFO - Random-walk step 5605/7000: motor target x=279453nm y=-401823nm
2026-08-18 07:49:19,526 - corrector.core.run - INFO - Random-walk step 5606/7000: motor target x=278504nm y=-402095nm
2026-08-18 07:49:25,042 - corrector.core.run - INFO - Random-walk step 5607/7000: motor target x=278287nm y=-401638nm
2026-08-18 07:49:31,022 - corrector.core.run - INFO - Random-walk step 5608/7000: motor target x=280526nm y=-400822nm
2026-08-18 07:49:36,588 - corrector.core.run - INFO - Random-walk step 5609/7000: motor target x=280549nm y=-401512nm
2026-08-18 07:49:42,173 - corrector.core.run - INFO - Random-walk step 5610/7000: motor target x=280361nm y=-401274nm
2026-08-18 07:49:48,428 - corrector.core.run - INFO - Random-walk step 5611/7000: motor target x=276354nm y=-399721nm
2026-08-18 07:49:53,547 - corrector.core.run - INFO - Random-walk step 5612/7000: motor target x=276450nm y=-399725nm
2026-08-18 07:49:59,325 - corrector.core.run - INFO - Random-walk step 5613/7000: motor target x=276089nm y=-399723nm
2026-08-18 07:50:05,053 - corrector.core.run - INFO - Random-walk step 5614/7000: motor target x=276387nm y=-399738nm
2026-08-18 07:50:10,870 - corrector.core.run - INFO - Random-walk step 5615/7000: motor target x=278092nm y=-397647nm
2026-08-18 07:50:16,510 - corrector.core.run - INFO - Random-walk step 5616/7000: motor target x=283001nm y=-397583nm
2026-08-18 07:50:22,434 - corrector.core.run - INFO - Random-walk step 5617/7000: motor target x=283653nm y=-397610nm
2026-08-18 07:50:28,051 - corrector.core.run - INFO - Random-walk step 5618/7000: motor target x=283877nm y=-397476nm
2026-08-18 07:50:33,969 - corrector.core.run - INFO - Random-walk step 5619/7000: motor target x=286113nm y=-398304nm
2026-08-18 07:50:39,907 - corrector.core.run - INFO - Random-walk step 5620/7000: motor target x=284181nm y=-396862nm
2026-08-18 07:50:45,205 - corrector.core.run - INFO - Random-walk step 5621/7000: motor target x=283855nm y=-397158nm
2026-08-18 07:50:51,311 - corrector.core.run - INFO - Random-walk step 5622/7000: motor target x=286491nm y=-395827nm
2026-08-18 07:50:56,621 - corrector.core.run - INFO - Random-walk step 5623/7000: motor target x=293528nm y=-402409nm
2026-08-18 07:51:02,246 - corrector.core.run - INFO - Random-walk step 5624/7000: motor target x=293592nm y=-402336nm
2026-08-18 07:51:07,944 - corrector.core.run - INFO - Random-walk step 5625/7000: motor target x=293652nm y=-402336nm
2026-08-18 07:51:14,149 - corrector.core.run - INFO - Random-walk step 5626/7000: motor target x=294336nm y=-401194nm
2026-08-18 07:51:19,567 - corrector.core.run - INFO - Random-walk step 5627/7000: motor target x=293919nm y=-401188nm
2026-08-18 07:51:25,756 - corrector.core.run - INFO - Random-walk step 5628/7000: motor target x=294594nm y=-402617nm
2026-08-18 07:51:31,086 - corrector.core.run - INFO - Random-walk step 5629/7000: motor target x=295163nm y=-402950nm
2026-08-18 07:51:36,898 - corrector.core.run - INFO - Random-walk step 5630/7000: motor target x=295455nm y=-403534nm
2026-08-18 07:51:42,494 - corrector.core.run - INFO - Random-walk step 5631/7000: motor target x=295234nm y=-403095nm
2026-08-18 07:51:48,405 - corrector.core.run - INFO - Random-walk step 5632/7000: motor target x=295736nm y=-403923nm
2026-08-18 07:51:53,920 - corrector.core.run - INFO - Random-walk step 5633/7000: motor target x=295952nm y=-403497nm
2026-08-18 07:51:59,570 - corrector.core.run - INFO - Random-walk step 5634/7000: motor target x=295761nm y=-403494nm
2026-08-18 07:52:05,308 - corrector.core.run - INFO - Random-walk step 5635/7000: motor target x=295679nm y=-403369nm
2026-08-18 07:52:11,158 - corrector.core.run - INFO - Random-walk step 5636/7000: motor target x=293451nm y=-406721nm
2026-08-18 07:52:17,148 - corrector.core.run - INFO - Random-walk step 5637/7000: motor target x=292389nm y=-410831nm
2026-08-18 07:52:22,512 - corrector.core.run - INFO - Random-walk step 5638/7000: motor target x=290796nm y=-412418nm
2026-08-18 07:52:28,471 - corrector.core.run - INFO - Random-walk step 5639/7000: motor target x=290273nm y=-411911nm
2026-08-18 07:52:34,255 - corrector.core.run - INFO - Random-walk step 5640/7000: motor target x=290416nm y=-411003nm
2026-08-18 07:52:39,724 - corrector.core.run - INFO - Random-walk step 5641/7000: motor target x=290555nm y=-411434nm
2026-08-18 07:52:45,599 - corrector.core.run - INFO - Random-walk step 5642/7000: motor target x=291151nm y=-411225nm
2026-08-18 07:52:51,653 - corrector.core.run - INFO - Random-walk step 5643/7000: motor target x=290547nm y=-409768nm
2026-08-18 07:52:56,868 - corrector.core.run - INFO - Random-walk step 5644/7000: motor target x=285783nm y=-413993nm
2026-08-18 07:53:02,727 - corrector.core.run - INFO - Random-walk step 5645/7000: motor target x=285191nm y=-414204nm
2026-08-18 07:53:08,389 - corrector.core.run - INFO - Random-walk step 5646/7000: motor target x=287190nm y=-418313nm
2026-08-18 07:53:14,281 - corrector.core.run - INFO - Random-walk step 5647/7000: motor target x=287412nm y=-419063nm
2026-08-18 07:53:19,841 - corrector.core.run - INFO - Random-walk step 5648/7000: motor target x=286917nm y=-419290nm
2026-08-18 07:53:25,998 - corrector.core.run - INFO - Random-walk step 5649/7000: motor target x=286481nm y=-417776nm
2026-08-18 07:53:31,195 - corrector.core.run - INFO - Random-walk step 5650/7000: motor target x=290994nm y=-413873nm
2026-08-18 07:53:37,399 - corrector.core.run - INFO - Random-walk step 5651/7000: motor target x=290148nm y=-412458nm
2026-08-18 07:53:42,701 - corrector.core.run - INFO - Random-walk step 5652/7000: motor target x=290545nm y=-412670nm
2026-08-18 07:53:48,270 - corrector.core.run - INFO - Random-walk step 5653/7000: motor target x=290620nm y=-412696nm
2026-08-18 07:53:54,062 - corrector.core.run - INFO - Random-walk step 5654/7000: motor target x=290371nm y=-412675nm
2026-08-18 07:53:59,902 - corrector.core.run - INFO - Random-walk step 5655/7000: motor target x=283041nm y=-418604nm
2026-08-18 07:54:05,550 - corrector.core.run - INFO - Random-walk step 5656/7000: motor target x=286754nm y=-415777nm
2026-08-18 07:54:11,756 - corrector.core.run - INFO - Random-walk step 5657/7000: motor target x=285324nm y=-415658nm
2026-08-18 07:54:16,958 - corrector.core.run - INFO - Random-walk step 5658/7000: motor target x=288283nm y=-417879nm
2026-08-18 07:54:22,798 - corrector.core.run - INFO - Random-walk step 5659/7000: motor target x=290782nm y=-420940nm
2026-08-18 07:54:28,446 - corrector.core.run - INFO - Random-walk step 5660/7000: motor target x=290981nm y=-420894nm
2026-08-18 07:54:34,346 - corrector.core.run - INFO - Random-walk step 5661/7000: motor target x=290741nm y=-421494nm
2026-08-18 07:54:39,884 - corrector.core.run - INFO - Random-walk step 5662/7000: motor target x=290456nm y=-421421nm
2026-08-18 07:54:46,032 - corrector.core.run - INFO - Random-walk step 5663/7000: motor target x=289369nm y=-423549nm
2026-08-18 07:54:51,372 - corrector.core.run - INFO - Random-walk step 5664/7000: motor target x=293864nm y=-419497nm
2026-08-18 07:54:57,300 - corrector.core.run - INFO - Random-walk step 5665/7000: motor target x=296667nm y=-418900nm
2026-08-18 07:55:02,912 - corrector.core.run - INFO - Random-walk step 5666/7000: motor target x=288167nm y=-415078nm
2026-08-18 07:55:09,125 - corrector.core.run - INFO - Random-walk step 5667/7000: motor target x=289527nm y=-417197nm
2026-08-18 07:55:14,234 - corrector.core.run - INFO - Random-walk step 5668/7000: motor target x=289450nm y=-417046nm
2026-08-18 07:55:20,380 - corrector.core.run - INFO - Random-walk step 5669/7000: motor target x=290459nm y=-414760nm
2026-08-18 07:55:25,856 - corrector.core.run - INFO - Random-walk step 5670/7000: motor target x=293053nm y=-418249nm
2026-08-18 07:55:31,989 - corrector.core.run - INFO - Random-walk step 5671/7000: motor target x=294401nm y=-417101nm
2026-08-18 07:55:37,289 - corrector.core.run - INFO - Random-walk step 5672/7000: motor target x=294897nm y=-416998nm
2026-08-18 07:55:42,913 - corrector.core.run - INFO - Random-walk step 5673/7000: motor target x=294625nm y=-416816nm
2026-08-18 07:55:48,888 - corrector.core.run - INFO - Random-walk step 5674/7000: motor target x=295149nm y=-417467nm
2026-08-18 07:55:54,445 - corrector.core.run - INFO - Random-walk step 5675/7000: motor target x=294666nm y=-417505nm
2026-08-18 07:56:00,394 - corrector.core.run - INFO - Random-walk step 5676/7000: motor target x=294979nm y=-416591nm
2026-08-18 07:56:05,963 - corrector.core.run - INFO - Random-walk step 5677/7000: motor target x=295501nm y=-417150nm
2026-08-18 07:56:11,863 - corrector.core.run - INFO - Random-walk step 5678/7000: motor target x=295107nm y=-416408nm
2026-08-18 07:56:17,459 - corrector.core.run - INFO - Random-walk step 5679/7000: motor target x=295308nm y=-417082nm
2026-08-18 07:56:23,293 - corrector.core.run - INFO - Random-walk step 5680/7000: motor target x=294539nm y=-417204nm
2026-08-18 07:56:28,871 - corrector.core.run - INFO - Random-walk step 5681/7000: motor target x=294705nm y=-416662nm
2026-08-18 07:56:34,909 - corrector.core.run - INFO - Random-walk step 5682/7000: motor target x=296281nm y=-415448nm
2026-08-18 07:56:40,363 - corrector.core.run - INFO - Random-walk step 5683/7000: motor target x=295672nm y=-415852nm
2026-08-18 07:56:46,218 - corrector.core.run - INFO - Random-walk step 5684/7000: motor target x=295462nm y=-414960nm
2026-08-18 07:56:52,103 - corrector.core.run - INFO - Random-walk step 5685/7000: motor target x=294487nm y=-416164nm
2026-08-18 07:56:57,515 - corrector.core.run - INFO - Random-walk step 5686/7000: motor target x=294598nm y=-415511nm
2026-08-18 07:57:03,060 - corrector.core.run - INFO - Random-walk step 5687/7000: motor target x=294435nm y=-415531nm
2026-08-18 07:57:08,779 - corrector.core.run - INFO - Random-walk step 5688/7000: motor target x=294250nm y=-415562nm
2026-08-18 07:57:14,473 - corrector.core.run - INFO - Random-walk step 5689/7000: motor target x=294266nm y=-415508nm
2026-08-18 07:57:20,556 - corrector.core.run - INFO - Random-walk step 5690/7000: motor target x=294075nm y=-416306nm
2026-08-18 07:57:26,112 - corrector.core.run - INFO - Random-walk step 5691/7000: motor target x=292176nm y=-421294nm
2026-08-18 07:57:32,064 - corrector.core.run - INFO - Random-walk step 5692/7000: motor target x=294704nm y=-420228nm
2026-08-18 07:57:37,464 - corrector.core.run - INFO - Random-walk step 5693/7000: motor target x=294831nm y=-420074nm
2026-08-18 07:57:43,280 - corrector.core.run - INFO - Random-walk step 5694/7000: motor target x=298566nm y=-417299nm
2026-08-18 07:57:49,232 - corrector.core.run - INFO - Random-walk step 5695/7000: motor target x=299438nm y=-416846nm
2026-08-18 07:57:54,774 - corrector.core.run - INFO - Random-walk step 5696/7000: motor target x=299270nm y=-416512nm
2026-08-18 07:58:00,655 - corrector.core.run - INFO - Random-walk step 5697/7000: motor target x=299996nm y=-416086nm
2026-08-18 07:58:06,323 - corrector.core.run - INFO - Random-walk step 5698/7000: motor target x=299458nm y=-415485nm
2026-08-18 07:58:11,793 - corrector.core.run - INFO - Random-walk step 5699/7000: motor target x=299315nm y=-415605nm
2026-08-18 07:58:17,911 - corrector.core.run - INFO - Random-walk step 5700/7000: motor target x=298295nm y=-415538nm
2026-08-18 07:58:23,305 - corrector.core.run - INFO - Random-walk step 5701/7000: motor target x=296723nm y=-415483nm
2026-08-18 07:58:29,172 - corrector.core.run - INFO - Random-walk step 5702/7000: motor target x=297139nm y=-417218nm
2026-08-18 07:58:35,023 - corrector.core.run - INFO - Random-walk step 5703/7000: motor target x=297115nm y=-416422nm
2026-08-18 07:58:40,879 - corrector.core.run - INFO - Random-walk step 5704/7000: motor target x=298345nm y=-414738nm
2026-08-18 07:58:46,408 - corrector.core.run - INFO - Random-walk step 5705/7000: motor target x=302037nm y=-415350nm
2026-08-18 07:58:51,935 - corrector.core.run - INFO - Random-walk step 5706/7000: motor target x=301989nm y=-415638nm
2026-08-18 07:58:57,745 - corrector.core.run - INFO - Random-walk step 5707/7000: motor target x=301667nm y=-412887nm
2026-08-18 07:59:03,812 - corrector.core.run - INFO - Random-walk step 5708/7000: motor target x=293922nm y=-411710nm
2026-08-18 07:59:09,113 - corrector.core.run - INFO - Random-walk step 5709/7000: motor target x=293815nm y=-409510nm
2026-08-18 07:59:14,891 - corrector.core.run - INFO - Random-walk step 5710/7000: motor target x=294039nm y=-409088nm
2026-08-18 07:59:22,067 - corrector.core.run - INFO - Random-walk step 5711/7000: motor target x=294062nm y=-408946nm
2026-08-18 07:59:29,304 - corrector.core.run - INFO - Random-walk step 5712/7000: motor target x=294176nm y=-409027nm
2026-08-18 07:59:36,853 - corrector.core.run - INFO - Random-walk step 5713/7000: motor target x=294007nm y=-408292nm
2026-08-18 07:59:45,335 - corrector.core.run - INFO - Random-walk step 5714/7000: motor target x=293843nm y=-408470nm
2026-08-18 07:59:51,227 - corrector.core.run - INFO - Random-walk step 5715/7000: motor target x=294337nm y=-408507nm
2026-08-18 07:59:57,028 - corrector.core.run - INFO - Random-walk step 5716/7000: motor target x=294355nm y=-407720nm
2026-08-18 08:00:04,557 - corrector.core.run - INFO - Random-walk step 5717/7000: motor target x=294518nm y=-406950nm
2026-08-18 08:00:11,575 - corrector.core.run - INFO - Random-walk step 5718/7000: motor target x=293690nm y=-406266nm
2026-08-18 08:00:17,080 - corrector.core.run - INFO - Random-walk step 5719/7000: motor target x=293380nm y=-406622nm
2026-08-18 08:00:22,826 - corrector.core.run - INFO - Random-walk step 5720/7000: motor target x=293298nm y=-407119nm
2026-08-18 08:00:28,474 - corrector.core.run - INFO - Random-walk step 5721/7000: motor target x=293171nm y=-407340nm
2026-08-18 08:00:34,697 - corrector.core.run - INFO - Random-walk step 5722/7000: motor target x=294607nm y=-404658nm
2026-08-18 08:00:40,158 - corrector.core.run - INFO - Random-walk step 5723/7000: motor target x=293906nm y=-401164nm
2026-08-18 08:00:45,691 - corrector.core.run - INFO - Random-walk step 5724/7000: motor target x=288139nm y=-406568nm
2026-08-18 08:00:51,276 - corrector.core.run - INFO - Random-walk step 5725/7000: motor target x=288217nm y=-406600nm
2026-08-18 08:00:57,073 - corrector.core.run - INFO - Random-walk step 5726/7000: motor target x=288201nm y=-404498nm
2026-08-18 08:01:03,060 - corrector.core.run - INFO - Random-walk step 5727/7000: motor target x=288232nm y=-405259nm
2026-08-18 08:01:08,943 - corrector.core.run - INFO - Random-walk step 5728/7000: motor target x=287155nm y=-408254nm
2026-08-18 08:01:14,674 - corrector.core.run - INFO - Random-walk step 5729/7000: motor target x=288285nm y=-408549nm
2026-08-18 08:01:20,404 - corrector.core.run - INFO - Random-walk step 5730/7000: motor target x=288991nm y=-407490nm
2026-08-18 08:01:25,757 - corrector.core.run - INFO - Random-walk step 5731/7000: motor target x=286384nm y=-404751nm
2026-08-18 08:01:31,709 - corrector.core.run - INFO - Random-walk step 5732/7000: motor target x=285602nm y=-404500nm
2026-08-18 08:01:37,221 - corrector.core.run - INFO - Random-walk step 5733/7000: motor target x=287855nm y=-402655nm
2026-08-18 08:01:43,153 - corrector.core.run - INFO - Random-walk step 5734/7000: motor target x=291557nm y=-401949nm
2026-08-18 08:01:48,916 - corrector.core.run - INFO - Random-walk step 5735/7000: motor target x=290772nm y=-403814nm
2026-08-18 08:01:54,878 - corrector.core.run - INFO - Random-walk step 5736/7000: motor target x=289630nm y=-402427nm
2026-08-18 08:02:00,086 - corrector.core.run - INFO - Random-walk step 5737/7000: motor target x=287893nm y=-405800nm
2026-08-18 08:02:05,764 - corrector.core.run - INFO - Random-walk step 5738/7000: motor target x=287746nm y=-405761nm
2026-08-18 08:02:11,554 - corrector.core.run - INFO - Random-walk step 5739/7000: motor target x=287546nm y=-403971nm
2026-08-18 08:02:17,281 - corrector.core.run - INFO - Random-walk step 5740/7000: motor target x=284429nm y=-406801nm
2026-08-18 08:02:23,048 - corrector.core.run - INFO - Random-walk step 5741/7000: motor target x=284384nm y=-406394nm
2026-08-18 08:02:29,197 - corrector.core.run - INFO - Random-walk step 5742/7000: motor target x=275718nm y=-407753nm
2026-08-18 08:02:34,446 - corrector.core.run - INFO - Random-walk step 5743/7000: motor target x=277385nm y=-410099nm
2026-08-18 08:02:40,474 - corrector.core.run - INFO - Random-walk step 5744/7000: motor target x=276488nm y=-417322nm
2026-08-18 08:02:46,094 - corrector.core.run - INFO - Random-walk step 5745/7000: motor target x=276519nm y=-417895nm
2026-08-18 08:02:51,863 - corrector.core.run - INFO - Random-walk step 5746/7000: motor target x=276560nm y=-418615nm
2026-08-18 08:02:57,458 - corrector.core.run - INFO - Random-walk step 5747/7000: motor target x=276015nm y=-416464nm
2026-08-18 08:03:03,069 - corrector.core.run - INFO - Random-walk step 5748/7000: motor target x=280456nm y=-416346nm
2026-08-18 08:03:09,060 - corrector.core.run - INFO - Random-walk step 5749/7000: motor target x=282441nm y=-417203nm
2026-08-18 08:03:14,768 - corrector.core.run - INFO - Random-walk step 5750/7000: motor target x=283126nm y=-416714nm
2026-08-18 08:03:20,481 - corrector.core.run - INFO - Random-walk step 5751/7000: motor target x=283143nm y=-417384nm
2026-08-18 08:03:26,208 - corrector.core.run - INFO - Random-walk step 5752/7000: motor target x=287509nm y=-418032nm
2026-08-18 08:03:31,867 - corrector.core.run - INFO - Random-walk step 5753/7000: motor target x=287825nm y=-417359nm
2026-08-18 08:03:37,808 - corrector.core.run - INFO - Random-walk step 5754/7000: motor target x=288959nm y=-422132nm
2026-08-18 08:03:43,509 - corrector.core.run - INFO - Random-walk step 5755/7000: motor target x=288777nm y=-423097nm
2026-08-18 08:03:48,977 - corrector.core.run - INFO - Random-walk step 5756/7000: motor target x=289009nm y=-422587nm
2026-08-18 08:03:54,654 - corrector.core.run - INFO - Random-walk step 5757/7000: motor target x=285622nm y=-416882nm
2026-08-18 08:04:00,593 - corrector.core.run - INFO - Random-walk step 5758/7000: motor target x=286397nm y=-420384nm
2026-08-18 08:04:06,149 - corrector.core.run - INFO - Random-walk step 5759/7000: motor target x=286820nm y=-419924nm
2026-08-18 08:04:11,853 - corrector.core.run - INFO - Random-walk step 5760/7000: motor target x=287081nm y=-419555nm
2026-08-18 08:04:17,572 - corrector.core.run - INFO - Random-walk step 5761/7000: motor target x=286751nm y=-419431nm
2026-08-18 08:04:23,409 - corrector.core.run - INFO - Random-walk step 5762/7000: motor target x=286267nm y=-419548nm
2026-08-18 08:04:29,235 - corrector.core.run - INFO - Random-walk step 5763/7000: motor target x=285578nm y=-419012nm
2026-08-18 08:04:35,210 - corrector.core.run - INFO - Random-walk step 5764/7000: motor target x=287114nm y=-420818nm
2026-08-18 08:04:40,656 - corrector.core.run - INFO - Random-walk step 5765/7000: motor target x=287432nm y=-419987nm
2026-08-18 08:04:46,553 - corrector.core.run - INFO - Random-walk step 5766/7000: motor target x=289312nm y=-421027nm
2026-08-18 08:04:52,018 - corrector.core.run - INFO - Random-walk step 5767/7000: motor target x=283748nm y=-423645nm
2026-08-18 08:04:57,567 - corrector.core.run - INFO - Random-walk step 5768/7000: motor target x=283966nm y=-423642nm
2026-08-18 08:05:03,814 - corrector.core.run - INFO - Random-walk step 5769/7000: motor target x=285289nm y=-421809nm
2026-08-18 08:05:09,204 - corrector.core.run - INFO - Random-walk step 5770/7000: motor target x=285247nm y=-422475nm
2026-08-18 08:05:14,822 - corrector.core.run - INFO - Random-walk step 5771/7000: motor target x=285259nm y=-422777nm
2026-08-18 08:05:21,035 - corrector.core.run - INFO - Random-walk step 5772/7000: motor target x=286424nm y=-424189nm
2026-08-18 08:05:26,346 - corrector.core.run - INFO - Random-walk step 5773/7000: motor target x=286836nm y=-424395nm
2026-08-18 08:05:32,063 - corrector.core.run - INFO - Random-walk step 5774/7000: motor target x=286740nm y=-424050nm
2026-08-18 08:05:37,688 - corrector.core.run - INFO - Random-walk step 5775/7000: motor target x=288420nm y=-424176nm
2026-08-18 08:05:43,348 - corrector.core.run - INFO - Random-walk step 5776/7000: motor target x=288388nm y=-424258nm
2026-08-18 08:05:49,506 - corrector.core.run - INFO - Random-walk step 5777/7000: motor target x=287335nm y=-422213nm
2026-08-18 08:05:55,068 - corrector.core.run - INFO - Random-walk step 5778/7000: motor target x=286702nm y=-422092nm
2026-08-18 08:06:03,238 - corrector.core.run - INFO - Random-walk step 5779/7000: motor target x=284438nm y=-424859nm
2026-08-18 08:06:09,746 - corrector.core.run - INFO - Random-walk step 5780/7000: motor target x=287371nm y=-420931nm
2026-08-18 08:06:15,403 - corrector.core.run - INFO - Random-walk step 5781/7000: motor target x=288318nm y=-420620nm
2026-08-18 08:06:20,975 - corrector.core.run - INFO - Random-walk step 5782/7000: motor target x=286544nm y=-421051nm
2026-08-18 08:06:28,917 - corrector.core.run - INFO - Random-walk step 5783/7000: motor target x=284552nm y=-420123nm
2026-08-18 08:06:36,829 - corrector.core.run - INFO - Random-walk step 5784/7000: motor target x=280789nm y=-420922nm
2026-08-18 08:06:42,583 - corrector.core.run - INFO - Random-walk step 5785/7000: motor target x=280636nm y=-420886nm
2026-08-18 08:06:48,221 - corrector.core.run - INFO - Random-walk step 5786/7000: motor target x=280690nm y=-420957nm
2026-08-18 08:06:56,854 - corrector.core.run - INFO - Random-walk step 5787/7000: motor target x=280065nm y=-420251nm
2026-08-18 08:07:03,740 - corrector.core.run - INFO - Random-walk step 5788/7000: motor target x=280096nm y=-420194nm
2026-08-18 08:07:09,728 - corrector.core.run - INFO - Random-walk step 5789/7000: motor target x=280031nm y=-420769nm
2026-08-18 08:07:15,908 - corrector.core.run - INFO - Random-walk step 5790/7000: motor target x=281626nm y=-422672nm
2026-08-18 08:07:21,808 - corrector.core.run - INFO - Random-walk step 5791/7000: motor target x=281765nm y=-421765nm
2026-08-18 08:07:28,816 - corrector.core.run - INFO - Random-walk step 5792/7000: motor target x=282149nm y=-421438nm
2026-08-18 08:07:34,522 - corrector.core.run - INFO - Random-walk step 5793/7000: motor target x=282473nm y=-423277nm
2026-08-18 08:07:40,148 - corrector.core.run - INFO - Random-walk step 5794/7000: motor target x=282524nm y=-423242nm
2026-08-18 08:07:46,039 - corrector.core.run - INFO - Random-walk step 5795/7000: motor target x=282689nm y=-423475nm
2026-08-18 08:07:51,872 - corrector.core.run - INFO - Random-walk step 5796/7000: motor target x=281980nm y=-423347nm
2026-08-18 08:07:57,848 - corrector.core.run - INFO - Random-walk step 5797/7000: motor target x=283280nm y=-422934nm
2026-08-18 08:08:03,550 - corrector.core.run - INFO - Random-walk step 5798/7000: motor target x=286240nm y=-419591nm
2026-08-18 08:08:12,093 - corrector.core.run - INFO - Random-walk step 5799/7000: motor target x=286784nm y=-420364nm
2026-08-18 08:08:18,695 - corrector.core.run - INFO - Random-walk step 5800/7000: motor target x=286784nm y=-420298nm
2026-08-18 08:08:24,724 - corrector.core.run - INFO - Random-walk step 5801/7000: motor target x=287280nm y=-420795nm
2026-08-18 08:08:30,828 - corrector.core.run - INFO - Random-walk step 5802/7000: motor target x=287351nm y=-421864nm
2026-08-18 08:08:36,443 - corrector.core.run - INFO - Random-walk step 5803/7000: motor target x=282762nm y=-422104nm
2026-08-18 08:08:42,562 - corrector.core.run - INFO - Random-walk step 5804/7000: motor target x=285035nm y=-420893nm
2026-08-18 08:08:47,757 - corrector.core.run - INFO - Random-walk step 5805/7000: motor target x=285109nm y=-420891nm
2026-08-18 08:08:55,613 - corrector.core.run - INFO - Random-walk step 5806/7000: motor target x=283494nm y=-420133nm
2026-08-18 08:09:02,075 - corrector.core.run - INFO - Random-walk step 5807/7000: motor target x=283977nm y=-419354nm
2026-08-18 08:09:07,513 - corrector.core.run - INFO - Random-walk step 5808/7000: motor target x=289323nm y=-421071nm
2026-08-18 08:09:15,030 - corrector.core.run - INFO - Random-walk step 5809/7000: motor target x=288530nm y=-421864nm
2026-08-18 08:09:20,441 - corrector.core.run - INFO - Random-walk step 5810/7000: motor target x=288287nm y=-421682nm
2026-08-18 08:09:26,219 - corrector.core.run - INFO - Random-walk step 5811/7000: motor target x=290748nm y=-423321nm
2026-08-18 08:09:31,991 - corrector.core.run - INFO - Random-walk step 5812/7000: motor target x=290938nm y=-422975nm
2026-08-18 08:09:37,737 - corrector.core.run - INFO - Random-walk step 5813/7000: motor target x=291096nm y=-422529nm
2026-08-18 08:09:43,657 - corrector.core.run - INFO - Random-walk step 5814/7000: motor target x=290471nm y=-424198nm
2026-08-18 08:09:49,269 - corrector.core.run - INFO - Random-walk step 5815/7000: motor target x=290928nm y=-424822nm
2026-08-18 08:09:54,863 - corrector.core.run - INFO - Random-walk step 5816/7000: motor target x=292495nm y=-421800nm
2026-08-18 08:10:00,475 - corrector.core.run - INFO - Random-walk step 5817/7000: motor target x=292451nm y=-421887nm
2026-08-18 08:10:06,249 - corrector.core.run - INFO - Random-walk step 5818/7000: motor target x=292583nm y=-422018nm
2026-08-18 08:10:12,111 - corrector.core.run - INFO - Random-walk step 5819/7000: motor target x=290724nm y=-418248nm
2026-08-18 08:10:17,898 - corrector.core.run - INFO - Random-walk step 5820/7000: motor target x=290912nm y=-418713nm
2026-08-18 08:10:23,876 - corrector.core.run - INFO - Random-walk step 5821/7000: motor target x=289850nm y=-421599nm
2026-08-18 08:10:29,212 - corrector.core.run - INFO - Random-walk step 5822/7000: motor target x=290096nm y=-421309nm
2026-08-18 08:10:34,902 - corrector.core.run - INFO - Random-walk step 5823/7000: motor target x=290280nm y=-421365nm
2026-08-18 08:10:41,121 - corrector.core.run - INFO - Random-walk step 5824/7000: motor target x=288892nm y=-419467nm
2026-08-18 08:10:46,246 - corrector.core.run - INFO - Random-walk step 5825/7000: motor target x=288924nm y=-419523nm
2026-08-18 08:10:52,338 - corrector.core.run - INFO - Random-walk step 5826/7000: motor target x=289234nm y=-418782nm
2026-08-18 08:10:57,730 - corrector.core.run - INFO - Random-walk step 5827/7000: motor target x=289263nm y=-418735nm
2026-08-18 08:11:03,659 - corrector.core.run - INFO - Random-walk step 5828/7000: motor target x=288856nm y=-418954nm
2026-08-18 08:11:09,274 - corrector.core.run - INFO - Random-walk step 5829/7000: motor target x=288792nm y=-419219nm
2026-08-18 08:11:15,389 - corrector.core.run - INFO - Random-walk step 5830/7000: motor target x=287581nm y=-421318nm
2026-08-18 08:11:20,793 - corrector.core.run - INFO - Random-walk step 5831/7000: motor target x=287699nm y=-421684nm
2026-08-18 08:11:26,897 - corrector.core.run - INFO - Random-walk step 5832/7000: motor target x=288938nm y=-422763nm
2026-08-18 08:11:32,248 - corrector.core.run - INFO - Random-walk step 5833/7000: motor target x=289082nm y=-423151nm
2026-08-18 08:11:37,879 - corrector.core.run - INFO - Random-walk step 5834/7000: motor target x=288901nm y=-423266nm
2026-08-18 08:11:43,977 - corrector.core.run - INFO - Random-walk step 5835/7000: motor target x=293236nm y=-424198nm
2026-08-18 08:11:49,378 - corrector.core.run - INFO - Random-walk step 5836/7000: motor target x=286857nm y=-420088nm
2026-08-18 08:11:55,086 - corrector.core.run - INFO - Random-walk step 5837/7000: motor target x=289598nm y=-414842nm
2026-08-18 08:12:00,938 - corrector.core.run - INFO - Random-walk step 5838/7000: motor target x=291827nm y=-415277nm
2026-08-18 08:12:06,741 - corrector.core.run - INFO - Random-walk step 5839/7000: motor target x=291177nm y=-415549nm
2026-08-18 08:12:12,627 - corrector.core.run - INFO - Random-walk step 5840/7000: motor target x=290119nm y=-417406nm
2026-08-18 08:12:18,203 - corrector.core.run - INFO - Random-walk step 5841/7000: motor target x=289830nm y=-416764nm
2026-08-18 08:12:24,197 - corrector.core.run - INFO - Random-walk step 5842/7000: motor target x=290963nm y=-415546nm
2026-08-18 08:12:29,503 - corrector.core.run - INFO - Random-walk step 5843/7000: motor target x=290489nm y=-415406nm
2026-08-18 08:12:35,095 - corrector.core.run - INFO - Random-walk step 5844/7000: motor target x=290577nm y=-415367nm
2026-08-18 08:12:41,257 - corrector.core.run - INFO - Random-walk step 5845/7000: motor target x=288891nm y=-416429nm
2026-08-18 08:12:46,717 - corrector.core.run - INFO - Random-walk step 5846/7000: motor target x=288857nm y=-415853nm
2026-08-18 08:12:52,450 - corrector.core.run - INFO - Random-walk step 5847/7000: motor target x=288838nm y=-415257nm
2026-08-18 08:12:58,158 - corrector.core.run - INFO - Random-walk step 5848/7000: motor target x=288444nm y=-414730nm
2026-08-18 08:13:03,975 - corrector.core.run - INFO - Random-walk step 5849/7000: motor target x=288720nm y=-415296nm
2026-08-18 08:13:09,868 - corrector.core.run - INFO - Random-walk step 5850/7000: motor target x=287678nm y=-417494nm
2026-08-18 08:13:15,281 - corrector.core.run - INFO - Random-walk step 5851/7000: motor target x=297067nm y=-417509nm
2026-08-18 08:13:20,977 - corrector.core.run - INFO - Random-walk step 5852/7000: motor target x=296779nm y=-417219nm
2026-08-18 08:13:26,872 - corrector.core.run - INFO - Random-walk step 5853/7000: motor target x=296290nm y=-413693nm
2026-08-18 08:13:32,360 - corrector.core.run - INFO - Random-walk step 5854/7000: motor target x=296274nm y=-413643nm
2026-08-18 08:13:38,257 - corrector.core.run - INFO - Random-walk step 5855/7000: motor target x=296544nm y=-413494nm
2026-08-18 08:13:43,869 - corrector.core.run - INFO - Random-walk step 5856/7000: motor target x=296615nm y=-413772nm
2026-08-18 08:13:49,970 - corrector.core.run - INFO - Random-walk step 5857/7000: motor target x=295523nm y=-414159nm
2026-08-18 08:13:55,313 - corrector.core.run - INFO - Random-walk step 5858/7000: motor target x=295195nm y=-414206nm
2026-08-18 08:14:01,291 - corrector.core.run - INFO - Random-walk step 5859/7000: motor target x=289246nm y=-415066nm
2026-08-18 08:14:06,811 - corrector.core.run - INFO - Random-walk step 5860/7000: motor target x=289163nm y=-415461nm
2026-08-18 08:14:12,782 - corrector.core.run - INFO - Random-walk step 5861/7000: motor target x=289651nm y=-414670nm
2026-08-18 08:14:18,811 - corrector.core.run - INFO - Random-walk step 5862/7000: motor target x=290844nm y=-416137nm
2026-08-18 08:14:24,547 - corrector.core.run - INFO - Random-walk step 5863/7000: motor target x=295144nm y=-414660nm
2026-08-18 08:14:29,770 - corrector.core.run - INFO - Random-walk step 5864/7000: motor target x=295299nm y=-415079nm
2026-08-18 08:14:35,427 - corrector.core.run - INFO - Random-walk step 5865/7000: motor target x=292606nm y=-412426nm
2026-08-18 08:14:41,277 - corrector.core.run - INFO - Random-walk step 5866/7000: motor target x=293199nm y=-412357nm
2026-08-18 08:14:47,166 - corrector.core.run - INFO - Random-walk step 5867/7000: motor target x=293438nm y=-413208nm
2026-08-18 08:14:52,750 - corrector.core.run - INFO - Random-walk step 5868/7000: motor target x=293358nm y=-412554nm
2026-08-18 08:14:58,378 - corrector.core.run - INFO - Random-walk step 5869/7000: motor target x=293104nm y=-412981nm
2026-08-18 08:15:04,259 - corrector.core.run - INFO - Random-walk step 5870/7000: motor target x=292989nm y=-412242nm
2026-08-18 08:15:09,741 - corrector.core.run - INFO - Random-walk step 5871/7000: motor target x=291071nm y=-412296nm
2026-08-18 08:15:15,452 - corrector.core.run - INFO - Random-walk step 5872/7000: motor target x=290859nm y=-412347nm
2026-08-18 08:15:21,415 - corrector.core.run - INFO - Random-walk step 5873/7000: motor target x=291477nm y=-412495nm
2026-08-18 08:15:26,870 - corrector.core.run - INFO - Random-walk step 5874/7000: motor target x=291606nm y=-412409nm
2026-08-18 08:15:32,619 - corrector.core.run - INFO - Random-walk step 5875/7000: motor target x=291474nm y=-412412nm
2026-08-18 08:15:38,492 - corrector.core.run - INFO - Random-walk step 5876/7000: motor target x=294672nm y=-409272nm
2026-08-18 08:15:44,373 - corrector.core.run - INFO - Random-walk step 5877/7000: motor target x=295441nm y=-409034nm
2026-08-18 08:15:50,013 - corrector.core.run - INFO - Random-walk step 5878/7000: motor target x=295982nm y=-409075nm
2026-08-18 08:15:55,603 - corrector.core.run - INFO - Random-walk step 5879/7000: motor target x=296089nm y=-408664nm
2026-08-18 08:16:01,233 - corrector.core.run - INFO - Random-walk step 5880/7000: motor target x=296142nm y=-408660nm
2026-08-18 08:16:07,406 - corrector.core.run - INFO - Random-walk step 5881/7000: motor target x=295824nm y=-407512nm
2026-08-18 08:16:15,828 - corrector.core.run - INFO - Random-walk step 5882/7000: motor target x=295425nm y=-407484nm
2026-08-18 08:16:21,818 - corrector.core.run - INFO - Random-walk step 5883/7000: motor target x=296262nm y=-407728nm
2026-08-18 08:16:27,218 - corrector.core.run - INFO - Random-walk step 5884/7000: motor target x=296377nm y=-407590nm
2026-08-18 08:16:33,120 - corrector.core.run - INFO - Random-walk step 5885/7000: motor target x=295949nm y=-407249nm
2026-08-18 08:16:38,720 - corrector.core.run - INFO - Random-walk step 5886/7000: motor target x=295671nm y=-407384nm
2026-08-18 08:16:44,512 - corrector.core.run - INFO - Random-walk step 5887/7000: motor target x=295699nm y=-406991nm
2026-08-18 08:16:50,599 - corrector.core.run - INFO - Random-walk step 5888/7000: motor target x=295036nm y=-405720nm
2026-08-18 08:16:55,920 - corrector.core.run - INFO - Random-walk step 5889/7000: motor target x=295287nm y=-404017nm
2026-08-18 08:17:03,453 - corrector.core.run - INFO - Random-walk step 5890/7000: motor target x=297164nm y=-403059nm
2026-08-18 08:17:08,953 - corrector.core.run - INFO - Random-walk step 5891/7000: motor target x=296661nm y=-403096nm
2026-08-18 08:17:14,867 - corrector.core.run - INFO - Random-walk step 5892/7000: motor target x=297401nm y=-406401nm
2026-08-18 08:17:20,519 - corrector.core.run - INFO - Random-walk step 5893/7000: motor target x=296866nm y=-406604nm
2026-08-18 08:17:26,041 - corrector.core.run - INFO - Random-walk step 5894/7000: motor target x=297047nm y=-406702nm
2026-08-18 08:17:31,797 - corrector.core.run - INFO - Random-walk step 5895/7000: motor target x=297420nm y=-406513nm
2026-08-18 08:17:37,843 - corrector.core.run - INFO - Random-walk step 5896/7000: motor target x=298178nm y=-405504nm
2026-08-18 08:17:43,533 - corrector.core.run - INFO - Random-walk step 5897/7000: motor target x=297921nm y=-404693nm
2026-08-18 08:17:49,314 - corrector.core.run - INFO - Random-walk step 5898/7000: motor target x=296985nm y=-404152nm
2026-08-18 08:17:54,877 - corrector.core.run - INFO - Random-walk step 5899/7000: motor target x=296301nm y=-403753nm
2026-08-18 08:18:00,404 - corrector.core.run - INFO - Random-walk step 5900/7000: motor target x=296048nm y=-403778nm
2026-08-18 08:18:06,453 - corrector.core.run - INFO - Random-walk step 5901/7000: motor target x=295961nm y=-402931nm
2026-08-18 08:18:11,882 - corrector.core.run - INFO - Random-walk step 5902/7000: motor target x=299620nm y=-400263nm
2026-08-18 08:18:18,018 - corrector.core.run - INFO - Random-walk step 5903/7000: motor target x=300809nm y=-401196nm
2026-08-18 08:18:23,253 - corrector.core.run - INFO - Random-walk step 5904/7000: motor target x=300826nm y=-401279nm
2026-08-18 08:18:29,365 - corrector.core.run - INFO - Random-walk step 5905/7000: motor target x=301778nm y=-401200nm
2026-08-18 08:18:34,778 - corrector.core.run - INFO - Random-walk step 5906/7000: motor target x=300041nm y=-401332nm
2026-08-18 08:18:40,492 - corrector.core.run - INFO - Random-walk step 5907/7000: motor target x=299906nm y=-401134nm
2026-08-18 08:18:46,350 - corrector.core.run - INFO - Random-walk step 5908/7000: motor target x=300164nm y=-401241nm
2026-08-18 08:18:52,197 - corrector.core.run - INFO - Random-walk step 5909/7000: motor target x=300907nm y=-400837nm
2026-08-18 08:18:57,893 - corrector.core.run - INFO - Random-walk step 5910/7000: motor target x=301119nm y=-400108nm
2026-08-18 08:19:03,370 - corrector.core.run - INFO - Random-walk step 5911/7000: motor target x=301028nm y=-399912nm
2026-08-18 08:19:09,420 - corrector.core.run - INFO - Random-walk step 5912/7000: motor target x=300208nm y=-398284nm
2026-08-18 08:19:14,954 - corrector.core.run - INFO - Random-walk step 5913/7000: motor target x=299897nm y=-408101nm
2026-08-18 08:19:20,615 - corrector.core.run - INFO - Random-walk step 5914/7000: motor target x=297371nm y=-404433nm
2026-08-18 08:19:26,580 - corrector.core.run - INFO - Random-walk step 5915/7000: motor target x=296717nm y=-406041nm
2026-08-18 08:19:32,399 - corrector.core.run - INFO - Random-walk step 5916/7000: motor target x=297806nm y=-405313nm
2026-08-18 08:19:37,701 - corrector.core.run - INFO - Random-walk step 5917/7000: motor target x=297823nm y=-405500nm
2026-08-18 08:19:43,695 - corrector.core.run - INFO - Random-walk step 5918/7000: motor target x=298602nm y=-408590nm
2026-08-18 08:19:49,441 - corrector.core.run - INFO - Random-walk step 5919/7000: motor target x=298539nm y=-409433nm
2026-08-18 08:19:54,848 - corrector.core.run - INFO - Random-walk step 5920/7000: motor target x=298534nm y=-409345nm
2026-08-18 08:20:01,115 - corrector.core.run - INFO - Random-walk step 5921/7000: motor target x=299888nm y=-405186nm
2026-08-18 08:20:06,779 - corrector.core.run - INFO - Random-walk step 5922/7000: motor target x=309744nm y=-404163nm
2026-08-18 08:20:12,199 - corrector.core.run - INFO - Random-walk step 5923/7000: motor target x=310012nm y=-404602nm
2026-08-18 08:20:17,918 - corrector.core.run - INFO - Random-walk step 5924/7000: motor target x=309783nm y=-405111nm
2026-08-18 08:20:23,573 - corrector.core.run - INFO - Random-walk step 5925/7000: motor target x=310132nm y=-405312nm
2026-08-18 08:20:29,300 - corrector.core.run - INFO - Random-walk step 5926/7000: motor target x=310316nm y=-404929nm
2026-08-18 08:20:34,958 - corrector.core.run - INFO - Random-walk step 5927/7000: motor target x=310425nm y=-405022nm
2026-08-18 08:20:40,855 - corrector.core.run - INFO - Random-walk step 5928/7000: motor target x=310748nm y=-405464nm
2026-08-18 08:20:46,638 - corrector.core.run - INFO - Random-walk step 5929/7000: motor target x=306023nm y=-398707nm
2026-08-18 08:20:52,488 - corrector.core.run - INFO - Random-walk step 5930/7000: motor target x=308003nm y=-397761nm
2026-08-18 08:20:58,299 - corrector.core.run - INFO - Random-walk step 5931/7000: motor target x=306834nm y=-401392nm
2026-08-18 08:21:03,616 - corrector.core.run - INFO - Random-walk step 5932/7000: motor target x=306640nm y=-401177nm
2026-08-18 08:21:09,360 - corrector.core.run - INFO - Random-walk step 5933/7000: motor target x=306864nm y=-401398nm
2026-08-18 08:21:15,032 - corrector.core.run - INFO - Random-walk step 5934/7000: motor target x=306829nm y=-401308nm
2026-08-18 08:21:20,896 - corrector.core.run - INFO - Random-walk step 5935/7000: motor target x=307027nm y=-401043nm
2026-08-18 08:21:26,500 - corrector.core.run - INFO - Random-walk step 5936/7000: motor target x=306920nm y=-400996nm
2026-08-18 08:21:32,574 - corrector.core.run - INFO - Random-walk step 5937/7000: motor target x=306108nm y=-400465nm
2026-08-18 08:21:38,340 - corrector.core.run - INFO - Random-walk step 5938/7000: motor target x=305081nm y=-404428nm
2026-08-18 08:21:43,734 - corrector.core.run - INFO - Random-walk step 5939/7000: motor target x=304810nm y=-404429nm
2026-08-18 08:21:49,988 - corrector.core.run - INFO - Random-walk step 5940/7000: motor target x=303298nm y=-406240nm
2026-08-18 08:21:55,204 - corrector.core.run - INFO - Random-walk step 5941/7000: motor target x=303503nm y=-409407nm
2026-08-18 08:22:01,100 - corrector.core.run - INFO - Random-walk step 5942/7000: motor target x=303928nm y=-408904nm
2026-08-18 08:22:07,104 - corrector.core.run - INFO - Random-walk step 5943/7000: motor target x=304552nm y=-410164nm
2026-08-18 08:22:12,413 - corrector.core.run - INFO - Random-walk step 5944/7000: motor target x=304397nm y=-409847nm
2026-08-18 08:22:18,293 - corrector.core.run - INFO - Random-walk step 5945/7000: motor target x=303783nm y=-409462nm
2026-08-18 08:22:23,857 - corrector.core.run - INFO - Random-walk step 5946/7000: motor target x=311803nm y=-403912nm
2026-08-18 08:22:29,821 - corrector.core.run - INFO - Random-walk step 5947/7000: motor target x=311306nm y=-404700nm
2026-08-18 08:22:35,585 - corrector.core.run - INFO - Random-walk step 5948/7000: motor target x=310360nm y=-407445nm
2026-08-18 08:22:41,281 - corrector.core.run - INFO - Random-walk step 5949/7000: motor target x=311199nm y=-407312nm
2026-08-18 08:22:47,154 - corrector.core.run - INFO - Random-walk step 5950/7000: motor target x=309935nm y=-407857nm
2026-08-18 08:22:52,489 - corrector.core.run - INFO - Random-walk step 5951/7000: motor target x=311704nm y=-405398nm
2026-08-18 08:22:58,146 - corrector.core.run - INFO - Random-walk step 5952/7000: motor target x=311882nm y=-405322nm
2026-08-18 08:23:04,457 - corrector.core.run - INFO - Random-walk step 5953/7000: motor target x=310378nm y=-404155nm
2026-08-18 08:23:09,695 - corrector.core.run - INFO - Random-walk step 5954/7000: motor target x=310107nm y=-403734nm
2026-08-18 08:23:15,701 - corrector.core.run - INFO - Random-walk step 5955/7000: motor target x=311034nm y=-404028nm
2026-08-18 08:23:21,269 - corrector.core.run - INFO - Random-walk step 5956/7000: motor target x=311224nm y=-403613nm
2026-08-18 08:23:26,882 - corrector.core.run - INFO - Random-walk step 5957/7000: motor target x=311535nm y=-403958nm
2026-08-18 08:23:32,892 - corrector.core.run - INFO - Random-walk step 5958/7000: motor target x=311038nm y=-402944nm
2026-08-18 08:23:38,276 - corrector.core.run - INFO - Random-walk step 5959/7000: motor target x=306442nm y=-404645nm
2026-08-18 08:23:44,002 - corrector.core.run - INFO - Random-walk step 5960/7000: motor target x=304415nm y=-404513nm
2026-08-18 08:23:50,087 - corrector.core.run - INFO - Random-walk step 5961/7000: motor target x=304109nm y=-405588nm
2026-08-18 08:23:55,457 - corrector.core.run - INFO - Random-walk step 5962/7000: motor target x=304054nm y=-405882nm
2026-08-18 08:24:01,494 - corrector.core.run - INFO - Random-walk step 5963/7000: motor target x=305060nm y=-403950nm
2026-08-18 08:24:06,836 - corrector.core.run - INFO - Random-walk step 5964/7000: motor target x=305122nm y=-403897nm
2026-08-18 08:24:12,876 - corrector.core.run - INFO - Random-walk step 5965/7000: motor target x=305755nm y=-404077nm
2026-08-18 08:24:18,481 - corrector.core.run - INFO - Random-walk step 5966/7000: motor target x=307446nm y=-404453nm
2026-08-18 08:24:24,195 - corrector.core.run - INFO - Random-walk step 5967/7000: motor target x=307492nm y=-404815nm
2026-08-18 08:24:30,080 - corrector.core.run - INFO - Random-walk step 5968/7000: motor target x=308309nm y=-404684nm
2026-08-18 08:24:35,646 - corrector.core.run - INFO - Random-walk step 5969/7000: motor target x=301947nm y=-402507nm
2026-08-18 08:24:41,293 - corrector.core.run - INFO - Random-walk step 5970/7000: motor target x=301903nm y=-402201nm
2026-08-18 08:24:46,940 - corrector.core.run - INFO - Random-walk step 5971/7000: motor target x=301757nm y=-402196nm
2026-08-18 08:24:52,979 - corrector.core.run - INFO - Random-walk step 5972/7000: motor target x=302569nm y=-399398nm
2026-08-18 08:24:58,341 - corrector.core.run - INFO - Random-walk step 5973/7000: motor target x=302568nm y=-399346nm
2026-08-18 08:25:04,463 - corrector.core.run - INFO - Random-walk step 5974/7000: motor target x=302967nm y=-400090nm
2026-08-18 08:25:09,877 - corrector.core.run - INFO - Random-walk step 5975/7000: motor target x=303085nm y=-400281nm
2026-08-18 08:25:15,717 - corrector.core.run - INFO - Random-walk step 5976/7000: motor target x=302854nm y=-402627nm
2026-08-18 08:25:21,556 - corrector.core.run - INFO - Random-walk step 5977/7000: motor target x=303411nm y=-403062nm
2026-08-18 08:25:27,561 - corrector.core.run - INFO - Random-walk step 5978/7000: motor target x=302712nm y=-401709nm
2026-08-18 08:25:33,213 - corrector.core.run - INFO - Random-walk step 5979/7000: motor target x=301611nm y=-399561nm
2026-08-18 08:25:38,554 - corrector.core.run - INFO - Random-walk step 5980/7000: motor target x=301492nm y=-399228nm
2026-08-18 08:25:44,381 - corrector.core.run - INFO - Random-walk step 5981/7000: motor target x=302048nm y=-398918nm
2026-08-18 08:25:49,970 - corrector.core.run - INFO - Random-walk step 5982/7000: motor target x=302220nm y=-397127nm
2026-08-18 08:25:55,611 - corrector.core.run - INFO - Random-walk step 5983/7000: motor target x=302229nm y=-397043nm
2026-08-18 08:26:01,434 - corrector.core.run - INFO - Random-walk step 5984/7000: motor target x=302180nm y=-393936nm
2026-08-18 08:26:07,340 - corrector.core.run - INFO - Random-walk step 5985/7000: motor target x=301701nm y=-394053nm
2026-08-18 08:26:13,178 - corrector.core.run - INFO - Random-walk step 5986/7000: motor target x=300880nm y=-391998nm
2026-08-18 08:26:19,272 - corrector.core.run - INFO - Random-walk step 5987/7000: motor target x=299361nm y=-388788nm
2026-08-18 08:26:24,358 - corrector.core.run - INFO - Random-walk step 5988/7000: motor target x=299311nm y=-388479nm
2026-08-18 08:26:30,462 - corrector.core.run - INFO - Random-walk step 5989/7000: motor target x=298897nm y=-389650nm
2026-08-18 08:26:36,323 - corrector.core.run - INFO - Random-walk step 5990/7000: motor target x=297455nm y=-388518nm
2026-08-18 08:26:41,502 - corrector.core.run - INFO - Random-walk step 5991/7000: motor target x=297245nm y=-388414nm
2026-08-18 08:26:47,256 - corrector.core.run - INFO - Random-walk step 5992/7000: motor target x=297010nm y=-388603nm
2026-08-18 08:26:53,006 - corrector.core.run - INFO - Random-walk step 5993/7000: motor target x=297411nm y=-388615nm
2026-08-18 08:26:58,974 - corrector.core.run - INFO - Random-walk step 5994/7000: motor target x=296690nm y=-389376nm
2026-08-18 08:27:04,493 - corrector.core.run - INFO - Random-walk step 5995/7000: motor target x=298919nm y=-391660nm
2026-08-18 08:27:10,281 - corrector.core.run - INFO - Random-walk step 5996/7000: motor target x=299327nm y=-394002nm
2026-08-18 08:27:16,107 - corrector.core.run - INFO - Random-walk step 5997/7000: motor target x=298710nm y=-394211nm
2026-08-18 08:27:21,697 - corrector.core.run - INFO - Random-walk step 5998/7000: motor target x=299116nm y=-393885nm
2026-08-18 08:27:27,461 - corrector.core.run - INFO - Random-walk step 5999/7000: motor target x=299632nm y=-393376nm
2026-08-18 08:27:32,974 - corrector.core.run - INFO - Random-walk step 6000/7000: motor target x=299697nm y=-393420nm
2026-08-18 08:27:39,102 - corrector.core.run - INFO - Random-walk step 6001/7000: motor target x=299808nm y=-394155nm
2026-08-18 08:27:44,532 - corrector.core.run - INFO - Random-walk step 6002/7000: motor target x=299477nm y=-392233nm
2026-08-18 08:27:50,430 - corrector.core.run - INFO - Random-walk step 6003/7000: motor target x=299581nm y=-392781nm
2026-08-18 08:27:55,907 - corrector.core.run - INFO - Random-walk step 6004/7000: motor target x=299629nm y=-392882nm
2026-08-18 08:28:01,802 - corrector.core.run - INFO - Random-walk step 6005/7000: motor target x=299589nm y=-392523nm
2026-08-18 08:28:07,355 - corrector.core.run - INFO - Random-walk step 6006/7000: motor target x=299548nm y=-392553nm
2026-08-18 08:28:13,417 - corrector.core.run - INFO - Random-walk step 6007/7000: motor target x=300246nm y=-391871nm
2026-08-18 08:28:19,205 - corrector.core.run - INFO - Random-walk step 6008/7000: motor target x=301038nm y=-391574nm
2026-08-18 08:28:24,908 - corrector.core.run - INFO - Random-walk step 6009/7000: motor target x=297373nm y=-390592nm
2026-08-18 08:28:30,235 - corrector.core.run - INFO - Random-walk step 6010/7000: motor target x=297312nm y=-390606nm
2026-08-18 08:28:36,441 - corrector.core.run - INFO - Random-walk step 6011/7000: motor target x=295202nm y=-391774nm
2026-08-18 08:28:41,973 - corrector.core.run - INFO - Random-walk step 6012/7000: motor target x=296937nm y=-391271nm
2026-08-18 08:28:47,542 - corrector.core.run - INFO - Random-walk step 6013/7000: motor target x=299904nm y=-394384nm
2026-08-18 08:28:53,476 - corrector.core.run - INFO - Random-walk step 6014/7000: motor target x=299781nm y=-393784nm
2026-08-18 08:28:59,001 - corrector.core.run - INFO - Random-walk step 6015/7000: motor target x=303621nm y=-393573nm
2026-08-18 08:29:04,644 - corrector.core.run - INFO - Random-walk step 6016/7000: motor target x=303672nm y=-393662nm
2026-08-18 08:29:10,444 - corrector.core.run - INFO - Random-walk step 6017/7000: motor target x=303765nm y=-393908nm
2026-08-18 08:29:16,268 - corrector.core.run - INFO - Random-walk step 6018/7000: motor target x=307412nm y=-398185nm
2026-08-18 08:29:21,814 - corrector.core.run - INFO - Random-walk step 6019/7000: motor target x=307475nm y=-398178nm
2026-08-18 08:29:27,762 - corrector.core.run - INFO - Random-walk step 6020/7000: motor target x=307909nm y=-397902nm
2026-08-18 08:29:33,439 - corrector.core.run - INFO - Random-walk step 6021/7000: motor target x=307390nm y=-397701nm
2026-08-18 08:29:39,283 - corrector.core.run - INFO - Random-walk step 6022/7000: motor target x=307709nm y=-398298nm
2026-08-18 08:29:44,808 - corrector.core.run - INFO - Random-walk step 6023/7000: motor target x=310009nm y=-405069nm
2026-08-18 08:29:50,786 - corrector.core.run - INFO - Random-walk step 6024/7000: motor target x=310454nm y=-405906nm
2026-08-18 08:29:56,234 - corrector.core.run - INFO - Random-walk step 6025/7000: motor target x=308615nm y=-400584nm
2026-08-18 08:30:01,887 - corrector.core.run - INFO - Random-walk step 6026/7000: motor target x=308593nm y=-400522nm
2026-08-18 08:30:07,791 - corrector.core.run - INFO - Random-walk step 6027/7000: motor target x=303226nm y=-394365nm
2026-08-18 08:30:13,749 - corrector.core.run - INFO - Random-walk step 6028/7000: motor target x=302309nm y=-392416nm
2026-08-18 08:30:19,163 - corrector.core.run - INFO - Random-walk step 6029/7000: motor target x=296099nm y=-390337nm
2026-08-18 08:30:24,886 - corrector.core.run - INFO - Random-walk step 6030/7000: motor target x=296040nm y=-389998nm
2026-08-18 08:30:30,825 - corrector.core.run - INFO - Random-walk step 6031/7000: motor target x=295320nm y=-390671nm
2026-08-18 08:30:36,538 - corrector.core.run - INFO - Random-walk step 6032/7000: motor target x=295368nm y=-391410nm
2026-08-18 08:30:41,975 - corrector.core.run - INFO - Random-walk step 6033/7000: motor target x=295213nm y=-391402nm
2026-08-18 08:30:48,121 - corrector.core.run - INFO - Random-walk step 6034/7000: motor target x=294192nm y=-391811nm
2026-08-18 08:30:53,443 - corrector.core.run - INFO - Random-walk step 6035/7000: motor target x=294038nm y=-391836nm
2026-08-18 08:30:59,323 - corrector.core.run - INFO - Random-walk step 6036/7000: motor target x=293763nm y=-392032nm
2026-08-18 08:31:05,364 - corrector.core.run - INFO - Random-walk step 6037/7000: motor target x=292460nm y=-392146nm
2026-08-18 08:31:10,614 - corrector.core.run - INFO - Random-walk step 6038/7000: motor target x=292670nm y=-392279nm
2026-08-18 08:31:16,491 - corrector.core.run - INFO - Random-walk step 6039/7000: motor target x=289875nm y=-393939nm
2026-08-18 08:31:22,054 - corrector.core.run - INFO - Random-walk step 6040/7000: motor target x=289855nm y=-394011nm
2026-08-18 08:31:27,946 - corrector.core.run - INFO - Random-walk step 6041/7000: motor target x=290199nm y=-393907nm
2026-08-18 08:31:34,038 - corrector.core.run - INFO - Random-walk step 6042/7000: motor target x=291566nm y=-393962nm
2026-08-18 08:31:39,508 - corrector.core.run - INFO - Random-walk step 6043/7000: motor target x=292151nm y=-393860nm
2026-08-18 08:31:45,662 - corrector.core.run - INFO - Random-walk step 6044/7000: motor target x=290717nm y=-392410nm
2026-08-18 08:31:51,038 - corrector.core.run - INFO - Random-walk step 6045/7000: motor target x=290464nm y=-391644nm
2026-08-18 08:31:56,449 - corrector.core.run - INFO - Random-walk step 6046/7000: motor target x=290257nm y=-391759nm
2026-08-18 08:32:02,216 - corrector.core.run - INFO - Random-walk step 6047/7000: motor target x=289964nm y=-391928nm
2026-08-18 08:32:07,989 - corrector.core.run - INFO - Random-walk step 6048/7000: motor target x=289670nm y=-392277nm
2026-08-18 08:32:14,176 - corrector.core.run - INFO - Random-walk step 6049/7000: motor target x=288978nm y=-390884nm
2026-08-18 08:32:19,746 - corrector.core.run - INFO - Random-walk step 6050/7000: motor target x=288067nm y=-390844nm
2026-08-18 08:32:25,131 - corrector.core.run - INFO - Random-walk step 6051/7000: motor target x=285047nm y=-390526nm
2026-08-18 08:32:31,283 - corrector.core.run - INFO - Random-walk step 6052/7000: motor target x=286334nm y=-388145nm
2026-08-18 08:32:36,559 - corrector.core.run - INFO - Random-walk step 6053/7000: motor target x=290239nm y=-390154nm
2026-08-18 08:32:42,850 - corrector.core.run - INFO - Random-walk step 6054/7000: motor target x=288690nm y=-392544nm
2026-08-18 08:32:48,283 - corrector.core.run - INFO - Random-walk step 6055/7000: motor target x=289622nm y=-391716nm
2026-08-18 08:32:53,759 - corrector.core.run - INFO - Random-walk step 6056/7000: motor target x=294089nm y=-393335nm
2026-08-18 08:32:59,871 - corrector.core.run - INFO - Random-walk step 6057/7000: motor target x=295079nm y=-392380nm
2026-08-18 08:33:05,425 - corrector.core.run - INFO - Random-walk step 6058/7000: motor target x=294285nm y=-391920nm
2026-08-18 08:33:11,277 - corrector.core.run - INFO - Random-walk step 6059/7000: motor target x=289607nm y=-392689nm
2026-08-18 08:33:16,736 - corrector.core.run - INFO - Random-walk step 6060/7000: motor target x=289283nm y=-393109nm
2026-08-18 08:33:22,759 - corrector.core.run - INFO - Random-walk step 6061/7000: motor target x=290259nm y=-391269nm
2026-08-18 08:33:28,480 - corrector.core.run - INFO - Random-walk step 6062/7000: motor target x=289168nm y=-392358nm
2026-08-18 08:33:34,328 - corrector.core.run - INFO - Random-walk step 6063/7000: motor target x=290482nm y=-392857nm
2026-08-18 08:33:39,652 - corrector.core.run - INFO - Random-walk step 6064/7000: motor target x=292523nm y=-390975nm
2026-08-18 08:33:45,663 - corrector.core.run - INFO - Random-walk step 6065/7000: motor target x=293435nm y=-388914nm
2026-08-18 08:33:51,142 - corrector.core.run - INFO - Random-walk step 6066/7000: motor target x=293050nm y=-388747nm
2026-08-18 08:33:57,045 - corrector.core.run - INFO - Random-walk step 6067/7000: motor target x=296376nm y=-387845nm
2026-08-18 08:34:02,622 - corrector.core.run - INFO - Random-walk step 6068/7000: motor target x=294699nm y=-388261nm
2026-08-18 08:34:08,651 - corrector.core.run - INFO - Random-walk step 6069/7000: motor target x=295989nm y=-391618nm
2026-08-18 08:34:14,277 - corrector.core.run - INFO - Random-walk step 6070/7000: motor target x=290599nm y=-392547nm
2026-08-18 08:34:19,622 - corrector.core.run - INFO - Random-walk step 6071/7000: motor target x=290610nm y=-392688nm
2026-08-18 08:34:25,746 - corrector.core.run - INFO - Random-walk step 6072/7000: motor target x=291446nm y=-391961nm
2026-08-18 08:34:31,460 - corrector.core.run - INFO - Random-walk step 6073/7000: motor target x=293828nm y=-391213nm
2026-08-18 08:34:36,959 - corrector.core.run - INFO - Random-walk step 6074/7000: motor target x=293276nm y=-391218nm
2026-08-18 08:34:42,596 - corrector.core.run - INFO - Random-walk step 6075/7000: motor target x=295208nm y=-388351nm
2026-08-18 08:34:48,414 - corrector.core.run - INFO - Random-walk step 6076/7000: motor target x=295074nm y=-388660nm
2026-08-18 08:34:54,234 - corrector.core.run - INFO - Random-walk step 6077/7000: motor target x=294529nm y=-389241nm
2026-08-18 08:34:59,976 - corrector.core.run - INFO - Random-walk step 6078/7000: motor target x=294133nm y=-389841nm
2026-08-18 08:35:05,512 - corrector.core.run - INFO - Random-walk step 6079/7000: motor target x=291637nm y=-391912nm
2026-08-18 08:35:11,208 - corrector.core.run - INFO - Random-walk step 6080/7000: motor target x=291510nm y=-391969nm
2026-08-18 08:35:16,920 - corrector.core.run - INFO - Random-walk step 6081/7000: motor target x=291292nm y=-391944nm
2026-08-18 08:35:22,623 - corrector.core.run - INFO - Random-walk step 6082/7000: motor target x=291295nm y=-392098nm
2026-08-18 08:35:28,545 - corrector.core.run - INFO - Random-walk step 6083/7000: motor target x=290853nm y=-392321nm
2026-08-18 08:35:34,381 - corrector.core.run - INFO - Random-walk step 6084/7000: motor target x=291540nm y=-391667nm
2026-08-18 08:35:39,818 - corrector.core.run - INFO - Random-walk step 6085/7000: motor target x=289542nm y=-391648nm
2026-08-18 08:35:46,035 - corrector.core.run - INFO - Random-walk step 6086/7000: motor target x=288594nm y=-390347nm
2026-08-18 08:35:51,686 - corrector.core.run - INFO - Random-walk step 6087/7000: motor target x=290762nm y=-391387nm
2026-08-18 08:35:57,193 - corrector.core.run - INFO - Random-walk step 6088/7000: motor target x=295062nm y=-391958nm
2026-08-18 08:36:02,768 - corrector.core.run - INFO - Random-walk step 6089/7000: motor target x=292392nm y=-393677nm
2026-08-18 08:36:08,435 - corrector.core.run - INFO - Random-walk step 6090/7000: motor target x=292581nm y=-393682nm
2026-08-18 08:36:14,595 - corrector.core.run - INFO - Random-walk step 6091/7000: motor target x=291538nm y=-395917nm
2026-08-18 08:36:19,971 - corrector.core.run - INFO - Random-walk step 6092/7000: motor target x=291890nm y=-395696nm
2026-08-18 08:36:25,806 - corrector.core.run - INFO - Random-walk step 6093/7000: motor target x=291433nm y=-397657nm
2026-08-18 08:36:31,526 - corrector.core.run - INFO - Random-walk step 6094/7000: motor target x=296992nm y=-398056nm
2026-08-18 08:36:37,312 - corrector.core.run - INFO - Random-walk step 6095/7000: motor target x=297607nm y=-398119nm
2026-08-18 08:36:43,078 - corrector.core.run - INFO - Random-walk step 6096/7000: motor target x=296908nm y=-398303nm
2026-08-18 08:36:48,609 - corrector.core.run - INFO - Random-walk step 6097/7000: motor target x=291621nm y=-401999nm
2026-08-18 08:36:54,485 - corrector.core.run - INFO - Random-walk step 6098/7000: motor target x=289624nm y=-402549nm
2026-08-18 08:37:00,550 - corrector.core.run - INFO - Random-walk step 6099/7000: motor target x=289726nm y=-401101nm
2026-08-18 08:37:06,010 - corrector.core.run - INFO - Random-walk step 6100/7000: motor target x=289924nm y=-401866nm
2026-08-18 08:37:11,789 - corrector.core.run - INFO - Random-walk step 6101/7000: motor target x=290500nm y=-402626nm
2026-08-18 08:37:17,432 - corrector.core.run - INFO - Random-walk step 6102/7000: motor target x=289761nm y=-406284nm
2026-08-18 08:37:23,022 - corrector.core.run - INFO - Random-walk step 6103/7000: motor target x=286585nm y=-406662nm
2026-08-18 08:37:28,968 - corrector.core.run - INFO - Random-walk step 6104/7000: motor target x=287421nm y=-406104nm
2026-08-18 08:37:34,380 - corrector.core.run - INFO - Random-walk step 6105/7000: motor target x=287272nm y=-405949nm
2026-08-18 08:37:40,066 - corrector.core.run - INFO - Random-walk step 6106/7000: motor target x=287353nm y=-405978nm
2026-08-18 08:37:46,107 - corrector.core.run - INFO - Random-walk step 6107/7000: motor target x=286569nm y=-405915nm
2026-08-18 08:37:51,849 - corrector.core.run - INFO - Random-walk step 6108/7000: motor target x=287401nm y=-407461nm
2026-08-18 08:37:57,300 - corrector.core.run - INFO - Random-walk step 6109/7000: motor target x=287523nm y=-407657nm
2026-08-18 08:38:02,989 - corrector.core.run - INFO - Random-walk step 6110/7000: motor target x=287640nm y=-407631nm
2026-08-18 08:38:09,023 - corrector.core.run - INFO - Random-walk step 6111/7000: motor target x=293711nm y=-408365nm
2026-08-18 08:38:14,528 - corrector.core.run - INFO - Random-walk step 6112/7000: motor target x=294085nm y=-407986nm
2026-08-18 08:38:20,150 - corrector.core.run - INFO - Random-walk step 6113/7000: motor target x=294091nm y=-408153nm
2026-08-18 08:38:26,027 - corrector.core.run - INFO - Random-walk step 6114/7000: motor target x=294423nm y=-403629nm
2026-08-18 08:38:31,925 - corrector.core.run - INFO - Random-walk step 6115/7000: motor target x=295192nm y=-403341nm
2026-08-18 08:38:37,761 - corrector.core.run - INFO - Random-walk step 6116/7000: motor target x=299704nm y=-402167nm
2026-08-18 08:38:43,118 - corrector.core.run - INFO - Random-walk step 6117/7000: motor target x=299961nm y=-402396nm
2026-08-18 08:38:48,925 - corrector.core.run - INFO - Random-walk step 6118/7000: motor target x=302513nm y=-400307nm
2026-08-18 08:38:54,627 - corrector.core.run - INFO - Random-walk step 6119/7000: motor target x=300579nm y=-404308nm
2026-08-18 08:39:00,559 - corrector.core.run - INFO - Random-walk step 6120/7000: motor target x=299820nm y=-402680nm
2026-08-18 08:39:06,362 - corrector.core.run - INFO - Random-walk step 6121/7000: motor target x=300878nm y=-402652nm
2026-08-18 08:39:11,821 - corrector.core.run - INFO - Random-walk step 6122/7000: motor target x=300470nm y=-402364nm
2026-08-18 08:39:17,685 - corrector.core.run - INFO - Random-walk step 6123/7000: motor target x=301139nm y=-402136nm
2026-08-18 08:39:23,418 - corrector.core.run - INFO - Random-walk step 6124/7000: motor target x=299325nm y=-402820nm
2026-08-18 08:39:28,941 - corrector.core.run - INFO - Random-walk step 6125/7000: motor target x=296250nm y=-405697nm
2026-08-18 08:39:34,651 - corrector.core.run - INFO - Random-walk step 6126/7000: motor target x=296458nm y=-405905nm
2026-08-18 08:39:40,507 - corrector.core.run - INFO - Random-walk step 6127/7000: motor target x=295976nm y=-406138nm
2026-08-18 08:39:46,552 - corrector.core.run - INFO - Random-walk step 6128/7000: motor target x=297344nm y=-404541nm
2026-08-18 08:39:51,826 - corrector.core.run - INFO - Random-walk step 6129/7000: motor target x=297116nm y=-404516nm
2026-08-18 08:39:57,769 - corrector.core.run - INFO - Random-walk step 6130/7000: motor target x=295011nm y=-403859nm
2026-08-18 08:40:03,668 - corrector.core.run - INFO - Random-walk step 6131/7000: motor target x=292317nm y=-402706nm
2026-08-18 08:40:09,320 - corrector.core.run - INFO - Random-walk step 6132/7000: motor target x=294356nm y=-403503nm
2026-08-18 08:40:14,760 - corrector.core.run - INFO - Random-walk step 6133/7000: motor target x=292446nm y=-405431nm
2026-08-18 08:40:20,617 - corrector.core.run - INFO - Random-walk step 6134/7000: motor target x=292052nm y=-405734nm
2026-08-18 08:40:26,220 - corrector.core.run - INFO - Random-walk step 6135/7000: motor target x=293891nm y=-407882nm
2026-08-18 08:40:31,940 - corrector.core.run - INFO - Random-walk step 6136/7000: motor target x=291044nm y=-411349nm
2026-08-18 08:40:37,897 - corrector.core.run - INFO - Random-walk step 6137/7000: motor target x=290632nm y=-410566nm
2026-08-18 08:40:43,561 - corrector.core.run - INFO - Random-walk step 6138/7000: motor target x=290013nm y=-410405nm
2026-08-18 08:40:49,737 - corrector.core.run - INFO - Random-walk step 6139/7000: motor target x=288907nm y=-408862nm
2026-08-18 08:40:54,887 - corrector.core.run - INFO - Random-walk step 6140/7000: motor target x=288721nm y=-409238nm
2026-08-18 08:41:01,052 - corrector.core.run - INFO - Random-walk step 6141/7000: motor target x=287306nm y=-409625nm
2026-08-18 08:41:06,299 - corrector.core.run - INFO - Random-walk step 6142/7000: motor target x=287668nm y=-409718nm
2026-08-18 08:41:12,024 - corrector.core.run - INFO - Random-walk step 6143/7000: motor target x=287798nm y=-410029nm
2026-08-18 08:41:17,723 - corrector.core.run - INFO - Random-walk step 6144/7000: motor target x=287975nm y=-410021nm
2026-08-18 08:41:23,508 - corrector.core.run - INFO - Random-walk step 6145/7000: motor target x=287825nm y=-409873nm
2026-08-18 08:41:29,412 - corrector.core.run - INFO - Random-walk step 6146/7000: motor target x=288561nm y=-409569nm
2026-08-18 08:41:35,328 - corrector.core.run - INFO - Random-walk step 6147/7000: motor target x=289806nm y=-407415nm
2026-08-18 08:41:40,910 - corrector.core.run - INFO - Random-walk step 6148/7000: motor target x=288892nm y=-407231nm
2026-08-18 08:41:46,587 - corrector.core.run - INFO - Random-walk step 6149/7000: motor target x=288743nm y=-407908nm
2026-08-18 08:41:52,556 - corrector.core.run - INFO - Random-walk step 6150/7000: motor target x=290119nm y=-406274nm
2026-08-18 08:41:58,308 - corrector.core.run - INFO - Random-walk step 6151/7000: motor target x=288243nm y=-407706nm
2026-08-18 08:42:03,634 - corrector.core.run - INFO - Random-walk step 6152/7000: motor target x=288587nm y=-407587nm
2026-08-18 08:42:09,312 - corrector.core.run - INFO - Random-walk step 6153/7000: motor target x=289017nm y=-407418nm
2026-08-18 08:42:15,222 - corrector.core.run - INFO - Random-walk step 6154/7000: motor target x=289117nm y=-406640nm
2026-08-18 08:42:20,680 - corrector.core.run - INFO - Random-walk step 6155/7000: motor target x=289241nm y=-406609nm
2026-08-18 08:42:26,398 - corrector.core.run - INFO - Random-walk step 6156/7000: motor target x=289285nm y=-406501nm
2026-08-18 08:42:32,484 - corrector.core.run - INFO - Random-walk step 6157/7000: motor target x=290129nm y=-406978nm
2026-08-18 08:42:37,900 - corrector.core.run - INFO - Random-walk step 6158/7000: motor target x=290167nm y=-406747nm
2026-08-18 08:42:43,629 - corrector.core.run - INFO - Random-walk step 6159/7000: motor target x=290002nm y=-406778nm
2026-08-18 08:42:49,831 - corrector.core.run - INFO - Random-walk step 6160/7000: motor target x=292106nm y=-405516nm
2026-08-18 08:42:55,476 - corrector.core.run - INFO - Random-walk step 6161/7000: motor target x=293177nm y=-402453nm
2026-08-18 08:43:01,244 - corrector.core.run - INFO - Random-walk step 6162/7000: motor target x=294281nm y=-403233nm
2026-08-18 08:43:06,809 - corrector.core.run - INFO - Random-walk step 6163/7000: motor target x=293824nm y=-402538nm
2026-08-18 08:43:12,606 - corrector.core.run - INFO - Random-walk step 6164/7000: motor target x=294740nm y=-402765nm
2026-08-18 08:43:18,489 - corrector.core.run - INFO - Random-walk step 6165/7000: motor target x=295982nm y=-401812nm
2026-08-18 08:43:23,737 - corrector.core.run - INFO - Random-walk step 6166/7000: motor target x=295939nm y=-401658nm
2026-08-18 08:43:29,513 - corrector.core.run - INFO - Random-walk step 6167/7000: motor target x=295601nm y=-401947nm
2026-08-18 08:43:35,509 - corrector.core.run - INFO - Random-walk step 6168/7000: motor target x=294770nm y=-402128nm
2026-08-18 08:43:41,322 - corrector.core.run - INFO - Random-walk step 6169/7000: motor target x=294298nm y=-401132nm
2026-08-18 08:43:46,943 - corrector.core.run - INFO - Random-walk step 6170/7000: motor target x=294673nm y=-400268nm
2026-08-18 08:43:52,819 - corrector.core.run - INFO - Random-walk step 6171/7000: motor target x=295922nm y=-396268nm
2026-08-18 08:43:58,127 - corrector.core.run - INFO - Random-walk step 6172/7000: motor target x=288035nm y=-398586nm
2026-08-18 08:44:03,863 - corrector.core.run - INFO - Random-walk step 6173/7000: motor target x=287735nm y=-398773nm
2026-08-18 08:44:09,779 - corrector.core.run - INFO - Random-walk step 6174/7000: motor target x=288308nm y=-401365nm
2026-08-18 08:44:15,732 - corrector.core.run - INFO - Random-walk step 6175/7000: motor target x=288546nm y=-400005nm
2026-08-18 08:44:21,068 - corrector.core.run - INFO - Random-walk step 6176/7000: motor target x=288101nm y=-400026nm
2026-08-18 08:44:26,921 - corrector.core.run - INFO - Random-walk step 6177/7000: motor target x=288573nm y=-403911nm
2026-08-18 08:44:32,781 - corrector.core.run - INFO - Random-walk step 6178/7000: motor target x=290641nm y=-404784nm
2026-08-18 08:44:38,278 - corrector.core.run - INFO - Random-walk step 6179/7000: motor target x=290937nm y=-404500nm
2026-08-18 08:44:43,911 - corrector.core.run - INFO - Random-walk step 6180/7000: motor target x=291063nm y=-404483nm
2026-08-18 08:44:49,864 - corrector.core.run - INFO - Random-walk step 6181/7000: motor target x=293994nm y=-403994nm
2026-08-18 08:44:55,538 - corrector.core.run - INFO - Random-walk step 6182/7000: motor target x=294319nm y=-403592nm
2026-08-18 08:45:01,625 - corrector.core.run - INFO - Random-walk step 6183/7000: motor target x=292967nm y=-404726nm
2026-08-18 08:45:07,042 - corrector.core.run - INFO - Random-walk step 6184/7000: motor target x=293591nm y=-404273nm
2026-08-18 08:45:13,035 - corrector.core.run - INFO - Random-walk step 6185/7000: motor target x=294835nm y=-404443nm
2026-08-18 08:45:18,870 - corrector.core.run - INFO - Random-walk step 6186/7000: motor target x=295578nm y=-402888nm
2026-08-18 08:45:24,150 - corrector.core.run - INFO - Random-walk step 6187/7000: motor target x=295447nm y=-402382nm
2026-08-18 08:45:29,824 - corrector.core.run - INFO - Random-walk step 6188/7000: motor target x=295792nm y=-400697nm
2026-08-18 08:45:36,030 - corrector.core.run - INFO - Random-walk step 6189/7000: motor target x=295632nm y=-399138nm
2026-08-18 08:45:41,175 - corrector.core.run - INFO - Random-walk step 6190/7000: motor target x=295773nm y=-399215nm
2026-08-18 08:45:47,371 - corrector.core.run - INFO - Random-walk step 6191/7000: motor target x=296951nm y=-399693nm
2026-08-18 08:45:52,771 - corrector.core.run - INFO - Random-walk step 6192/7000: motor target x=297329nm y=-399260nm
2026-08-18 08:45:58,809 - corrector.core.run - INFO - Random-walk step 6193/7000: motor target x=297791nm y=-400397nm
2026-08-18 08:46:04,090 - corrector.core.run - INFO - Random-walk step 6194/7000: motor target x=297629nm y=-400410nm
2026-08-18 08:46:10,163 - corrector.core.run - INFO - Random-walk step 6195/7000: motor target x=296705nm y=-397554nm
2026-08-18 08:46:15,704 - corrector.core.run - INFO - Random-walk step 6196/7000: motor target x=296252nm y=-397977nm
2026-08-18 08:46:21,337 - corrector.core.run - INFO - Random-walk step 6197/7000: motor target x=296072nm y=-398288nm
2026-08-18 08:46:27,361 - corrector.core.run - INFO - Random-walk step 6198/7000: motor target x=296865nm y=-398876nm
2026-08-18 08:46:32,828 - corrector.core.run - INFO - Random-walk step 6199/7000: motor target x=292396nm y=-403376nm
2026-08-18 08:46:38,637 - corrector.core.run - INFO - Random-walk step 6200/7000: motor target x=292541nm y=-405859nm
2026-08-18 08:46:44,708 - corrector.core.run - INFO - Random-walk step 6201/7000: motor target x=291258nm y=-404806nm
2026-08-18 08:46:49,893 - corrector.core.run - INFO - Random-walk step 6202/7000: motor target x=291319nm y=-404791nm
2026-08-18 08:46:55,668 - corrector.core.run - INFO - Random-walk step 6203/7000: motor target x=291420nm y=-404818nm
2026-08-18 08:47:01,525 - corrector.core.run - INFO - Random-walk step 6204/7000: motor target x=291218nm y=-405051nm
2026-08-18 08:47:07,224 - corrector.core.run - INFO - Random-walk step 6205/7000: motor target x=291190nm y=-404664nm
2026-08-18 08:47:12,980 - corrector.core.run - INFO - Random-walk step 6206/7000: motor target x=291024nm y=-401894nm
2026-08-18 08:47:18,679 - corrector.core.run - INFO - Random-walk step 6207/7000: motor target x=291332nm y=-401589nm
2026-08-18 08:47:24,384 - corrector.core.run - INFO - Random-walk step 6208/7000: motor target x=291300nm y=-401844nm
2026-08-18 08:47:30,078 - corrector.core.run - INFO - Random-walk step 6209/7000: motor target x=291067nm y=-401832nm
2026-08-18 08:47:35,968 - corrector.core.run - INFO - Random-walk step 6210/7000: motor target x=290544nm y=-401954nm
2026-08-18 08:47:41,708 - corrector.core.run - INFO - Random-walk step 6211/7000: motor target x=290139nm y=-401998nm
2026-08-18 08:47:47,620 - corrector.core.run - INFO - Random-walk step 6212/7000: motor target x=289484nm y=-402751nm
2026-08-18 08:47:53,144 - corrector.core.run - INFO - Random-walk step 6213/7000: motor target x=289725nm y=-402173nm
2026-08-18 08:47:59,030 - corrector.core.run - INFO - Random-walk step 6214/7000: motor target x=290543nm y=-401904nm
2026-08-18 08:48:04,704 - corrector.core.run - INFO - Random-walk step 6215/7000: motor target x=289769nm y=-401575nm
2026-08-18 08:48:10,494 - corrector.core.run - INFO - Random-walk step 6216/7000: motor target x=290490nm y=-405576nm
2026-08-18 08:48:15,937 - corrector.core.run - INFO - Random-walk step 6217/7000: motor target x=290710nm y=-397648nm
2026-08-18 08:48:21,791 - corrector.core.run - INFO - Random-walk step 6218/7000: motor target x=291134nm y=-397128nm
2026-08-18 08:48:27,627 - corrector.core.run - INFO - Random-walk step 6219/7000: motor target x=293497nm y=-396377nm
2026-08-18 08:48:33,048 - corrector.core.run - INFO - Random-walk step 6220/7000: motor target x=293392nm y=-396399nm
2026-08-18 08:48:41,724 - corrector.core.run - INFO - Random-walk step 6221/7000: motor target x=293396nm y=-396992nm
2026-08-18 08:48:47,995 - corrector.core.run - INFO - Random-walk step 6222/7000: motor target x=291397nm y=-396820nm
2026-08-18 08:48:53,645 - corrector.core.run - INFO - Random-walk step 6223/7000: motor target x=291453nm y=-396682nm
2026-08-18 08:48:59,695 - corrector.core.run - INFO - Random-walk step 6224/7000: motor target x=293121nm y=-397378nm
2026-08-18 08:49:05,461 - corrector.core.run - INFO - Random-walk step 6225/7000: motor target x=293843nm y=-396968nm
2026-08-18 08:49:12,761 - corrector.core.run - INFO - Random-walk step 6226/7000: motor target x=294371nm y=-397311nm
2026-08-18 08:49:19,121 - corrector.core.run - INFO - Random-walk step 6227/7000: motor target x=294861nm y=-403535nm
2026-08-18 08:49:25,031 - corrector.core.run - INFO - Random-walk step 6228/7000: motor target x=293803nm y=-409015nm
2026-08-18 08:49:30,883 - corrector.core.run - INFO - Random-walk step 6229/7000: motor target x=295276nm y=-411987nm
2026-08-18 08:49:36,045 - corrector.core.run - INFO - Random-walk step 6230/7000: motor target x=295334nm y=-412116nm
2026-08-18 08:49:41,845 - corrector.core.run - INFO - Random-walk step 6231/7000: motor target x=295156nm y=-412330nm
2026-08-18 08:49:47,945 - corrector.core.run - INFO - Random-walk step 6232/7000: motor target x=296301nm y=-412641nm
2026-08-18 08:49:53,213 - corrector.core.run - INFO - Random-walk step 6233/7000: motor target x=296341nm y=-412687nm
2026-08-18 08:49:59,010 - corrector.core.run - INFO - Random-walk step 6234/7000: motor target x=298758nm y=-412996nm
2026-08-18 08:50:05,174 - corrector.core.run - INFO - Random-walk step 6235/7000: motor target x=299021nm y=-411727nm
2026-08-18 08:50:11,006 - corrector.core.run - INFO - Random-walk step 6236/7000: motor target x=299956nm y=-410196nm
2026-08-18 08:50:16,166 - corrector.core.run - INFO - Random-walk step 6237/7000: motor target x=300087nm y=-410242nm
2026-08-18 08:50:21,912 - corrector.core.run - INFO - Random-walk step 6238/7000: motor target x=302551nm y=-410173nm
2026-08-18 08:50:27,774 - corrector.core.run - INFO - Random-walk step 6239/7000: motor target x=302974nm y=-412003nm
2026-08-18 08:50:33,395 - corrector.core.run - INFO - Random-walk step 6240/7000: motor target x=301177nm y=-411925nm
2026-08-18 08:50:39,604 - corrector.core.run - INFO - Random-walk step 6241/7000: motor target x=302366nm y=-410526nm
2026-08-18 08:50:45,296 - corrector.core.run - INFO - Random-walk step 6242/7000: motor target x=303718nm y=-412306nm
2026-08-18 08:50:50,765 - corrector.core.run - INFO - Random-walk step 6243/7000: motor target x=302875nm y=-412431nm
2026-08-18 08:50:56,356 - corrector.core.run - INFO - Random-walk step 6244/7000: motor target x=303340nm y=-412450nm
2026-08-18 08:51:02,282 - corrector.core.run - INFO - Random-walk step 6245/7000: motor target x=302558nm y=-410207nm
2026-08-18 08:51:07,642 - corrector.core.run - INFO - Random-walk step 6246/7000: motor target x=302468nm y=-410204nm
2026-08-18 08:51:13,463 - corrector.core.run - INFO - Random-walk step 6247/7000: motor target x=302680nm y=-409829nm
2026-08-18 08:51:19,222 - corrector.core.run - INFO - Random-walk step 6248/7000: motor target x=303093nm y=-409540nm
2026-08-18 08:51:25,153 - corrector.core.run - INFO - Random-walk step 6249/7000: motor target x=302588nm y=-408839nm
2026-08-18 08:51:30,763 - corrector.core.run - INFO - Random-walk step 6250/7000: motor target x=302027nm y=-409414nm
2026-08-18 08:51:36,791 - corrector.core.run - INFO - Random-walk step 6251/7000: motor target x=303594nm y=-408183nm
2026-08-18 08:51:42,247 - corrector.core.run - INFO - Random-walk step 6252/7000: motor target x=304297nm y=-408510nm
2026-08-18 08:51:47,723 - corrector.core.run - INFO - Random-walk step 6253/7000: motor target x=304273nm y=-408443nm
2026-08-18 08:51:53,829 - corrector.core.run - INFO - Random-walk step 6254/7000: motor target x=303987nm y=-409370nm
2026-08-18 08:51:59,256 - corrector.core.run - INFO - Random-walk step 6255/7000: motor target x=304320nm y=-406331nm
2026-08-18 08:52:05,008 - corrector.core.run - INFO - Random-walk step 6256/7000: motor target x=302293nm y=-402559nm
2026-08-18 08:52:10,809 - corrector.core.run - INFO - Random-walk step 6257/7000: motor target x=297438nm y=-399464nm
2026-08-18 08:52:16,657 - corrector.core.run - INFO - Random-walk step 6258/7000: motor target x=295774nm y=-399947nm
2026-08-18 08:52:22,250 - corrector.core.run - INFO - Random-walk step 6259/7000: motor target x=295628nm y=-403957nm
2026-08-18 08:52:27,972 - corrector.core.run - INFO - Random-walk step 6260/7000: motor target x=293150nm y=-403722nm
2026-08-18 08:52:33,615 - corrector.core.run - INFO - Random-walk step 6261/7000: motor target x=289746nm y=-407996nm
2026-08-18 08:52:39,850 - corrector.core.run - INFO - Random-walk step 6262/7000: motor target x=288731nm y=-409474nm
2026-08-18 08:52:44,964 - corrector.core.run - INFO - Random-walk step 6263/7000: motor target x=288655nm y=-409440nm
2026-08-18 08:52:50,778 - corrector.core.run - INFO - Random-walk step 6264/7000: motor target x=288667nm y=-409145nm
2026-08-18 08:52:56,571 - corrector.core.run - INFO - Random-walk step 6265/7000: motor target x=290215nm y=-406713nm
2026-08-18 08:53:02,408 - corrector.core.run - INFO - Random-walk step 6266/7000: motor target x=289722nm y=-406078nm
2026-08-18 08:53:08,436 - corrector.core.run - INFO - Random-walk step 6267/7000: motor target x=291062nm y=-407337nm
2026-08-18 08:53:13,654 - corrector.core.run - INFO - Random-walk step 6268/7000: motor target x=291368nm y=-407194nm
2026-08-18 08:53:19,350 - corrector.core.run - INFO - Random-walk step 6269/7000: motor target x=291556nm y=-407012nm
2026-08-18 08:53:25,113 - corrector.core.run - INFO - Random-walk step 6270/7000: motor target x=291299nm y=-406763nm
2026-08-18 08:53:31,133 - corrector.core.run - INFO - Random-walk step 6271/7000: motor target x=291158nm y=-407648nm
2026-08-18 08:53:37,066 - corrector.core.run - INFO - Random-walk step 6272/7000: motor target x=289518nm y=-406375nm
2026-08-18 08:53:42,411 - corrector.core.run - INFO - Random-walk step 6273/7000: motor target x=289470nm y=-406807nm
2026-08-18 08:53:48,246 - corrector.core.run - INFO - Random-walk step 6274/7000: motor target x=290231nm y=-410210nm
2026-08-18 08:53:53,885 - corrector.core.run - INFO - Random-walk step 6275/7000: motor target x=290721nm y=-407430nm
2026-08-18 08:53:59,471 - corrector.core.run - INFO - Random-walk step 6276/7000: motor target x=290964nm y=-407787nm
2026-08-18 08:54:05,257 - corrector.core.run - INFO - Random-walk step 6277/7000: motor target x=287134nm y=-410299nm
2026-08-18 08:54:10,939 - corrector.core.run - INFO - Random-walk step 6278/7000: motor target x=287428nm y=-410035nm
2026-08-18 08:54:16,945 - corrector.core.run - INFO - Random-walk step 6279/7000: motor target x=287875nm y=-409158nm
2026-08-18 08:54:22,597 - corrector.core.run - INFO - Random-walk step 6280/7000: motor target x=288249nm y=-409740nm
2026-08-18 08:54:28,167 - corrector.core.run - INFO - Random-walk step 6281/7000: motor target x=287894nm y=-409878nm
2026-08-18 08:54:34,080 - corrector.core.run - INFO - Random-walk step 6282/7000: motor target x=287645nm y=-409248nm
2026-08-18 08:54:39,711 - corrector.core.run - INFO - Random-walk step 6283/7000: motor target x=291684nm y=-408838nm
2026-08-18 08:54:45,632 - corrector.core.run - INFO - Random-walk step 6284/7000: motor target x=292773nm y=-412718nm
2026-08-18 08:54:50,956 - corrector.core.run - INFO - Random-walk step 6285/7000: motor target x=292774nm y=-412542nm
2026-08-18 08:54:57,177 - corrector.core.run - INFO - Random-walk step 6286/7000: motor target x=298916nm y=-413774nm
2026-08-18 08:55:02,510 - corrector.core.run - INFO - Random-walk step 6287/7000: motor target x=294878nm y=-416134nm
2026-08-18 08:55:08,548 - corrector.core.run - INFO - Random-walk step 6288/7000: motor target x=294886nm y=-417277nm
2026-08-18 08:55:14,347 - corrector.core.run - INFO - Random-walk step 6289/7000: motor target x=293711nm y=-423281nm
2026-08-18 08:55:19,782 - corrector.core.run - INFO - Random-walk step 6290/7000: motor target x=292119nm y=-422962nm
2026-08-18 08:55:25,330 - corrector.core.run - INFO - Random-walk step 6291/7000: motor target x=292150nm y=-422917nm
2026-08-18 08:55:31,082 - corrector.core.run - INFO - Random-walk step 6292/7000: motor target x=292091nm y=-422982nm
2026-08-18 08:55:37,354 - corrector.core.run - INFO - Random-walk step 6293/7000: motor target x=290648nm y=-420262nm
2026-08-18 08:55:42,849 - corrector.core.run - INFO - Random-walk step 6294/7000: motor target x=289830nm y=-420118nm
2026-08-18 08:55:48,568 - corrector.core.run - INFO - Random-walk step 6295/7000: motor target x=290716nm y=-419878nm
2026-08-18 08:55:54,392 - corrector.core.run - INFO - Random-walk step 6296/7000: motor target x=291804nm y=-419812nm
2026-08-18 08:55:59,853 - corrector.core.run - INFO - Random-walk step 6297/7000: motor target x=291938nm y=-419414nm
2026-08-18 08:56:06,016 - corrector.core.run - INFO - Random-walk step 6298/7000: motor target x=289282nm y=-420842nm
2026-08-18 08:56:11,715 - corrector.core.run - INFO - Random-walk step 6299/7000: motor target x=287916nm y=-420586nm
2026-08-18 08:56:17,278 - corrector.core.run - INFO - Random-walk step 6300/7000: motor target x=288793nm y=-421396nm
2026-08-18 08:56:23,059 - corrector.core.run - INFO - Random-walk step 6301/7000: motor target x=289861nm y=-426459nm
2026-08-18 08:56:28,552 - corrector.core.run - INFO - Random-walk step 6302/7000: motor target x=290458nm y=-426316nm
2026-08-18 08:56:34,277 - corrector.core.run - INFO - Random-walk step 6303/7000: motor target x=289826nm y=-426256nm
2026-08-18 08:56:39,941 - corrector.core.run - INFO - Random-walk step 6304/7000: motor target x=289374nm y=-426274nm
2026-08-18 08:56:45,699 - corrector.core.run - INFO - Random-walk step 6305/7000: motor target x=289898nm y=-425847nm
2026-08-18 08:56:51,612 - corrector.core.run - INFO - Random-walk step 6306/7000: motor target x=290852nm y=-421066nm
2026-08-18 08:56:57,371 - corrector.core.run - INFO - Random-walk step 6307/7000: motor target x=290194nm y=-420016nm
2026-08-18 08:57:02,785 - corrector.core.run - INFO - Random-walk step 6308/7000: motor target x=293450nm y=-422184nm
2026-08-18 08:57:08,565 - corrector.core.run - INFO - Random-walk step 6309/7000: motor target x=289401nm y=-424911nm
2026-08-18 08:57:14,452 - corrector.core.run - INFO - Random-walk step 6310/7000: motor target x=292244nm y=-424129nm
2026-08-18 08:57:20,021 - corrector.core.run - INFO - Random-walk step 6311/7000: motor target x=291708nm y=-424507nm
2026-08-18 08:57:25,899 - corrector.core.run - INFO - Random-walk step 6312/7000: motor target x=292316nm y=-425161nm
2026-08-18 08:57:31,451 - corrector.core.run - INFO - Random-walk step 6313/7000: motor target x=292061nm y=-425633nm
2026-08-18 08:57:37,340 - corrector.core.run - INFO - Random-walk step 6314/7000: motor target x=292814nm y=-425940nm
2026-08-18 08:57:42,935 - corrector.core.run - INFO - Random-walk step 6315/7000: motor target x=291061nm y=-423663nm
2026-08-18 08:57:48,594 - corrector.core.run - INFO - Random-walk step 6316/7000: motor target x=290946nm y=-423603nm
2026-08-18 08:57:54,440 - corrector.core.run - INFO - Random-walk step 6317/7000: motor target x=291309nm y=-423971nm
2026-08-18 08:58:00,017 - corrector.core.run - INFO - Random-walk step 6318/7000: motor target x=291112nm y=-423646nm
2026-08-18 08:58:06,016 - corrector.core.run - INFO - Random-walk step 6319/7000: motor target x=291885nm y=-425380nm
2026-08-18 08:58:12,024 - corrector.core.run - INFO - Random-walk step 6320/7000: motor target x=290388nm y=-421801nm
2026-08-18 08:58:17,211 - corrector.core.run - INFO - Random-walk step 6321/7000: motor target x=290386nm y=-422030nm
2026-08-18 08:58:22,872 - corrector.core.run - INFO - Random-walk step 6322/7000: motor target x=290427nm y=-422099nm
2026-08-18 08:58:28,845 - corrector.core.run - INFO - Random-walk step 6323/7000: motor target x=290031nm y=-422302nm
2026-08-18 08:58:34,355 - corrector.core.run - INFO - Random-walk step 6324/7000: motor target x=290076nm y=-422453nm
2026-08-18 08:58:40,208 - corrector.core.run - INFO - Random-walk step 6325/7000: motor target x=288132nm y=-422214nm
2026-08-18 08:58:45,818 - corrector.core.run - INFO - Random-walk step 6326/7000: motor target x=288110nm y=-422311nm
2026-08-18 08:58:51,490 - corrector.core.run - INFO - Random-walk step 6327/7000: motor target x=288104nm y=-422367nm
2026-08-18 08:58:57,406 - corrector.core.run - INFO - Random-walk step 6328/7000: motor target x=285757nm y=-419291nm
2026-08-18 08:59:03,134 - corrector.core.run - INFO - Random-walk step 6329/7000: motor target x=287380nm y=-417636nm
2026-08-18 08:59:09,221 - corrector.core.run - INFO - Random-walk step 6330/7000: motor target x=287584nm y=-416577nm
2026-08-18 08:59:14,994 - corrector.core.run - INFO - Random-walk step 6331/7000: motor target x=286946nm y=-415226nm
2026-08-18 08:59:20,253 - corrector.core.run - INFO - Random-walk step 6332/7000: motor target x=287242nm y=-415445nm
2026-08-18 08:59:26,227 - corrector.core.run - INFO - Random-walk step 6333/7000: motor target x=287476nm y=-416292nm
2026-08-18 08:59:31,713 - corrector.core.run - INFO - Random-walk step 6334/7000: motor target x=293953nm y=-418251nm
2026-08-18 08:59:37,315 - corrector.core.run - INFO - Random-walk step 6335/7000: motor target x=293960nm y=-418317nm
2026-08-18 08:59:43,467 - corrector.core.run - INFO - Random-walk step 6336/7000: motor target x=303567nm y=-417241nm
2026-08-18 08:59:49,098 - corrector.core.run - INFO - Random-walk step 6337/7000: motor target x=302812nm y=-417793nm
2026-08-18 08:59:54,877 - corrector.core.run - INFO - Random-walk step 6338/7000: motor target x=301828nm y=-415892nm
2026-08-18 09:00:00,294 - corrector.core.run - INFO - Random-walk step 6339/7000: motor target x=299378nm y=-415836nm
2026-08-18 09:00:06,148 - corrector.core.run - INFO - Random-walk step 6340/7000: motor target x=299050nm y=-415664nm
2026-08-18 09:00:12,057 - corrector.core.run - INFO - Random-walk step 6341/7000: motor target x=299986nm y=-416015nm
2026-08-18 09:00:17,474 - corrector.core.run - INFO - Random-walk step 6342/7000: motor target x=299810nm y=-415758nm
2026-08-18 09:00:23,396 - corrector.core.run - INFO - Random-walk step 6343/7000: motor target x=300359nm y=-415883nm
2026-08-18 09:00:29,147 - corrector.core.run - INFO - Random-walk step 6344/7000: motor target x=299688nm y=-416454nm
2026-08-18 09:00:35,099 - corrector.core.run - INFO - Random-walk step 6345/7000: motor target x=300455nm y=-417631nm
2026-08-18 09:00:40,693 - corrector.core.run - INFO - Random-walk step 6346/7000: motor target x=300590nm y=-416847nm
2026-08-18 09:00:46,172 - corrector.core.run - INFO - Random-walk step 6347/7000: motor target x=300198nm y=-415035nm
2026-08-18 09:00:51,878 - corrector.core.run - INFO - Random-walk step 6348/7000: motor target x=294377nm y=-423063nm
2026-08-18 09:00:57,714 - corrector.core.run - INFO - Random-walk step 6349/7000: motor target x=293912nm y=-422900nm
2026-08-18 09:01:03,330 - corrector.core.run - INFO - Random-walk step 6350/7000: motor target x=288323nm y=-417527nm
2026-08-18 09:01:09,108 - corrector.core.run - INFO - Random-walk step 6351/7000: motor target x=284396nm y=-411063nm
2026-08-18 09:01:14,860 - corrector.core.run - INFO - Random-walk step 6352/7000: motor target x=280928nm y=-418037nm
2026-08-18 09:01:20,528 - corrector.core.run - INFO - Random-walk step 6353/7000: motor target x=280608nm y=-415813nm
2026-08-18 09:01:26,454 - corrector.core.run - INFO - Random-walk step 6354/7000: motor target x=280017nm y=-415111nm
2026-08-18 09:01:32,052 - corrector.core.run - INFO - Random-walk step 6355/7000: motor target x=279688nm y=-415626nm
2026-08-18 09:01:37,907 - corrector.core.run - INFO - Random-walk step 6356/7000: motor target x=280561nm y=-415696nm
2026-08-18 09:01:43,378 - corrector.core.run - INFO - Random-walk step 6357/7000: motor target x=284068nm y=-420540nm
2026-08-18 09:01:49,356 - corrector.core.run - INFO - Random-walk step 6358/7000: motor target x=284731nm y=-421103nm
2026-08-18 09:01:54,906 - corrector.core.run - INFO - Random-walk step 6359/7000: motor target x=284988nm y=-421504nm
2026-08-18 09:02:01,047 - corrector.core.run - INFO - Random-walk step 6360/7000: motor target x=280713nm y=-420085nm
2026-08-18 09:02:06,551 - corrector.core.run - INFO - Random-walk step 6361/7000: motor target x=279845nm y=-419851nm
2026-08-18 09:02:12,033 - corrector.core.run - INFO - Random-walk step 6362/7000: motor target x=284276nm y=-422095nm
2026-08-18 09:02:18,221 - corrector.core.run - INFO - Random-walk step 6363/7000: motor target x=284079nm y=-420651nm
2026-08-18 09:02:23,829 - corrector.core.run - INFO - Random-walk step 6364/7000: motor target x=282966nm y=-422369nm
2026-08-18 09:02:29,219 - corrector.core.run - INFO - Random-walk step 6365/7000: motor target x=282728nm y=-421973nm
2026-08-18 09:02:35,120 - corrector.core.run - INFO - Random-walk step 6366/7000: motor target x=282393nm y=-421265nm
2026-08-18 09:02:40,611 - corrector.core.run - INFO - Random-walk step 6367/7000: motor target x=282373nm y=-418474nm
2026-08-18 09:02:46,626 - corrector.core.run - INFO - Random-walk step 6368/7000: motor target x=281516nm y=-418576nm
2026-08-18 09:02:52,161 - corrector.core.run - INFO - Random-walk step 6369/7000: motor target x=278506nm y=-409365nm
2026-08-18 09:02:57,980 - corrector.core.run - INFO - Random-walk step 6370/7000: motor target x=277835nm y=-409118nm
2026-08-18 09:03:03,474 - corrector.core.run - INFO - Random-walk step 6371/7000: motor target x=277709nm y=-408940nm
2026-08-18 09:03:09,687 - corrector.core.run - INFO - Random-walk step 6372/7000: motor target x=277100nm y=-407758nm
2026-08-18 09:03:14,980 - corrector.core.run - INFO - Random-walk step 6373/7000: motor target x=277253nm y=-407479nm
2026-08-18 09:03:20,748 - corrector.core.run - INFO - Random-walk step 6374/7000: motor target x=274991nm y=-397971nm
2026-08-18 09:03:26,678 - corrector.core.run - INFO - Random-walk step 6375/7000: motor target x=275426nm y=-397221nm
2026-08-18 09:03:32,700 - corrector.core.run - INFO - Random-walk step 6376/7000: motor target x=275441nm y=-396564nm
2026-08-18 09:03:39,783 - corrector.core.run - INFO - Random-walk step 6377/7000: motor target x=275872nm y=-396495nm
2026-08-18 09:03:45,508 - corrector.core.run - INFO - Random-walk step 6378/7000: motor target x=276977nm y=-401528nm
2026-08-18 09:03:51,084 - corrector.core.run - INFO - Random-walk step 6379/7000: motor target x=278635nm y=-400926nm
2026-08-18 09:03:56,676 - corrector.core.run - INFO - Random-walk step 6380/7000: motor target x=279116nm y=-396806nm
2026-08-18 09:04:02,210 - corrector.core.run - INFO - Random-walk step 6381/7000: motor target x=279165nm y=-396824nm
2026-08-18 09:04:08,031 - corrector.core.run - INFO - Random-walk step 6382/7000: motor target x=278959nm y=-396813nm
2026-08-18 09:04:13,714 - corrector.core.run - INFO - Random-walk step 6383/7000: motor target x=279064nm y=-396942nm
2026-08-18 09:04:19,552 - corrector.core.run - INFO - Random-walk step 6384/7000: motor target x=279086nm y=-394831nm
2026-08-18 09:04:25,591 - corrector.core.run - INFO - Random-walk step 6385/7000: motor target x=278416nm y=-393824nm
2026-08-18 09:04:31,346 - corrector.core.run - INFO - Random-walk step 6386/7000: motor target x=277416nm y=-393287nm
2026-08-18 09:04:36,785 - corrector.core.run - INFO - Random-walk step 6387/7000: motor target x=281175nm y=-393864nm
2026-08-18 09:04:42,675 - corrector.core.run - INFO - Random-walk step 6388/7000: motor target x=281000nm y=-392952nm
2026-08-18 09:04:48,445 - corrector.core.run - INFO - Random-walk step 6389/7000: motor target x=281822nm y=-393530nm
2026-08-18 09:04:55,459 - corrector.core.run - INFO - Random-walk step 6390/7000: motor target x=282328nm y=-393876nm
2026-08-18 09:05:01,295 - corrector.core.run - INFO - Random-walk step 6391/7000: motor target x=282400nm y=-393373nm
2026-08-18 09:05:06,804 - corrector.core.run - INFO - Random-walk step 6392/7000: motor target x=284103nm y=-391622nm
2026-08-18 09:05:13,010 - corrector.core.run - INFO - Random-walk step 6393/7000: motor target x=282127nm y=-390200nm
2026-08-18 09:05:18,204 - corrector.core.run - INFO - Random-walk step 6394/7000: motor target x=282311nm y=-390279nm
2026-08-18 09:05:23,982 - corrector.core.run - INFO - Random-walk step 6395/7000: motor target x=282318nm y=-393203nm
2026-08-18 09:05:29,996 - corrector.core.run - INFO - Random-walk step 6396/7000: motor target x=281581nm y=-392505nm
2026-08-18 09:05:35,740 - corrector.core.run - INFO - Random-walk step 6397/7000: motor target x=285745nm y=-394753nm
2026-08-18 09:05:41,658 - corrector.core.run - INFO - Random-walk step 6398/7000: motor target x=285015nm y=-394687nm
2026-08-18 09:05:47,094 - corrector.core.run - INFO - Random-walk step 6399/7000: motor target x=284984nm y=-394635nm
2026-08-18 09:05:52,919 - corrector.core.run - INFO - Random-walk step 6400/7000: motor target x=276653nm y=-396649nm
2026-08-18 09:05:59,698 - corrector.core.run - INFO - Random-walk step 6401/7000: motor target x=276151nm y=-395940nm
2026-08-18 09:06:05,786 - corrector.core.run - INFO - Random-walk step 6402/7000: motor target x=276166nm y=-396062nm
2026-08-18 09:06:11,787 - corrector.core.run - INFO - Random-walk step 6403/7000: motor target x=279695nm y=-395463nm
2026-08-18 09:06:17,606 - corrector.core.run - INFO - Random-walk step 6404/7000: motor target x=278877nm y=-394938nm
2026-08-18 09:06:23,494 - corrector.core.run - INFO - Random-walk step 6405/7000: motor target x=277536nm y=-394528nm
2026-08-18 09:06:28,842 - corrector.core.run - INFO - Random-walk step 6406/7000: motor target x=278059nm y=-394664nm
2026-08-18 09:06:34,506 - corrector.core.run - INFO - Random-walk step 6407/7000: motor target x=276217nm y=-397646nm
2026-08-18 09:06:40,227 - corrector.core.run - INFO - Random-walk step 6408/7000: motor target x=277933nm y=-401116nm
2026-08-18 09:06:46,024 - corrector.core.run - INFO - Random-walk step 6409/7000: motor target x=280627nm y=-397717nm
2026-08-18 09:06:52,217 - corrector.core.run - INFO - Random-walk step 6410/7000: motor target x=284064nm y=-399210nm
2026-08-18 09:06:57,663 - corrector.core.run - INFO - Random-walk step 6411/7000: motor target x=284838nm y=-399283nm
2026-08-18 09:07:03,157 - corrector.core.run - INFO - Random-walk step 6412/7000: motor target x=284674nm y=-399133nm
2026-08-18 09:07:09,321 - corrector.core.run - INFO - Random-walk step 6413/7000: motor target x=285144nm y=-400416nm
2026-08-18 09:07:14,689 - corrector.core.run - INFO - Random-walk step 6414/7000: motor target x=285487nm y=-399982nm
2026-08-18 09:07:20,547 - corrector.core.run - INFO - Random-walk step 6415/7000: motor target x=286172nm y=-399877nm
2026-08-18 09:07:25,979 - corrector.core.run - INFO - Random-walk step 6416/7000: motor target x=286142nm y=-399811nm
2026-08-18 09:07:32,291 - corrector.core.run - INFO - Random-walk step 6417/7000: motor target x=284672nm y=-399360nm
2026-08-18 09:07:37,637 - corrector.core.run - INFO - Random-walk step 6418/7000: motor target x=285272nm y=-399491nm
2026-08-18 09:07:45,180 - corrector.core.run - INFO - Random-walk step 6419/7000: motor target x=283992nm y=-398443nm
2026-08-18 09:07:52,074 - corrector.core.run - INFO - Random-walk step 6420/7000: motor target x=283562nm y=-398831nm
2026-08-18 09:07:58,017 - corrector.core.run - INFO - Random-walk step 6421/7000: motor target x=284450nm y=-399174nm
2026-08-18 09:08:03,459 - corrector.core.run - INFO - Random-walk step 6422/7000: motor target x=286134nm y=-395874nm
2026-08-18 09:08:10,691 - corrector.core.run - INFO - Random-walk step 6423/7000: motor target x=283973nm y=-395964nm
2026-08-18 09:08:16,649 - corrector.core.run - INFO - Random-walk step 6424/7000: motor target x=283396nm y=-395254nm
2026-08-18 09:08:22,420 - corrector.core.run - INFO - Random-walk step 6425/7000: motor target x=279975nm y=-394390nm
2026-08-18 09:08:27,981 - corrector.core.run - INFO - Random-walk step 6426/7000: motor target x=279482nm y=-393937nm
2026-08-18 09:08:33,912 - corrector.core.run - INFO - Random-walk step 6427/7000: motor target x=280336nm y=-391586nm
2026-08-18 09:08:39,377 - corrector.core.run - INFO - Random-walk step 6428/7000: motor target x=280289nm y=-392030nm
2026-08-18 09:08:44,989 - corrector.core.run - INFO - Random-walk step 6429/7000: motor target x=280426nm y=-392144nm
2026-08-18 09:08:50,914 - corrector.core.run - INFO - Random-walk step 6430/7000: motor target x=278674nm y=-392534nm
2026-08-18 09:08:56,463 - corrector.core.run - INFO - Random-walk step 6431/7000: motor target x=278525nm y=-392426nm
2026-08-18 09:09:02,180 - corrector.core.run - INFO - Random-walk step 6432/7000: motor target x=278450nm y=-392481nm
2026-08-18 09:09:08,190 - corrector.core.run - INFO - Random-walk step 6433/7000: motor target x=278465nm y=-393256nm
2026-08-18 09:09:13,639 - corrector.core.run - INFO - Random-walk step 6434/7000: motor target x=278704nm y=-393325nm
2026-08-18 09:09:19,597 - corrector.core.run - INFO - Random-walk step 6435/7000: motor target x=278076nm y=-393405nm
2026-08-18 09:09:25,106 - corrector.core.run - INFO - Random-walk step 6436/7000: motor target x=278305nm y=-393163nm
2026-08-18 09:09:31,214 - corrector.core.run - INFO - Random-walk step 6437/7000: motor target x=279294nm y=-392242nm
2026-08-18 09:09:36,624 - corrector.core.run - INFO - Random-walk step 6438/7000: motor target x=279080nm y=-391862nm
2026-08-18 09:09:42,727 - corrector.core.run - INFO - Random-walk step 6439/7000: motor target x=280173nm y=-390617nm
2026-08-18 09:09:48,034 - corrector.core.run - INFO - Random-walk step 6440/7000: motor target x=280099nm y=-392702nm
2026-08-18 09:09:53,966 - corrector.core.run - INFO - Random-walk step 6441/7000: motor target x=280639nm y=-392026nm
2026-08-18 09:10:00,015 - corrector.core.run - INFO - Random-walk step 6442/7000: motor target x=281820nm y=-390605nm
2026-08-18 09:10:05,433 - corrector.core.run - INFO - Random-walk step 6443/7000: motor target x=282260nm y=-391414nm
2026-08-18 09:10:10,969 - corrector.core.run - INFO - Random-walk step 6444/7000: motor target x=282576nm y=-391229nm
2026-08-18 09:10:16,677 - corrector.core.run - INFO - Random-walk step 6445/7000: motor target x=284450nm y=-395702nm
2026-08-18 09:10:22,413 - corrector.core.run - INFO - Random-walk step 6446/7000: motor target x=287443nm y=-398336nm
2026-08-18 09:10:28,097 - corrector.core.run - INFO - Random-walk step 6447/7000: motor target x=291611nm y=-398421nm
2026-08-18 09:10:33,947 - corrector.core.run - INFO - Random-walk step 6448/7000: motor target x=293373nm y=-406256nm
2026-08-18 09:10:39,499 - corrector.core.run - INFO - Random-walk step 6449/7000: motor target x=293448nm y=-406282nm
2026-08-18 09:10:45,659 - corrector.core.run - INFO - Random-walk step 6450/7000: motor target x=293086nm y=-406249nm
2026-08-18 09:10:51,240 - corrector.core.run - INFO - Random-walk step 6451/7000: motor target x=293744nm y=-405973nm
2026-08-18 09:10:57,616 - corrector.core.run - INFO - Random-walk step 6452/7000: motor target x=293276nm y=-409450nm
2026-08-18 09:11:03,680 - corrector.core.run - INFO - Random-walk step 6453/7000: motor target x=292897nm y=-408061nm
2026-08-18 09:11:08,918 - corrector.core.run - INFO - Random-walk step 6454/7000: motor target x=293057nm y=-408150nm
2026-08-18 09:11:14,870 - corrector.core.run - INFO - Random-walk step 6455/7000: motor target x=292518nm y=-407739nm
2026-08-18 09:11:21,086 - corrector.core.run - INFO - Random-walk step 6456/7000: motor target x=293357nm y=-409945nm
2026-08-18 09:11:27,062 - corrector.core.run - INFO - Random-walk step 6457/7000: motor target x=291045nm y=-410609nm
2026-08-18 09:11:32,648 - corrector.core.run - INFO - Random-walk step 6458/7000: motor target x=291207nm y=-410201nm
2026-08-18 09:11:38,626 - corrector.core.run - INFO - Random-walk step 6459/7000: motor target x=290116nm y=-408406nm
2026-08-18 09:11:44,581 - corrector.core.run - INFO - Random-walk step 6460/7000: motor target x=286062nm y=-410898nm
2026-08-18 09:11:49,845 - corrector.core.run - INFO - Random-walk step 6461/7000: motor target x=279804nm y=-412622nm
2026-08-18 09:11:55,544 - corrector.core.run - INFO - Random-walk step 6462/7000: motor target x=279664nm y=-412224nm
2026-08-18 09:12:01,119 - corrector.core.run - INFO - Random-walk step 6463/7000: motor target x=279618nm y=-412250nm
2026-08-18 09:12:08,031 - corrector.core.run - INFO - Random-walk step 6464/7000: motor target x=279386nm y=-411543nm
2026-08-18 09:12:14,041 - corrector.core.run - INFO - Random-walk step 6465/7000: motor target x=288043nm y=-412318nm
2026-08-18 09:12:19,997 - corrector.core.run - INFO - Random-walk step 6466/7000: motor target x=286607nm y=-409177nm
2026-08-18 09:12:25,429 - corrector.core.run - INFO - Random-walk step 6467/7000: motor target x=286932nm y=-409810nm
2026-08-18 09:12:31,408 - corrector.core.run - INFO - Random-walk step 6468/7000: motor target x=286699nm y=-409572nm
2026-08-18 09:12:37,079 - corrector.core.run - INFO - Random-walk step 6469/7000: motor target x=287114nm y=-409387nm
2026-08-18 09:12:42,921 - corrector.core.run - INFO - Random-walk step 6470/7000: motor target x=281455nm y=-405824nm
2026-08-18 09:12:48,650 - corrector.core.run - INFO - Random-walk step 6471/7000: motor target x=280994nm y=-404085nm
2026-08-18 09:12:54,677 - corrector.core.run - INFO - Random-walk step 6472/7000: motor target x=280329nm y=-405522nm
2026-08-18 09:12:59,948 - corrector.core.run - INFO - Random-walk step 6473/7000: motor target x=284348nm y=-400645nm
2026-08-18 09:13:05,734 - corrector.core.run - INFO - Random-walk step 6474/7000: motor target x=284833nm y=-400613nm
2026-08-18 09:13:11,385 - corrector.core.run - INFO - Random-walk step 6475/7000: motor target x=285049nm y=-396719nm
2026-08-18 09:13:17,145 - corrector.core.run - INFO - Random-walk step 6476/7000: motor target x=285388nm y=-396449nm
2026-08-18 09:13:22,812 - corrector.core.run - INFO - Random-walk step 6477/7000: motor target x=285509nm y=-396421nm
2026-08-18 09:13:28,669 - corrector.core.run - INFO - Random-walk step 6478/7000: motor target x=283761nm y=-396618nm
2026-08-18 09:13:34,316 - corrector.core.run - INFO - Random-walk step 6479/7000: motor target x=283656nm y=-396856nm
2026-08-18 09:13:40,472 - corrector.core.run - INFO - Random-walk step 6480/7000: motor target x=284215nm y=-395563nm
2026-08-18 09:13:45,821 - corrector.core.run - INFO - Random-walk step 6481/7000: motor target x=276780nm y=-397780nm
2026-08-18 09:13:51,870 - corrector.core.run - INFO - Random-walk step 6482/7000: motor target x=275752nm y=-402123nm
2026-08-18 09:13:57,199 - corrector.core.run - INFO - Random-walk step 6483/7000: motor target x=275994nm y=-402073nm
2026-08-18 09:14:02,934 - corrector.core.run - INFO - Random-walk step 6484/7000: motor target x=276164nm y=-402144nm
2026-08-18 09:14:08,869 - corrector.core.run - INFO - Random-walk step 6485/7000: motor target x=276135nm y=-402600nm
2026-08-18 09:14:14,654 - corrector.core.run - INFO - Random-walk step 6486/7000: motor target x=276801nm y=-402971nm
2026-08-18 09:14:20,261 - corrector.core.run - INFO - Random-walk step 6487/7000: motor target x=276895nm y=-403284nm
2026-08-18 09:14:26,202 - corrector.core.run - INFO - Random-walk step 6488/7000: motor target x=277811nm y=-402817nm
2026-08-18 09:14:33,082 - corrector.core.run - INFO - Random-walk step 6489/7000: motor target x=277880nm y=-402897nm
2026-08-18 09:14:39,033 - corrector.core.run - INFO - Random-walk step 6490/7000: motor target x=277525nm y=-403455nm
2026-08-18 09:14:44,884 - corrector.core.run - INFO - Random-walk step 6491/7000: motor target x=276724nm y=-404001nm
2026-08-18 09:14:50,723 - corrector.core.run - INFO - Random-walk step 6492/7000: motor target x=275475nm y=-403678nm
2026-08-18 09:14:56,317 - corrector.core.run - INFO - Random-walk step 6493/7000: motor target x=275530nm y=-402838nm
2026-08-18 09:15:02,390 - corrector.core.run - INFO - Random-walk step 6494/7000: motor target x=274020nm y=-401551nm
2026-08-18 09:15:07,494 - corrector.core.run - INFO - Random-walk step 6495/7000: motor target x=276103nm y=-401413nm
2026-08-18 09:15:13,737 - corrector.core.run - INFO - Random-walk step 6496/7000: motor target x=275718nm y=-402712nm
2026-08-18 09:15:19,152 - corrector.core.run - INFO - Random-walk step 6497/7000: motor target x=275205nm y=-401906nm
2026-08-18 09:15:24,586 - corrector.core.run - INFO - Random-walk step 6498/7000: motor target x=275167nm y=-401942nm
2026-08-18 09:15:30,443 - corrector.core.run - INFO - Random-walk step 6499/7000: motor target x=275576nm y=-401822nm
2026-08-18 09:15:36,457 - corrector.core.run - INFO - Random-walk step 6500/7000: motor target x=275145nm y=-400722nm
2026-08-18 09:15:41,958 - corrector.core.run - INFO - Random-walk step 6501/7000: motor target x=277136nm y=-400318nm
2026-08-18 09:15:47,433 - corrector.core.run - INFO - Random-walk step 6502/7000: motor target x=277151nm y=-400226nm
2026-08-18 09:15:53,399 - corrector.core.run - INFO - Random-walk step 6503/7000: motor target x=279608nm y=-400644nm
2026-08-18 09:15:59,058 - corrector.core.run - INFO - Random-walk step 6504/7000: motor target x=284793nm y=-398068nm
2026-08-18 09:16:05,180 - corrector.core.run - INFO - Random-walk step 6505/7000: motor target x=294198nm y=-399339nm
2026-08-18 09:16:10,876 - corrector.core.run - INFO - Random-walk step 6506/7000: motor target x=296476nm y=-398142nm
2026-08-18 09:16:16,652 - corrector.core.run - INFO - Random-walk step 6507/7000: motor target x=297827nm y=-400507nm
2026-08-18 09:16:22,167 - corrector.core.run - INFO - Random-walk step 6508/7000: motor target x=297130nm y=-400043nm
2026-08-18 09:16:27,876 - corrector.core.run - INFO - Random-walk step 6509/7000: motor target x=297970nm y=-400529nm
2026-08-18 09:16:33,926 - corrector.core.run - INFO - Random-walk step 6510/7000: motor target x=298169nm y=-401968nm
2026-08-18 09:16:39,132 - corrector.core.run - INFO - Random-walk step 6511/7000: motor target x=289902nm y=-398905nm
2026-08-18 09:16:44,822 - corrector.core.run - INFO - Random-walk step 6512/7000: motor target x=290110nm y=-398651nm
2026-08-18 09:16:50,738 - corrector.core.run - INFO - Random-walk step 6513/7000: motor target x=289291nm y=-398374nm
2026-08-18 09:16:56,301 - corrector.core.run - INFO - Random-walk step 6514/7000: motor target x=296898nm y=-404133nm
2026-08-18 09:17:02,267 - corrector.core.run - INFO - Random-walk step 6515/7000: motor target x=297094nm y=-403328nm
2026-08-18 09:17:08,063 - corrector.core.run - INFO - Random-walk step 6516/7000: motor target x=296362nm y=-404199nm
2026-08-18 09:17:13,407 - corrector.core.run - INFO - Random-walk step 6517/7000: motor target x=296382nm y=-404089nm
2026-08-18 09:17:19,243 - corrector.core.run - INFO - Random-walk step 6518/7000: motor target x=296048nm y=-404046nm
2026-08-18 09:17:25,058 - corrector.core.run - INFO - Random-walk step 6519/7000: motor target x=295613nm y=-404535nm
2026-08-18 09:17:30,675 - corrector.core.run - INFO - Random-walk step 6520/7000: motor target x=297442nm y=-402707nm
2026-08-18 09:17:36,301 - corrector.core.run - INFO - Random-walk step 6521/7000: motor target x=297540nm y=-402693nm
2026-08-18 09:17:42,208 - corrector.core.run - INFO - Random-walk step 6522/7000: motor target x=297917nm y=-401024nm
2026-08-18 09:17:47,904 - corrector.core.run - INFO - Random-walk step 6523/7000: motor target x=295562nm y=-401207nm
2026-08-18 09:17:53,606 - corrector.core.run - INFO - Random-walk step 6524/7000: motor target x=295097nm y=-401389nm
2026-08-18 09:17:59,555 - corrector.core.run - INFO - Random-walk step 6525/7000: motor target x=293048nm y=-402314nm
2026-08-18 09:18:05,062 - corrector.core.run - INFO - Random-walk step 6526/7000: motor target x=293378nm y=-402689nm
2026-08-18 09:18:10,799 - corrector.core.run - INFO - Random-walk step 6527/7000: motor target x=293004nm y=-402729nm
2026-08-18 09:18:16,495 - corrector.core.run - INFO - Random-walk step 6528/7000: motor target x=292603nm y=-402930nm
2026-08-18 09:18:22,615 - corrector.core.run - INFO - Random-walk step 6529/7000: motor target x=293584nm y=-404225nm
2026-08-18 09:18:27,966 - corrector.core.run - INFO - Random-walk step 6530/7000: motor target x=293172nm y=-404278nm
2026-08-18 09:18:33,675 - corrector.core.run - INFO - Random-walk step 6531/7000: motor target x=295639nm y=-407906nm
2026-08-18 09:18:40,554 - corrector.core.run - INFO - Random-walk step 6532/7000: motor target x=294601nm y=-407486nm
2026-08-18 09:18:47,187 - corrector.core.run - INFO - Random-walk step 6533/7000: motor target x=294560nm y=-407542nm
2026-08-18 09:18:52,372 - corrector.core.run - INFO - Random-walk step 6534/7000: motor target x=294896nm y=-407824nm
2026-08-18 09:18:58,048 - corrector.core.run - INFO - Random-walk step 6535/7000: motor target x=293190nm y=-407685nm
2026-08-18 09:19:04,246 - corrector.core.run - INFO - Random-walk step 6536/7000: motor target x=294623nm y=-405110nm
2026-08-18 09:19:09,972 - corrector.core.run - INFO - Random-walk step 6537/7000: motor target x=293201nm y=-405708nm
2026-08-18 09:19:15,120 - corrector.core.run - INFO - Random-walk step 6538/7000: motor target x=293278nm y=-405698nm
2026-08-18 09:19:20,851 - corrector.core.run - INFO - Random-walk step 6539/7000: motor target x=293296nm y=-405590nm
2026-08-18 09:19:27,046 - corrector.core.run - INFO - Random-walk step 6540/7000: motor target x=285624nm y=-409178nm
2026-08-18 09:19:32,396 - corrector.core.run - INFO - Random-walk step 6541/7000: motor target x=278002nm y=-406570nm
2026-08-18 09:19:38,251 - corrector.core.run - INFO - Random-walk step 6542/7000: motor target x=277608nm y=-406578nm
2026-08-18 09:19:44,074 - corrector.core.run - INFO - Random-walk step 6543/7000: motor target x=278363nm y=-406420nm
2026-08-18 09:19:50,065 - corrector.core.run - INFO - Random-walk step 6544/7000: motor target x=279770nm y=-406796nm
2026-08-18 09:19:58,649 - corrector.core.run - INFO - Random-walk step 6545/7000: motor target x=280741nm y=-406671nm
2026-08-18 09:20:04,189 - corrector.core.run - INFO - Random-walk step 6546/7000: motor target x=280394nm y=-406029nm
2026-08-18 09:20:09,899 - corrector.core.run - INFO - Random-walk step 6547/7000: motor target x=280800nm y=-406591nm
2026-08-18 09:20:15,411 - corrector.core.run - INFO - Random-walk step 6548/7000: motor target x=280736nm y=-406669nm
2026-08-18 09:20:23,053 - corrector.core.run - INFO - Random-walk step 6549/7000: motor target x=280679nm y=-407520nm
2026-08-18 09:20:28,517 - corrector.core.run - INFO - Random-walk step 6550/7000: motor target x=280352nm y=-407707nm
2026-08-18 09:20:34,431 - corrector.core.run - INFO - Random-walk step 6551/7000: motor target x=280476nm y=-408417nm
2026-08-18 09:20:40,221 - corrector.core.run - INFO - Random-walk step 6552/7000: motor target x=279620nm y=-412664nm
2026-08-18 09:20:45,641 - corrector.core.run - INFO - Random-walk step 6553/7000: motor target x=279583nm y=-412365nm
2026-08-18 09:20:51,675 - corrector.core.run - INFO - Random-walk step 6554/7000: motor target x=278760nm y=-412658nm
2026-08-18 09:20:57,481 - corrector.core.run - INFO - Random-walk step 6555/7000: motor target x=277977nm y=-413676nm
2026-08-18 09:21:02,990 - corrector.core.run - INFO - Random-walk step 6556/7000: motor target x=277775nm y=-413043nm
2026-08-18 09:21:08,589 - corrector.core.run - INFO - Random-walk step 6557/7000: motor target x=277554nm y=-412789nm
2026-08-18 09:21:14,614 - corrector.core.run - INFO - Random-walk step 6558/7000: motor target x=278509nm y=-410800nm
2026-08-18 09:21:19,936 - corrector.core.run - INFO - Random-walk step 6559/7000: motor target x=278513nm y=-410918nm
2026-08-18 09:21:25,919 - corrector.core.run - INFO - Random-walk step 6560/7000: motor target x=277848nm y=-411185nm
2026-08-18 09:21:31,674 - corrector.core.run - INFO - Random-walk step 6561/7000: motor target x=278491nm y=-409409nm
2026-08-18 09:21:37,602 - corrector.core.run - INFO - Random-walk step 6562/7000: motor target x=279703nm y=-410419nm
2026-08-18 09:21:43,286 - corrector.core.run - INFO - Random-walk step 6563/7000: motor target x=283232nm y=-409292nm
2026-08-18 09:21:48,784 - corrector.core.run - INFO - Random-walk step 6564/7000: motor target x=283419nm y=-408628nm
2026-08-18 09:21:54,382 - corrector.core.run - INFO - Random-walk step 6565/7000: motor target x=286178nm y=-405935nm
2026-08-18 09:22:00,431 - corrector.core.run - INFO - Random-walk step 6566/7000: motor target x=287239nm y=-408074nm
2026-08-18 09:22:05,864 - corrector.core.run - INFO - Random-walk step 6567/7000: motor target x=287631nm y=-407995nm
2026-08-18 09:22:11,619 - corrector.core.run - INFO - Random-walk step 6568/7000: motor target x=289735nm y=-407673nm
2026-08-18 09:22:17,204 - corrector.core.run - INFO - Random-walk step 6569/7000: motor target x=289687nm y=-407658nm
2026-08-18 09:22:23,136 - corrector.core.run - INFO - Random-walk step 6570/7000: motor target x=289919nm y=-408000nm
2026-08-18 09:22:29,182 - corrector.core.run - INFO - Random-walk step 6571/7000: motor target x=288589nm y=-411714nm
2026-08-18 09:22:35,012 - corrector.core.run - INFO - Random-walk step 6572/7000: motor target x=287807nm y=-413193nm
2026-08-18 09:22:40,344 - corrector.core.run - INFO - Random-walk step 6573/7000: motor target x=287252nm y=-412909nm
2026-08-18 09:22:45,874 - corrector.core.run - INFO - Random-walk step 6574/7000: motor target x=287303nm y=-412988nm
2026-08-18 09:22:51,643 - corrector.core.run - INFO - Random-walk step 6575/7000: motor target x=283363nm y=-418871nm
2026-08-18 09:22:57,802 - corrector.core.run - INFO - Random-walk step 6576/7000: motor target x=283194nm y=-420248nm
2026-08-18 09:23:02,995 - corrector.core.run - INFO - Random-walk step 6577/7000: motor target x=283237nm y=-420174nm
2026-08-18 09:23:09,086 - corrector.core.run - INFO - Random-walk step 6578/7000: motor target x=281321nm y=-420940nm
2026-08-18 09:23:14,537 - corrector.core.run - INFO - Random-walk step 6579/7000: motor target x=281393nm y=-420580nm
2026-08-18 09:23:20,459 - corrector.core.run - INFO - Random-walk step 6580/7000: motor target x=281183nm y=-421224nm
2026-08-18 09:23:26,081 - corrector.core.run - INFO - Random-walk step 6581/7000: motor target x=281056nm y=-420747nm
2026-08-18 09:23:32,205 - corrector.core.run - INFO - Random-walk step 6582/7000: motor target x=279588nm y=-421963nm
2026-08-18 09:23:37,595 - corrector.core.run - INFO - Random-walk step 6583/7000: motor target x=280350nm y=-421997nm
2026-08-18 09:23:43,159 - corrector.core.run - INFO - Random-walk step 6584/7000: motor target x=288553nm y=-422264nm
2026-08-18 09:23:48,867 - corrector.core.run - INFO - Random-walk step 6585/7000: motor target x=288724nm y=-421984nm
2026-08-18 09:23:54,900 - corrector.core.run - INFO - Random-walk step 6586/7000: motor target x=290371nm y=-422884nm
2026-08-18 09:24:00,325 - corrector.core.run - INFO - Random-walk step 6587/7000: motor target x=290522nm y=-419626nm
2026-08-18 09:24:06,112 - corrector.core.run - INFO - Random-walk step 6588/7000: motor target x=294398nm y=-421665nm
2026-08-18 09:24:11,919 - corrector.core.run - INFO - Random-walk step 6589/7000: motor target x=294081nm y=-421128nm
2026-08-18 09:24:17,538 - corrector.core.run - INFO - Random-walk step 6590/7000: motor target x=294395nm y=-421494nm
2026-08-18 09:24:23,429 - corrector.core.run - INFO - Random-walk step 6591/7000: motor target x=293873nm y=-421015nm
2026-08-18 09:24:28,962 - corrector.core.run - INFO - Random-walk step 6592/7000: motor target x=293923nm y=-421329nm
2026-08-18 09:24:34,812 - corrector.core.run - INFO - Random-walk step 6593/7000: motor target x=294355nm y=-421661nm
2026-08-18 09:24:40,308 - corrector.core.run - INFO - Random-walk step 6594/7000: motor target x=294183nm y=-421636nm
2026-08-18 09:24:46,060 - corrector.core.run - INFO - Random-walk step 6595/7000: motor target x=294356nm y=-421794nm
2026-08-18 09:24:51,975 - corrector.core.run - INFO - Random-walk step 6596/7000: motor target x=293980nm y=-421455nm
2026-08-18 09:24:57,486 - corrector.core.run - INFO - Random-walk step 6597/7000: motor target x=294057nm y=-421402nm
2026-08-18 09:25:03,562 - corrector.core.run - INFO - Random-walk step 6598/7000: motor target x=293277nm y=-421190nm
2026-08-18 09:25:09,552 - corrector.core.run - INFO - Random-walk step 6599/7000: motor target x=290942nm y=-419637nm
2026-08-18 09:25:14,932 - corrector.core.run - INFO - Random-walk step 6600/7000: motor target x=290649nm y=-420288nm
2026-08-18 09:25:20,455 - corrector.core.run - INFO - Random-walk step 6601/7000: motor target x=290639nm y=-416009nm
2026-08-18 09:25:26,684 - corrector.core.run - INFO - Random-walk step 6602/7000: motor target x=291962nm y=-414060nm
2026-08-18 09:25:32,173 - corrector.core.run - INFO - Random-walk step 6603/7000: motor target x=292401nm y=-413400nm
2026-08-18 09:25:37,675 - corrector.core.run - INFO - Random-walk step 6604/7000: motor target x=292697nm y=-413333nm
2026-08-18 09:25:43,672 - corrector.core.run - INFO - Random-walk step 6605/7000: motor target x=293076nm y=-412570nm
2026-08-18 09:25:49,220 - corrector.core.run - INFO - Random-walk step 6606/7000: motor target x=293450nm y=-410884nm
2026-08-18 09:25:54,783 - corrector.core.run - INFO - Random-walk step 6607/7000: motor target x=293262nm y=-410972nm
2026-08-18 09:26:00,642 - corrector.core.run - INFO - Random-walk step 6608/7000: motor target x=293603nm y=-411025nm
2026-08-18 09:26:06,248 - corrector.core.run - INFO - Random-walk step 6609/7000: motor target x=293417nm y=-411215nm
2026-08-18 09:26:11,943 - corrector.core.run - INFO - Random-walk step 6610/7000: motor target x=293501nm y=-411172nm
2026-08-18 09:26:17,949 - corrector.core.run - INFO - Random-walk step 6611/7000: motor target x=292804nm y=-413110nm
2026-08-18 09:26:23,504 - corrector.core.run - INFO - Random-walk step 6612/7000: motor target x=292821nm y=-412656nm
2026-08-18 09:26:29,551 - corrector.core.run - INFO - Random-walk step 6613/7000: motor target x=291041nm y=-411467nm
2026-08-18 09:26:35,361 - corrector.core.run - INFO - Random-walk step 6614/7000: motor target x=292483nm y=-411109nm
2026-08-18 09:26:40,687 - corrector.core.run - INFO - Random-walk step 6615/7000: motor target x=292005nm y=-411143nm
2026-08-18 09:26:46,625 - corrector.core.run - INFO - Random-walk step 6616/7000: motor target x=291124nm y=-412788nm
2026-08-18 09:26:52,476 - corrector.core.run - INFO - Random-walk step 6617/7000: motor target x=291258nm y=-414115nm
2026-08-18 09:26:58,101 - corrector.core.run - INFO - Random-walk step 6618/7000: motor target x=291677nm y=-413148nm
2026-08-18 09:27:03,708 - corrector.core.run - INFO - Random-walk step 6619/7000: motor target x=291364nm y=-413848nm
2026-08-18 09:27:09,287 - corrector.core.run - INFO - Random-walk step 6620/7000: motor target x=291664nm y=-413766nm
2026-08-18 09:27:14,994 - corrector.core.run - INFO - Random-walk step 6621/7000: motor target x=291535nm y=-413387nm
2026-08-18 09:27:21,000 - corrector.core.run - INFO - Random-walk step 6622/7000: motor target x=292509nm y=-408942nm
2026-08-18 09:27:26,483 - corrector.core.run - INFO - Random-walk step 6623/7000: motor target x=292890nm y=-408576nm
2026-08-18 09:27:32,360 - corrector.core.run - INFO - Random-walk step 6624/7000: motor target x=292253nm y=-408402nm
2026-08-18 09:27:38,180 - corrector.core.run - INFO - Random-walk step 6625/7000: motor target x=292140nm y=-407406nm
2026-08-18 09:27:43,604 - corrector.core.run - INFO - Random-walk step 6626/7000: motor target x=292296nm y=-403163nm
2026-08-18 09:27:49,832 - corrector.core.run - INFO - Random-walk step 6627/7000: motor target x=290801nm y=-403371nm
2026-08-18 09:27:55,042 - corrector.core.run - INFO - Random-walk step 6628/7000: motor target x=290795nm y=-403629nm
2026-08-18 09:28:00,866 - corrector.core.run - INFO - Random-walk step 6629/7000: motor target x=285406nm y=-410963nm
2026-08-18 09:28:06,873 - corrector.core.run - INFO - Random-walk step 6630/7000: motor target x=284369nm y=-410317nm
2026-08-18 09:28:12,245 - corrector.core.run - INFO - Random-walk step 6631/7000: motor target x=284623nm y=-410179nm
2026-08-18 09:28:17,973 - corrector.core.run - INFO - Random-walk step 6632/7000: motor target x=281914nm y=-414921nm
2026-08-18 09:28:23,715 - corrector.core.run - INFO - Random-walk step 6633/7000: motor target x=282289nm y=-414878nm
2026-08-18 09:28:29,437 - corrector.core.run - INFO - Random-walk step 6634/7000: motor target x=281920nm y=-414804nm
2026-08-18 09:28:35,023 - corrector.core.run - INFO - Random-walk step 6635/7000: motor target x=281898nm y=-414731nm
2026-08-18 09:28:40,927 - corrector.core.run - INFO - Random-walk step 6636/7000: motor target x=281935nm y=-414479nm
2026-08-18 09:28:46,685 - corrector.core.run - INFO - Random-walk step 6637/7000: motor target x=279764nm y=-417029nm
2026-08-18 09:28:52,801 - corrector.core.run - INFO - Random-walk step 6638/7000: motor target x=278442nm y=-415676nm
2026-08-18 09:28:58,004 - corrector.core.run - INFO - Random-walk step 6639/7000: motor target x=278258nm y=-415631nm
2026-08-18 09:29:03,864 - corrector.core.run - INFO - Random-walk step 6640/7000: motor target x=278522nm y=-415576nm
2026-08-18 09:29:09,608 - corrector.core.run - INFO - Random-walk step 6641/7000: motor target x=278172nm y=-415427nm
2026-08-18 09:29:15,538 - corrector.core.run - INFO - Random-walk step 6642/7000: motor target x=281128nm y=-416440nm
2026-08-18 09:29:21,066 - corrector.core.run - INFO - Random-walk step 6643/7000: motor target x=281758nm y=-416546nm
2026-08-18 09:29:26,991 - corrector.core.run - INFO - Random-walk step 6644/7000: motor target x=282647nm y=-417176nm
2026-08-18 09:29:32,930 - corrector.core.run - INFO - Random-walk step 6645/7000: motor target x=281075nm y=-415449nm
2026-08-18 09:29:38,250 - corrector.core.run - INFO - Random-walk step 6646/7000: motor target x=280483nm y=-415386nm
2026-08-18 09:29:43,996 - corrector.core.run - INFO - Random-walk step 6647/7000: motor target x=280041nm y=-415619nm
2026-08-18 09:29:49,878 - corrector.core.run - INFO - Random-walk step 6648/7000: motor target x=280624nm y=-416413nm
2026-08-18 09:29:55,296 - corrector.core.run - INFO - Random-walk step 6649/7000: motor target x=283085nm y=-416612nm
2026-08-18 09:30:01,053 - corrector.core.run - INFO - Random-walk step 6650/7000: motor target x=283474nm y=-416635nm
2026-08-18 09:30:06,739 - corrector.core.run - INFO - Random-walk step 6651/7000: motor target x=283633nm y=-416722nm
2026-08-18 09:30:12,458 - corrector.core.run - INFO - Random-walk step 6652/7000: motor target x=283376nm y=-416866nm
2026-08-18 09:30:18,834 - corrector.core.run - INFO - Random-walk step 6653/7000: motor target x=282084nm y=-418206nm
2026-08-18 09:30:24,380 - corrector.core.run - INFO - Random-walk step 6654/7000: motor target x=282315nm y=-419556nm
2026-08-18 09:30:29,945 - corrector.core.run - INFO - Random-walk step 6655/7000: motor target x=281380nm y=-419435nm
2026-08-18 09:30:35,392 - corrector.core.run - INFO - Random-walk step 6656/7000: motor target x=281608nm y=-419177nm
2026-08-18 09:30:41,252 - corrector.core.run - INFO - Random-walk step 6657/7000: motor target x=281625nm y=-418762nm
2026-08-18 09:30:47,058 - corrector.core.run - INFO - Random-walk step 6658/7000: motor target x=281835nm y=-418160nm
2026-08-18 09:30:53,013 - corrector.core.run - INFO - Random-walk step 6659/7000: motor target x=280596nm y=-417918nm
2026-08-18 09:30:58,513 - corrector.core.run - INFO - Random-walk step 6660/7000: motor target x=280073nm y=-417940nm
2026-08-18 09:31:04,424 - corrector.core.run - INFO - Random-walk step 6661/7000: motor target x=281226nm y=-414472nm
2026-08-18 09:31:10,102 - corrector.core.run - INFO - Random-walk step 6662/7000: motor target x=280293nm y=-415156nm
2026-08-18 09:31:15,538 - corrector.core.run - INFO - Random-walk step 6663/7000: motor target x=280686nm y=-415044nm
2026-08-18 09:31:21,293 - corrector.core.run - INFO - Random-walk step 6664/7000: motor target x=278685nm y=-414864nm
2026-08-18 09:31:27,137 - corrector.core.run - INFO - Random-walk step 6665/7000: motor target x=279286nm y=-406148nm
2026-08-18 09:31:32,785 - corrector.core.run - INFO - Random-walk step 6666/7000: motor target x=285890nm y=-412679nm
2026-08-18 09:31:38,726 - corrector.core.run - INFO - Random-walk step 6667/7000: motor target x=287940nm y=-413473nm
2026-08-18 09:31:44,154 - corrector.core.run - INFO - Random-walk step 6668/7000: motor target x=290961nm y=-409548nm
2026-08-18 09:31:49,934 - corrector.core.run - INFO - Random-walk step 6669/7000: motor target x=292723nm y=-413055nm
2026-08-18 09:31:55,982 - corrector.core.run - INFO - Random-walk step 6670/7000: motor target x=291440nm y=-413259nm
2026-08-18 09:32:01,238 - corrector.core.run - INFO - Random-walk step 6671/7000: motor target x=291483nm y=-413171nm
2026-08-18 09:32:07,126 - corrector.core.run - INFO - Random-walk step 6672/7000: motor target x=291787nm y=-413284nm
2026-08-18 09:32:12,922 - corrector.core.run - INFO - Random-walk step 6673/7000: motor target x=291316nm y=-413573nm
2026-08-18 09:32:18,892 - corrector.core.run - INFO - Random-walk step 6674/7000: motor target x=298388nm y=-412521nm
2026-08-18 09:32:24,220 - corrector.core.run - INFO - Random-walk step 6675/7000: motor target x=298172nm y=-412344nm
2026-08-18 09:32:30,186 - corrector.core.run - INFO - Random-walk step 6676/7000: motor target x=297449nm y=-412220nm
2026-08-18 09:32:35,679 - corrector.core.run - INFO - Random-walk step 6677/7000: motor target x=300802nm y=-406615nm
2026-08-18 09:32:41,662 - corrector.core.run - INFO - Random-walk step 6678/7000: motor target x=304134nm y=-407506nm
2026-08-18 09:32:47,214 - corrector.core.run - INFO - Random-walk step 6679/7000: motor target x=304559nm y=-407520nm
2026-08-18 09:32:53,026 - corrector.core.run - INFO - Random-walk step 6680/7000: motor target x=303971nm y=-407626nm
2026-08-18 09:32:58,718 - corrector.core.run - INFO - Random-walk step 6681/7000: motor target x=304429nm y=-408053nm
2026-08-18 09:33:04,278 - corrector.core.run - INFO - Random-walk step 6682/7000: motor target x=301178nm y=-402457nm
2026-08-18 09:33:10,030 - corrector.core.run - INFO - Random-walk step 6683/7000: motor target x=301159nm y=-402824nm
2026-08-18 09:33:16,246 - corrector.core.run - INFO - Random-walk step 6684/7000: motor target x=299824nm y=-404112nm
2026-08-18 09:33:21,820 - corrector.core.run - INFO - Random-walk step 6685/7000: motor target x=296973nm y=-403130nm
2026-08-18 09:33:27,545 - corrector.core.run - INFO - Random-walk step 6686/7000: motor target x=293852nm y=-402187nm
2026-08-18 09:33:33,093 - corrector.core.run - INFO - Random-walk step 6687/7000: motor target x=293127nm y=-402859nm
2026-08-18 09:33:38,737 - corrector.core.run - INFO - Random-walk step 6688/7000: motor target x=292959nm y=-403370nm
2026-08-18 09:33:44,385 - corrector.core.run - INFO - Random-walk step 6689/7000: motor target x=289534nm y=-400107nm
2026-08-18 09:33:50,574 - corrector.core.run - INFO - Random-walk step 6690/7000: motor target x=288265nm y=-401120nm
2026-08-18 09:33:56,186 - corrector.core.run - INFO - Random-walk step 6691/7000: motor target x=287357nm y=-400125nm
2026-08-18 09:34:01,603 - corrector.core.run - INFO - Random-walk step 6692/7000: motor target x=284678nm y=-400405nm
2026-08-18 09:34:07,293 - corrector.core.run - INFO - Random-walk step 6693/7000: motor target x=286706nm y=-403533nm
2026-08-18 09:34:13,263 - corrector.core.run - INFO - Random-walk step 6694/7000: motor target x=288484nm y=-404369nm
2026-08-18 09:34:19,146 - corrector.core.run - INFO - Random-walk step 6695/7000: motor target x=289416nm y=-404021nm
2026-08-18 09:34:24,484 - corrector.core.run - INFO - Random-walk step 6696/7000: motor target x=289381nm y=-403837nm
2026-08-18 09:34:30,463 - corrector.core.run - INFO - Random-walk step 6697/7000: motor target x=289563nm y=-403345nm
2026-08-18 09:34:36,054 - corrector.core.run - INFO - Random-walk step 6698/7000: motor target x=289933nm y=-403497nm
2026-08-18 09:34:42,127 - corrector.core.run - INFO - Random-walk step 6699/7000: motor target x=289659nm y=-402407nm
2026-08-18 09:34:47,539 - corrector.core.run - INFO - Random-walk step 6700/7000: motor target x=289586nm y=-401963nm
2026-08-18 09:34:53,573 - corrector.core.run - INFO - Random-walk step 6701/7000: motor target x=289897nm y=-403116nm
2026-08-18 09:34:58,900 - corrector.core.run - INFO - Random-walk step 6702/7000: motor target x=290179nm y=-402977nm
2026-08-18 09:35:04,768 - corrector.core.run - INFO - Random-walk step 6703/7000: motor target x=290248nm y=-403479nm
2026-08-18 09:35:10,612 - corrector.core.run - INFO - Random-walk step 6704/7000: motor target x=289514nm y=-402850nm
2026-08-18 09:35:16,082 - corrector.core.run - INFO - Random-walk step 6705/7000: motor target x=289708nm y=-402897nm
2026-08-18 09:35:21,897 - corrector.core.run - INFO - Random-walk step 6706/7000: motor target x=290106nm y=-402938nm
2026-08-18 09:35:27,746 - corrector.core.run - INFO - Random-walk step 6707/7000: motor target x=289854nm y=-402366nm
2026-08-18 09:35:33,184 - corrector.core.run - INFO - Random-walk step 6708/7000: motor target x=289946nm y=-402364nm
2026-08-18 09:35:38,988 - corrector.core.run - INFO - Random-walk step 6709/7000: motor target x=292864nm y=-398943nm
2026-08-18 09:35:44,716 - corrector.core.run - INFO - Random-walk step 6710/7000: motor target x=296517nm y=-401616nm
2026-08-18 09:35:50,452 - corrector.core.run - INFO - Random-walk step 6711/7000: motor target x=298477nm y=-398118nm
2026-08-18 09:35:56,300 - corrector.core.run - INFO - Random-walk step 6712/7000: motor target x=296058nm y=-397686nm
2026-08-18 09:36:02,227 - corrector.core.run - INFO - Random-walk step 6713/7000: motor target x=298479nm y=-398695nm
2026-08-18 09:36:07,628 - corrector.core.run - INFO - Random-walk step 6714/7000: motor target x=296921nm y=-398488nm
2026-08-18 09:36:13,539 - corrector.core.run - INFO - Random-walk step 6715/7000: motor target x=292493nm y=-397970nm
2026-08-18 09:36:19,310 - corrector.core.run - INFO - Random-walk step 6716/7000: motor target x=292962nm y=-398640nm
2026-08-18 09:36:25,061 - corrector.core.run - INFO - Random-walk step 6717/7000: motor target x=292082nm y=-398903nm
2026-08-18 09:36:30,758 - corrector.core.run - INFO - Random-walk step 6718/7000: motor target x=292788nm y=-399129nm
2026-08-18 09:36:36,457 - corrector.core.run - INFO - Random-walk step 6719/7000: motor target x=295896nm y=-399726nm
2026-08-18 09:36:42,257 - corrector.core.run - INFO - Random-walk step 6720/7000: motor target x=296334nm y=-398915nm
2026-08-18 09:36:47,726 - corrector.core.run - INFO - Random-walk step 6721/7000: motor target x=297981nm y=-402014nm
2026-08-18 09:36:53,767 - corrector.core.run - INFO - Random-walk step 6722/7000: motor target x=296297nm y=-401015nm
2026-08-18 09:36:59,175 - corrector.core.run - INFO - Random-walk step 6723/7000: motor target x=298650nm y=-398411nm
2026-08-18 09:37:05,120 - corrector.core.run - INFO - Random-walk step 6724/7000: motor target x=300616nm y=-397738nm
2026-08-18 09:37:10,935 - corrector.core.run - INFO - Random-walk step 6725/7000: motor target x=300663nm y=-396735nm
2026-08-18 09:37:16,419 - corrector.core.run - INFO - Random-walk step 6726/7000: motor target x=300167nm y=-396933nm
2026-08-18 09:37:21,990 - corrector.core.run - INFO - Random-walk step 6727/7000: motor target x=300071nm y=-397112nm
2026-08-18 09:37:28,018 - corrector.core.run - INFO - Random-walk step 6728/7000: motor target x=300699nm y=-397226nm
2026-08-18 09:37:33,956 - corrector.core.run - INFO - Random-walk step 6729/7000: motor target x=299532nm y=-396223nm
2026-08-18 09:37:39,788 - corrector.core.run - INFO - Random-walk step 6730/7000: motor target x=298071nm y=-397691nm
2026-08-18 09:37:45,180 - corrector.core.run - INFO - Random-walk step 6731/7000: motor target x=298850nm y=-397988nm
2026-08-18 09:37:50,977 - corrector.core.run - INFO - Random-walk step 6732/7000: motor target x=295600nm y=-398689nm
2026-08-18 09:37:56,316 - corrector.core.run - INFO - Random-walk step 6733/7000: motor target x=295621nm y=-398737nm
2026-08-18 09:38:02,063 - corrector.core.run - INFO - Random-walk step 6734/7000: motor target x=295543nm y=-398578nm
2026-08-18 09:38:07,885 - corrector.core.run - INFO - Random-walk step 6735/7000: motor target x=289458nm y=-394968nm
2026-08-18 09:38:13,502 - corrector.core.run - INFO - Random-walk step 6736/7000: motor target x=289562nm y=-394944nm
2026-08-18 09:38:19,641 - corrector.core.run - INFO - Random-walk step 6737/7000: motor target x=288530nm y=-397061nm
2026-08-18 09:38:25,046 - corrector.core.run - INFO - Random-walk step 6738/7000: motor target x=288842nm y=-397351nm
2026-08-18 09:38:31,180 - corrector.core.run - INFO - Random-walk step 6739/7000: motor target x=290007nm y=-397594nm
2026-08-18 09:38:36,704 - corrector.core.run - INFO - Random-walk step 6740/7000: motor target x=290182nm y=-398325nm
2026-08-18 09:38:42,205 - corrector.core.run - INFO - Random-walk step 6741/7000: motor target x=289933nm y=-401185nm
2026-08-18 09:38:48,334 - corrector.core.run - INFO - Random-walk step 6742/7000: motor target x=291155nm y=-403162nm
2026-08-18 09:38:53,592 - corrector.core.run - INFO - Random-walk step 6743/7000: motor target x=290983nm y=-403141nm
2026-08-18 09:38:59,611 - corrector.core.run - INFO - Random-walk step 6744/7000: motor target x=291521nm y=-403893nm
2026-08-18 09:39:05,266 - corrector.core.run - INFO - Random-walk step 6745/7000: motor target x=292037nm y=-403843nm
2026-08-18 09:39:11,253 - corrector.core.run - INFO - Random-walk step 6746/7000: motor target x=291579nm y=-405002nm
2026-08-18 09:39:16,567 - corrector.core.run - INFO - Random-walk step 6747/7000: motor target x=291344nm y=-405087nm
2026-08-18 09:39:22,549 - corrector.core.run - INFO - Random-walk step 6748/7000: motor target x=290582nm y=-405631nm
2026-08-18 09:39:27,981 - corrector.core.run - INFO - Random-walk step 6749/7000: motor target x=290864nm y=-405479nm
2026-08-18 09:39:33,686 - corrector.core.run - INFO - Random-walk step 6750/7000: motor target x=290736nm y=-405594nm
2026-08-18 09:39:39,883 - corrector.core.run - INFO - Random-walk step 6751/7000: motor target x=289567nm y=-405077nm
2026-08-18 09:39:45,478 - corrector.core.run - INFO - Random-walk step 6752/7000: motor target x=288706nm y=-405499nm
2026-08-18 09:39:51,200 - corrector.core.run - INFO - Random-walk step 6753/7000: motor target x=287987nm y=-406122nm
2026-08-18 09:39:57,079 - corrector.core.run - INFO - Random-walk step 6754/7000: motor target x=287958nm y=-404719nm
2026-08-18 09:40:02,655 - corrector.core.run - INFO - Random-walk step 6755/7000: motor target x=287055nm y=-404483nm
2026-08-18 09:40:08,142 - corrector.core.run - INFO - Random-walk step 6756/7000: motor target x=289688nm y=-401910nm
2026-08-18 09:40:14,364 - corrector.core.run - INFO - Random-walk step 6757/7000: motor target x=289126nm y=-400420nm
2026-08-18 09:40:19,767 - corrector.core.run - INFO - Random-walk step 6758/7000: motor target x=289839nm y=-400467nm
2026-08-18 09:40:25,598 - corrector.core.run - INFO - Random-walk step 6759/7000: motor target x=291776nm y=-399430nm
2026-08-18 09:40:31,284 - corrector.core.run - INFO - Random-walk step 6760/7000: motor target x=295864nm y=-400337nm
2026-08-18 09:40:36,866 - corrector.core.run - INFO - Random-walk step 6761/7000: motor target x=296507nm y=-399951nm
2026-08-18 09:40:42,654 - corrector.core.run - INFO - Random-walk step 6762/7000: motor target x=297100nm y=-396959nm
2026-08-18 09:40:48,464 - corrector.core.run - INFO - Random-walk step 6763/7000: motor target x=297794nm y=-396155nm
2026-08-18 09:40:54,206 - corrector.core.run - INFO - Random-walk step 6764/7000: motor target x=296901nm y=-394162nm
2026-08-18 09:41:00,064 - corrector.core.run - INFO - Random-walk step 6765/7000: motor target x=295639nm y=-394627nm
2026-08-18 09:41:05,584 - corrector.core.run - INFO - Random-walk step 6766/7000: motor target x=296307nm y=-398973nm
2026-08-18 09:41:11,043 - corrector.core.run - INFO - Random-walk step 6767/7000: motor target x=296529nm y=-399052nm
2026-08-18 09:41:17,139 - corrector.core.run - INFO - Random-walk step 6768/7000: motor target x=295482nm y=-390192nm
2026-08-18 09:41:22,530 - corrector.core.run - INFO - Random-walk step 6769/7000: motor target x=293901nm y=-392022nm
2026-08-18 09:41:28,490 - corrector.core.run - INFO - Random-walk step 6770/7000: motor target x=294497nm y=-392709nm
2026-08-18 09:41:33,995 - corrector.core.run - INFO - Random-walk step 6771/7000: motor target x=292071nm y=-390959nm
2026-08-18 09:41:40,213 - corrector.core.run - INFO - Random-walk step 6772/7000: motor target x=290617nm y=-392709nm
2026-08-18 09:41:45,437 - corrector.core.run - INFO - Random-walk step 6773/7000: motor target x=288544nm y=-388967nm
2026-08-18 09:41:51,431 - corrector.core.run - INFO - Random-walk step 6774/7000: motor target x=287673nm y=-389249nm
2026-08-18 09:41:57,433 - corrector.core.run - INFO - Random-walk step 6775/7000: motor target x=290652nm y=-387718nm
2026-08-18 09:42:02,854 - corrector.core.run - INFO - Random-walk step 6776/7000: motor target x=291425nm y=-392629nm
2026-08-18 09:42:08,709 - corrector.core.run - INFO - Random-walk step 6777/7000: motor target x=292563nm y=-393357nm
2026-08-18 09:42:14,411 - corrector.core.run - INFO - Random-walk step 6778/7000: motor target x=296302nm y=-392185nm
2026-08-18 09:42:19,736 - corrector.core.run - INFO - Random-walk step 6779/7000: motor target x=296208nm y=-390441nm
2026-08-18 09:42:25,649 - corrector.core.run - INFO - Random-walk step 6780/7000: motor target x=298021nm y=-390902nm
2026-08-18 09:42:31,684 - corrector.core.run - INFO - Random-walk step 6781/7000: motor target x=296601nm y=-390790nm
2026-08-18 09:42:37,247 - corrector.core.run - INFO - Random-walk step 6782/7000: motor target x=295912nm y=-391652nm
2026-08-18 09:42:42,642 - corrector.core.run - INFO - Random-walk step 6783/7000: motor target x=296183nm y=-391528nm
2026-08-18 09:42:48,608 - corrector.core.run - INFO - Random-walk step 6784/7000: motor target x=295511nm y=-391279nm
2026-08-18 09:42:54,110 - corrector.core.run - INFO - Random-walk step 6785/7000: motor target x=295202nm y=-391564nm
2026-08-18 09:42:59,934 - corrector.core.run - INFO - Random-walk step 6786/7000: motor target x=288658nm y=-391096nm
2026-08-18 09:43:05,912 - corrector.core.run - INFO - Random-walk step 6787/7000: motor target x=287651nm y=-390414nm
2026-08-18 09:43:11,546 - corrector.core.run - INFO - Random-walk step 6788/7000: motor target x=286928nm y=-392734nm
2026-08-18 09:43:17,356 - corrector.core.run - INFO - Random-walk step 6789/7000: motor target x=287899nm y=-392591nm
2026-08-18 09:43:23,038 - corrector.core.run - INFO - Random-walk step 6790/7000: motor target x=289625nm y=-393335nm
2026-08-18 09:43:28,427 - corrector.core.run - INFO - Random-walk step 6791/7000: motor target x=289595nm y=-393439nm
2026-08-18 09:43:34,573 - corrector.core.run - INFO - Random-walk step 6792/7000: motor target x=287410nm y=-394560nm
2026-08-18 09:43:39,965 - corrector.core.run - INFO - Random-walk step 6793/7000: motor target x=289940nm y=-391129nm
2026-08-18 09:43:45,930 - corrector.core.run - INFO - Random-walk step 6794/7000: motor target x=290233nm y=-391945nm
2026-08-18 09:43:51,270 - corrector.core.run - INFO - Random-walk step 6795/7000: motor target x=290163nm y=-391970nm
2026-08-18 09:43:57,107 - corrector.core.run - INFO - Random-walk step 6796/7000: motor target x=290216nm y=-391611nm
2026-08-18 09:44:03,465 - corrector.core.run - INFO - Random-walk step 6797/7000: motor target x=289099nm y=-390230nm
2026-08-18 09:44:08,774 - corrector.core.run - INFO - Random-walk step 6798/7000: motor target x=288508nm y=-390652nm
2026-08-18 09:44:14,542 - corrector.core.run - INFO - Random-walk step 6799/7000: motor target x=288048nm y=-389908nm
2026-08-18 09:44:20,013 - corrector.core.run - INFO - Random-walk step 6800/7000: motor target x=285397nm y=-391999nm
2026-08-18 09:44:25,737 - corrector.core.run - INFO - Random-walk step 6801/7000: motor target x=287635nm y=-393730nm
2026-08-18 09:44:31,515 - corrector.core.run - INFO - Random-walk step 6802/7000: motor target x=287677nm y=-394173nm
2026-08-18 09:44:37,306 - corrector.core.run - INFO - Random-walk step 6803/7000: motor target x=287291nm y=-393594nm
2026-08-18 09:44:42,968 - corrector.core.run - INFO - Random-walk step 6804/7000: motor target x=289374nm y=-393542nm
2026-08-18 09:44:49,155 - corrector.core.run - INFO - Random-walk step 6805/7000: motor target x=290787nm y=-392162nm
2026-08-18 09:44:54,349 - corrector.core.run - INFO - Random-walk step 6806/7000: motor target x=287342nm y=-392035nm
2026-08-18 09:45:00,561 - corrector.core.run - INFO - Random-walk step 6807/7000: motor target x=288702nm y=-391127nm
2026-08-18 09:45:05,966 - corrector.core.run - INFO - Random-walk step 6808/7000: motor target x=285936nm y=-390511nm
2026-08-18 09:45:11,587 - corrector.core.run - INFO - Random-walk step 6809/7000: motor target x=286265nm y=-390105nm
2026-08-18 09:45:17,466 - corrector.core.run - INFO - Random-walk step 6810/7000: motor target x=286788nm y=-390721nm
2026-08-18 09:45:23,126 - corrector.core.run - INFO - Random-walk step 6811/7000: motor target x=286264nm y=-390499nm
2026-08-18 09:45:29,184 - corrector.core.run - INFO - Random-walk step 6812/7000: motor target x=288404nm y=-389097nm
2026-08-18 09:45:34,432 - corrector.core.run - INFO - Random-walk step 6813/7000: motor target x=288143nm y=-389402nm
2026-08-18 09:45:40,520 - corrector.core.run - INFO - Random-walk step 6814/7000: motor target x=288721nm y=-390517nm
2026-08-18 09:45:46,284 - corrector.core.run - INFO - Random-walk step 6815/7000: motor target x=287527nm y=-392887nm
2026-08-18 09:45:51,868 - corrector.core.run - INFO - Random-walk step 6816/7000: motor target x=287469nm y=-392168nm
2026-08-18 09:45:57,352 - corrector.core.run - INFO - Random-walk step 6817/7000: motor target x=285544nm y=-399347nm
2026-08-18 09:46:03,098 - corrector.core.run - INFO - Random-walk step 6818/7000: motor target x=285725nm y=-401801nm
2026-08-18 09:46:08,902 - corrector.core.run - INFO - Random-walk step 6819/7000: motor target x=286291nm y=-401240nm
2026-08-18 09:46:14,510 - corrector.core.run - INFO - Random-walk step 6820/7000: motor target x=286379nm y=-400952nm
2026-08-18 09:46:20,270 - corrector.core.run - INFO - Random-walk step 6821/7000: motor target x=286068nm y=-400659nm
2026-08-18 09:46:26,404 - corrector.core.run - INFO - Random-walk step 6822/7000: motor target x=286912nm y=-399425nm
2026-08-18 09:46:32,172 - corrector.core.run - INFO - Random-walk step 6823/7000: motor target x=288331nm y=-398941nm
2026-08-18 09:46:37,538 - corrector.core.run - INFO - Random-walk step 6824/7000: motor target x=288879nm y=-398551nm
2026-08-18 09:46:43,352 - corrector.core.run - INFO - Random-walk step 6825/7000: motor target x=288200nm y=-398983nm
2026-08-18 09:46:48,868 - corrector.core.run - INFO - Random-walk step 6826/7000: motor target x=285775nm y=-399202nm
2026-08-18 09:46:55,154 - corrector.core.run - INFO - Random-walk step 6827/7000: motor target x=284271nm y=-398469nm
2026-08-18 09:47:00,292 - corrector.core.run - INFO - Random-walk step 6828/7000: motor target x=284418nm y=-398398nm
2026-08-18 09:47:06,519 - corrector.core.run - INFO - Random-walk step 6829/7000: motor target x=285800nm y=-401428nm
2026-08-18 09:47:12,064 - corrector.core.run - INFO - Random-walk step 6830/7000: motor target x=285747nm y=-402318nm
2026-08-18 09:47:17,488 - corrector.core.run - INFO - Random-walk step 6831/7000: motor target x=287529nm y=-402478nm
2026-08-18 09:47:23,107 - corrector.core.run - INFO - Random-walk step 6832/7000: motor target x=287552nm y=-402538nm
2026-08-18 09:47:28,905 - corrector.core.run - INFO - Random-walk step 6833/7000: motor target x=287423nm y=-402444nm
2026-08-18 09:47:34,924 - corrector.core.run - INFO - Random-walk step 6834/7000: motor target x=287294nm y=-401634nm
2026-08-18 09:47:40,833 - corrector.core.run - INFO - Random-walk step 6835/7000: motor target x=286058nm y=-402193nm
2026-08-18 09:47:46,335 - corrector.core.run - INFO - Random-walk step 6836/7000: motor target x=286501nm y=-402828nm
2026-08-18 09:47:52,102 - corrector.core.run - INFO - Random-walk step 6837/7000: motor target x=286027nm y=-403603nm
2026-08-18 09:47:57,551 - corrector.core.run - INFO - Random-walk step 6838/7000: motor target x=288020nm y=-403584nm
2026-08-18 09:48:03,197 - corrector.core.run - INFO - Random-walk step 6839/7000: motor target x=287958nm y=-403665nm
2026-08-18 09:48:09,469 - corrector.core.run - INFO - Random-walk step 6840/7000: motor target x=288320nm y=-404831nm
2026-08-18 09:48:14,867 - corrector.core.run - INFO - Random-walk step 6841/7000: motor target x=290211nm y=-406885nm
2026-08-18 09:48:20,835 - corrector.core.run - INFO - Random-walk step 6842/7000: motor target x=291214nm y=-405040nm
2026-08-18 09:48:26,205 - corrector.core.run - INFO - Random-walk step 6843/7000: motor target x=291008nm y=-405311nm
2026-08-18 09:48:32,034 - corrector.core.run - INFO - Random-walk step 6844/7000: motor target x=296053nm y=-408835nm
2026-08-18 09:48:37,914 - corrector.core.run - INFO - Random-walk step 6845/7000: motor target x=296863nm y=-408832nm
2026-08-18 09:48:43,428 - corrector.core.run - INFO - Random-walk step 6846/7000: motor target x=296575nm y=-409195nm
2026-08-18 09:48:49,279 - corrector.core.run - INFO - Random-walk step 6847/7000: motor target x=297078nm y=-409275nm
2026-08-18 09:48:54,906 - corrector.core.run - INFO - Random-walk step 6848/7000: motor target x=297370nm y=-411681nm
2026-08-18 09:49:00,652 - corrector.core.run - INFO - Random-walk step 6849/7000: motor target x=300937nm y=-413911nm
2026-08-18 09:49:06,271 - corrector.core.run - INFO - Random-walk step 6850/7000: motor target x=301143nm y=-413804nm
2026-08-18 09:49:12,361 - corrector.core.run - INFO - Random-walk step 6851/7000: motor target x=302083nm y=-416216nm
2026-08-18 09:49:18,067 - corrector.core.run - INFO - Random-walk step 6852/7000: motor target x=306789nm y=-415159nm
2026-08-18 09:49:23,385 - corrector.core.run - INFO - Random-walk step 6853/7000: motor target x=306848nm y=-415098nm
2026-08-18 09:49:29,519 - corrector.core.run - INFO - Random-walk step 6854/7000: motor target x=307626nm y=-414226nm
2026-08-18 09:49:34,891 - corrector.core.run - INFO - Random-walk step 6855/7000: motor target x=307815nm y=-414396nm
2026-08-18 09:49:40,595 - corrector.core.run - INFO - Random-walk step 6856/7000: motor target x=307677nm y=-414279nm
2026-08-18 09:49:46,313 - corrector.core.run - INFO - Random-walk step 6857/7000: motor target x=307593nm y=-414253nm
2026-08-18 09:49:52,177 - corrector.core.run - INFO - Random-walk step 6858/7000: motor target x=307905nm y=-414264nm
2026-08-18 09:49:58,009 - corrector.core.run - INFO - Random-walk step 6859/7000: motor target x=308485nm y=-414176nm
2026-08-18 09:50:04,036 - corrector.core.run - INFO - Random-walk step 6860/7000: motor target x=307084nm y=-409493nm
2026-08-18 09:50:09,469 - corrector.core.run - INFO - Random-walk step 6861/7000: motor target x=306482nm y=-409538nm
2026-08-18 09:50:15,092 - corrector.core.run - INFO - Random-walk step 6862/7000: motor target x=303745nm y=-407327nm
2026-08-18 09:50:20,855 - corrector.core.run - INFO - Random-walk step 6863/7000: motor target x=303405nm y=-409205nm
2026-08-18 09:50:26,745 - corrector.core.run - INFO - Random-walk step 6864/7000: motor target x=303691nm y=-410091nm
2026-08-18 09:50:32,121 - corrector.core.run - INFO - Random-walk step 6865/7000: motor target x=303755nm y=-410116nm
2026-08-18 09:50:38,357 - corrector.core.run - INFO - Random-walk step 6866/7000: motor target x=303270nm y=-408820nm
2026-08-18 09:50:43,635 - corrector.core.run - INFO - Random-walk step 6867/7000: motor target x=299679nm y=-408563nm
2026-08-18 09:50:49,638 - corrector.core.run - INFO - Random-walk step 6868/7000: motor target x=300058nm y=-407686nm
2026-08-18 09:50:55,377 - corrector.core.run - INFO - Random-walk step 6869/7000: motor target x=300365nm y=-408684nm
2026-08-18 09:51:01,179 - corrector.core.run - INFO - Random-walk step 6870/7000: motor target x=299830nm y=-409857nm
2026-08-18 09:51:06,608 - corrector.core.run - INFO - Random-walk step 6871/7000: motor target x=300321nm y=-409671nm
2026-08-18 09:51:12,438 - corrector.core.run - INFO - Random-walk step 6872/7000: motor target x=300856nm y=-411199nm
2026-08-18 09:51:17,892 - corrector.core.run - INFO - Random-walk step 6873/7000: motor target x=300783nm y=-411176nm
2026-08-18 09:51:23,762 - corrector.core.run - INFO - Random-walk step 6874/7000: motor target x=301086nm y=-411367nm
2026-08-18 09:51:29,678 - corrector.core.run - INFO - Random-walk step 6875/7000: motor target x=303634nm y=-412022nm
2026-08-18 09:51:35,284 - corrector.core.run - INFO - Random-walk step 6876/7000: motor target x=296335nm y=-405392nm
2026-08-18 09:51:41,334 - corrector.core.run - INFO - Random-walk step 6877/7000: motor target x=297129nm y=-404256nm
2026-08-18 09:51:46,953 - corrector.core.run - INFO - Random-walk step 6878/7000: motor target x=296753nm y=-405154nm
2026-08-18 09:51:52,537 - corrector.core.run - INFO - Random-walk step 6879/7000: motor target x=296793nm y=-405857nm
2026-08-18 09:51:58,526 - corrector.core.run - INFO - Random-walk step 6880/7000: motor target x=297965nm y=-404743nm
2026-08-18 09:52:04,371 - corrector.core.run - INFO - Random-walk step 6881/7000: motor target x=295785nm y=-403180nm
2026-08-18 09:52:09,817 - corrector.core.run - INFO - Random-walk step 6882/7000: motor target x=294875nm y=-403526nm
2026-08-18 09:52:15,363 - corrector.core.run - INFO - Random-walk step 6883/7000: motor target x=295214nm y=-401687nm
2026-08-18 09:52:21,153 - corrector.core.run - INFO - Random-walk step 6884/7000: motor target x=295003nm y=-401071nm
2026-08-18 09:52:27,023 - corrector.core.run - INFO - Random-walk step 6885/7000: motor target x=294489nm y=-400321nm
2026-08-18 09:52:32,960 - corrector.core.run - INFO - Random-walk step 6886/7000: motor target x=295998nm y=-402222nm
2026-08-18 09:52:38,201 - corrector.core.run - INFO - Random-walk step 6887/7000: motor target x=292435nm y=-399964nm
2026-08-18 09:52:43,835 - corrector.core.run - INFO - Random-walk step 6888/7000: motor target x=292496nm y=-399875nm
2026-08-18 09:52:49,687 - corrector.core.run - INFO - Random-walk step 6889/7000: motor target x=292110nm y=-399718nm
2026-08-18 09:52:55,925 - corrector.core.run - INFO - Random-walk step 6890/7000: motor target x=290623nm y=-399178nm
2026-08-18 09:53:01,073 - corrector.core.run - INFO - Random-walk step 6891/7000: motor target x=290678nm y=-399349nm
2026-08-18 09:53:06,793 - corrector.core.run - INFO - Random-walk step 6892/7000: motor target x=290782nm y=-399623nm
2026-08-18 09:53:12,763 - corrector.core.run - INFO - Random-walk step 6893/7000: motor target x=292561nm y=-399038nm
2026-08-18 09:53:18,587 - corrector.core.run - INFO - Random-walk step 6894/7000: motor target x=291686nm y=-395562nm
2026-08-18 09:53:24,198 - corrector.core.run - INFO - Random-walk step 6895/7000: motor target x=290999nm y=-396288nm
2026-08-18 09:53:30,202 - corrector.core.run - INFO - Random-walk step 6896/7000: motor target x=291257nm y=-394974nm
2026-08-18 09:53:35,643 - corrector.core.run - INFO - Random-walk step 6897/7000: motor target x=291901nm y=-394823nm
2026-08-18 09:53:41,211 - corrector.core.run - INFO - Random-walk step 6898/7000: motor target x=289930nm y=-403268nm
2026-08-18 09:53:46,832 - corrector.core.run - INFO - Random-walk step 6899/7000: motor target x=289909nm y=-403157nm
2026-08-18 09:53:53,034 - corrector.core.run - INFO - Random-walk step 6900/7000: motor target x=291753nm y=-401941nm
2026-08-18 09:53:58,394 - corrector.core.run - INFO - Random-walk step 6901/7000: motor target x=294698nm y=-403875nm
2026-08-18 09:54:04,360 - corrector.core.run - INFO - Random-walk step 6902/7000: motor target x=294186nm y=-403146nm
2026-08-18 09:54:09,759 - corrector.core.run - INFO - Random-walk step 6903/7000: motor target x=294098nm y=-403131nm
2026-08-18 09:54:15,938 - corrector.core.run - INFO - Random-walk step 6904/7000: motor target x=293096nm y=-402588nm
2026-08-18 09:54:21,526 - corrector.core.run - INFO - Random-walk step 6905/7000: motor target x=293832nm y=-402429nm
2026-08-18 09:54:27,073 - corrector.core.run - INFO - Random-walk step 6906/7000: motor target x=293628nm y=-402117nm
2026-08-18 09:54:33,024 - corrector.core.run - INFO - Random-walk step 6907/7000: motor target x=294088nm y=-401367nm
2026-08-18 09:54:38,428 - corrector.core.run - INFO - Random-walk step 6908/7000: motor target x=294041nm y=-401439nm
2026-08-18 09:54:44,295 - corrector.core.run - INFO - Random-walk step 6909/7000: motor target x=297822nm y=-399285nm
2026-08-18 09:54:50,122 - corrector.core.run - INFO - Random-walk step 6910/7000: motor target x=298431nm y=-399363nm
2026-08-18 09:54:55,717 - corrector.core.run - INFO - Random-walk step 6911/7000: motor target x=298701nm y=-399006nm
2026-08-18 09:55:01,914 - corrector.core.run - INFO - Random-walk step 6912/7000: motor target x=297201nm y=-398290nm
2026-08-18 09:55:07,105 - corrector.core.run - INFO - Random-walk step 6913/7000: motor target x=297025nm y=-398074nm
2026-08-18 09:55:13,249 - corrector.core.run - INFO - Random-walk step 6914/7000: motor target x=300830nm y=-396850nm
2026-08-18 09:55:19,039 - corrector.core.run - INFO - Random-walk step 6915/7000: motor target x=299511nm y=-399490nm
2026-08-18 09:55:24,395 - corrector.core.run - INFO - Random-walk step 6916/7000: motor target x=299924nm y=-398984nm
2026-08-18 09:55:30,030 - corrector.core.run - INFO - Random-walk step 6917/7000: motor target x=302162nm y=-401897nm
2026-08-18 09:55:36,007 - corrector.core.run - INFO - Random-walk step 6918/7000: motor target x=303937nm y=-401054nm
2026-08-18 09:55:41,627 - corrector.core.run - INFO - Random-walk step 6919/7000: motor target x=303970nm y=-400482nm
2026-08-18 09:55:47,499 - corrector.core.run - INFO - Random-walk step 6920/7000: motor target x=304694nm y=-401367nm
2026-08-18 09:55:53,292 - corrector.core.run - INFO - Random-walk step 6921/7000: motor target x=303627nm y=-400764nm
2026-08-18 09:55:59,034 - corrector.core.run - INFO - Random-walk step 6922/7000: motor target x=304830nm y=-401164nm
2026-08-18 09:56:04,835 - corrector.core.run - INFO - Random-walk step 6923/7000: motor target x=303512nm y=-402902nm
2026-08-18 09:56:10,154 - corrector.core.run - INFO - Random-walk step 6924/7000: motor target x=303101nm y=-403236nm
2026-08-18 09:56:15,776 - corrector.core.run - INFO - Random-walk step 6925/7000: motor target x=303022nm y=-403197nm
2026-08-18 09:56:21,758 - corrector.core.run - INFO - Random-walk step 6926/7000: motor target x=305021nm y=-403793nm
2026-08-18 09:56:27,452 - corrector.core.run - INFO - Random-walk step 6927/7000: motor target x=304303nm y=-403965nm
2026-08-18 09:56:33,088 - corrector.core.run - INFO - Random-walk step 6928/7000: motor target x=303857nm y=-407905nm
2026-08-18 09:56:38,734 - corrector.core.run - INFO - Random-walk step 6929/7000: motor target x=303703nm y=-407576nm
2026-08-18 09:56:44,831 - corrector.core.run - INFO - Random-walk step 6930/7000: motor target x=304797nm y=-407228nm
2026-08-18 09:56:50,533 - corrector.core.run - INFO - Random-walk step 6931/7000: motor target x=305698nm y=-406860nm
2026-08-18 09:56:56,050 - corrector.core.run - INFO - Random-walk step 6932/7000: motor target x=306123nm y=-407428nm
2026-08-18 09:57:01,936 - corrector.core.run - INFO - Random-walk step 6933/7000: motor target x=307733nm y=-406630nm
2026-08-18 09:57:07,360 - corrector.core.run - INFO - Random-walk step 6934/7000: motor target x=307929nm y=-406807nm
2026-08-18 09:57:13,090 - corrector.core.run - INFO - Random-walk step 6935/7000: motor target x=308141nm y=-406869nm
2026-08-18 09:57:18,958 - corrector.core.run - INFO - Random-walk step 6936/7000: motor target x=308510nm y=-408796nm
2026-08-18 09:57:24,814 - corrector.core.run - INFO - Random-walk step 6937/7000: motor target x=308558nm y=-409557nm
2026-08-18 09:57:30,470 - corrector.core.run - INFO - Random-walk step 6938/7000: motor target x=309160nm y=-411752nm
2026-08-18 09:57:35,935 - corrector.core.run - INFO - Random-walk step 6939/7000: motor target x=309152nm y=-411802nm
2026-08-18 09:57:42,035 - corrector.core.run - INFO - Random-walk step 6940/7000: motor target x=309411nm y=-412719nm
2026-08-18 09:57:47,472 - corrector.core.run - INFO - Random-walk step 6941/7000: motor target x=309423nm y=-412949nm
2026-08-18 09:57:53,323 - corrector.core.run - INFO - Random-walk step 6942/7000: motor target x=309737nm y=-412816nm
2026-08-18 09:57:59,146 - corrector.core.run - INFO - Random-walk step 6943/7000: motor target x=309084nm y=-412488nm
2026-08-18 09:58:05,107 - corrector.core.run - INFO - Random-walk step 6944/7000: motor target x=310559nm y=-412611nm
2026-08-18 09:58:10,398 - corrector.core.run - INFO - Random-walk step 6945/7000: motor target x=310592nm y=-412841nm
2026-08-18 09:58:16,100 - corrector.core.run - INFO - Random-walk step 6946/7000: motor target x=310561nm y=-412771nm
2026-08-18 09:58:22,066 - corrector.core.run - INFO - Random-walk step 6947/7000: motor target x=310358nm y=-412146nm
2026-08-18 09:58:27,757 - corrector.core.run - INFO - Random-walk step 6948/7000: motor target x=310854nm y=-409756nm
2026-08-18 09:58:33,258 - corrector.core.run - INFO - Random-walk step 6949/7000: motor target x=310700nm y=-409760nm
2026-08-18 09:58:39,019 - corrector.core.run - INFO - Random-walk step 6950/7000: motor target x=310537nm y=-409846nm
2026-08-18 09:58:45,056 - corrector.core.run - INFO - Random-walk step 6951/7000: motor target x=309686nm y=-408063nm
2026-08-18 09:58:50,854 - corrector.core.run - INFO - Random-walk step 6952/7000: motor target x=311426nm y=-406925nm
2026-08-18 09:58:56,146 - corrector.core.run - INFO - Random-walk step 6953/7000: motor target x=311511nm y=-406971nm
2026-08-18 09:59:02,316 - corrector.core.run - INFO - Random-walk step 6954/7000: motor target x=311614nm y=-408063nm
2026-08-18 09:59:07,660 - corrector.core.run - INFO - Random-walk step 6955/7000: motor target x=308516nm y=-404339nm
2026-08-18 09:59:13,616 - corrector.core.run - INFO - Random-walk step 6956/7000: motor target x=307760nm y=-399710nm
2026-08-18 09:59:19,191 - corrector.core.run - INFO - Random-walk step 6957/7000: motor target x=307243nm y=-399321nm
2026-08-18 09:59:24,877 - corrector.core.run - INFO - Random-walk step 6958/7000: motor target x=307097nm y=-398903nm
2026-08-18 09:59:30,596 - corrector.core.run - INFO - Random-walk step 6959/7000: motor target x=306743nm y=-398577nm
2026-08-18 09:59:36,472 - corrector.core.run - INFO - Random-walk step 6960/7000: motor target x=306661nm y=-397964nm
2026-08-18 09:59:42,373 - corrector.core.run - INFO - Random-walk step 6961/7000: motor target x=305630nm y=-398453nm
2026-08-18 09:59:47,739 - corrector.core.run - INFO - Random-walk step 6962/7000: motor target x=305465nm y=-396179nm
2026-08-18 09:59:53,604 - corrector.core.run - INFO - Random-walk step 6963/7000: motor target x=305083nm y=-398400nm
2026-08-18 09:59:59,180 - corrector.core.run - INFO - Random-walk step 6964/7000: motor target x=307234nm y=-401220nm
2026-08-18 10:00:05,169 - corrector.core.run - INFO - Random-walk step 6965/7000: motor target x=306500nm y=-401533nm
2026-08-18 10:00:10,665 - corrector.core.run - INFO - Random-walk step 6966/7000: motor target x=306659nm y=-403143nm
2026-08-18 10:00:16,876 - corrector.core.run - INFO - Random-walk step 6967/7000: motor target x=305866nm y=-404589nm
2026-08-18 10:00:22,455 - corrector.core.run - INFO - Random-walk step 6968/7000: motor target x=304759nm y=-402741nm
2026-08-18 10:00:27,847 - corrector.core.run - INFO - Random-walk step 6969/7000: motor target x=304700nm y=-402530nm
2026-08-18 10:00:33,543 - corrector.core.run - INFO - Random-walk step 6970/7000: motor target x=305014nm y=-402625nm
2026-08-18 10:00:39,523 - corrector.core.run - INFO - Random-walk step 6971/7000: motor target x=305784nm y=-402190nm
2026-08-18 10:00:45,208 - corrector.core.run - INFO - Random-walk step 6972/7000: motor target x=309030nm y=-402882nm
2026-08-18 10:00:50,665 - corrector.core.run - INFO - Random-walk step 6973/7000: motor target x=308993nm y=-402731nm
2026-08-18 10:00:56,955 - corrector.core.run - INFO - Random-walk step 6974/7000: motor target x=307328nm y=-404263nm
2026-08-18 10:01:02,394 - corrector.core.run - INFO - Random-walk step 6975/7000: motor target x=306602nm y=-404146nm
2026-08-18 10:01:08,345 - corrector.core.run - INFO - Random-walk step 6976/7000: motor target x=307435nm y=-403050nm
2026-08-18 10:01:13,593 - corrector.core.run - INFO - Random-walk step 6977/7000: motor target x=307511nm y=-402884nm
2026-08-18 10:01:19,628 - corrector.core.run - INFO - Random-walk step 6978/7000: motor target x=306678nm y=-403081nm
2026-08-18 10:01:25,082 - corrector.core.run - INFO - Random-walk step 6979/7000: motor target x=303917nm y=-403176nm
2026-08-18 10:01:30,818 - corrector.core.run - INFO - Random-walk step 6980/7000: motor target x=303735nm y=-403503nm
2026-08-18 10:01:36,598 - corrector.core.run - INFO - Random-walk step 6981/7000: motor target x=307451nm y=-400445nm
2026-08-18 10:01:42,598 - corrector.core.run - INFO - Random-walk step 6982/7000: motor target x=306389nm y=-398629nm
2026-08-18 10:01:48,394 - corrector.core.run - INFO - Random-walk step 6983/7000: motor target x=307671nm y=-398515nm
2026-08-18 10:01:53,658 - corrector.core.run - INFO - Random-walk step 6984/7000: motor target x=307476nm y=-398459nm
2026-08-18 10:01:59,628 - corrector.core.run - INFO - Random-walk step 6985/7000: motor target x=307206nm y=-397768nm
2026-08-18 10:02:05,067 - corrector.core.run - INFO - Random-walk step 6986/7000: motor target x=307122nm y=-397811nm
2026-08-18 10:02:10,991 - corrector.core.run - INFO - Random-walk step 6987/7000: motor target x=307552nm y=-399761nm
2026-08-18 10:02:16,506 - corrector.core.run - INFO - Random-walk step 6988/7000: motor target x=307637nm y=-399730nm
2026-08-18 10:02:22,616 - corrector.core.run - INFO - Random-walk step 6989/7000: motor target x=307487nm y=-400606nm
2026-08-18 10:02:28,113 - corrector.core.run - INFO - Random-walk step 6990/7000: motor target x=305648nm y=-396014nm
2026-08-18 10:02:34,170 - corrector.core.run - INFO - Random-walk step 6991/7000: motor target x=303946nm y=-397203nm
2026-08-18 10:02:39,682 - corrector.core.run - INFO - Random-walk step 6992/7000: motor target x=304608nm y=-397186nm
2026-08-18 10:02:45,181 - corrector.core.run - INFO - Random-walk step 6993/7000: motor target x=304664nm y=-396975nm
2026-08-18 10:02:51,399 - corrector.core.run - INFO - Random-walk step 6994/7000: motor target x=305987nm y=-397873nm
2026-08-18 10:02:56,878 - corrector.core.run - INFO - Random-walk step 6995/7000: motor target x=306253nm y=-397176nm
2026-08-18 10:03:02,514 - corrector.core.run - INFO - Random-walk step 6996/7000: motor target x=304120nm y=-397411nm
2026-08-18 10:03:08,528 - corrector.core.run - INFO - Random-walk step 6997/7000: motor target x=303381nm y=-396946nm
2026-08-18 10:03:14,030 - corrector.core.run - INFO - Random-walk step 6998/7000: motor target x=303155nm y=-397434nm
2026-08-18 10:03:19,911 - corrector.core.run - INFO - Random-walk step 6999/7000: motor target x=303864nm y=-396891nm
2026-08-18 10:03:25,469 - corrector.core.run - INFO - Random-walk step 7000/7000: motor target x=303341nm y=-396960nm
2026-08-18 10:03:31,167 - corrector.core.run - INFO - Random walk finished; returning to base
2026-08-18 10:03:40,648 - flexsem.state.manager - INFO - Disconnecting from 192.168.1.1:3000
2026-08-18 10:03:40,648 - flexsem.state.manager - INFO - Connection aborted on listening socket.
2026-08-18 10:03:40,648 - flexsem.state.manager - INFO - Disconnected from 192.168.1.1:3000
2026-08-18 10:03:40,649 - corrector.core.run - INFO - Disconnected; dataset remains at hysteresis_dataset_20260817_224830_446197.jsonl
